student_id,age,gender,gaming_hours,study_hours,sleep_hours,attendance,gaming_genre,social_activity,device_usage,reaction_time_ms,addiction_score,stress_level,grades,letter_grade
1,22,Male,7.23,8.78,6.96,91.44,FPS,3.25,9.36,235.84,14.69,Low,86.45955466333767,B
2,19,Male,0.07,8.72,7.63,63.63,Casual,1.02,3.21,328.71,2.47,Medium,98.23,A
3,23,Female,1.73,9.56,4.4,83.26,Casual,3.46,5.56,313.61,4.73,High,90.56,A-
4,20,Female,6.62,1.68,7.83,75.04,RPG,1.46,11.78,241.84,14.54,Low,32.67,F
5,22,Female,5.36,5.83,5.55,65.57,FPS,1.01,8.23,249.31,12.48,Low,58.71,F
6,18,Male,7.16,6.84,8.03,68.11,RPG,3.74,10.9,242.75,18.75,Low,57.52,F
7,22,Female,0.46,7.4,6.55,91.25,Casual,1.81,2.86,320.2,1.74,Medium,94,A
8,23,Female,4.78,6.79,5.37,66.46,FPS,2.85,9.96,271.21,11.75,Medium,62.11,D-
9,20,Female,4.55,7.93,8.76,72.5,FPS,1,9.48,272.39,11.04,Medium,80.94,B-
10,19,Male,0.29,4.24,7.83,71.39,Casual,3.07,5.39,318.59,4.72,Medium,82.34923549620179,B-
11,23,Female,4.11,2.61,8.93,61.95,RPG,1.04,5.4,273.33,10.57,Medium,52.31,F
12,23,Female,4.88,2.84,5.82,78.49,RPG,0.83,8.31,268.46,9.32,Medium,42.02,F
13,18,Male,1.53,1.11,7.25,90.64,FPS,1.93,3.21,287.14,3.55,Medium,63.05,D
14,21,Female,2.19,4.15,7.06,60.89,Casual,3.95,6.56,307.02,8.78,Medium,73.28,C
15,20,Male,5.12,1.83,7.44,64.5,FPS,0.88,7.68,263.06,10.85,Low,37.13,F
16,17,Male,3.75,3.89,4.19,88.81,Casual,0.59,8.62,266.54,12.72,Medium,57.02,F
17,23,Male,6.86,6.65,5.46,83.74,FPS,0.16,8.19,239.53,15.76,Low,62.09,D-
18,21,Female,2.74,9.05,8.55,88.61,Casual,2.08,6.31,300.31,10.78,Medium,100,A
19,17,Male,2.13,8.56,6.12,69.2,FPS,1.41,3.75,297.34,4.45,Medium,91.13,A-
20,20,Male,7.88,3.27,8.8,92.15,RPG,1.46,11.67,218.12,19.06,Low,42.31,F
21,16,Female,7.29,2.21,5.07,79.19,Casual,4.91,11.33,219.78,18.07,Low,18.54,F
22,21,Male,0.23,2.74,8.99,84.41,FPS,0.97,3.54,341.89,4.27,Medium,76.12,C
23,24,Female,6.17,9.74,7.49,63.69,FPS,2.29,8.57,228.57,14.25,Low,100,A
24,16,Female,0.88,5.95,7.88,68.2,Casual,4.93,2.04,312.81,4.57,Medium,92.02,A-
25,18,Female,0.22,2.64,5.98,90.93,FPS,0.15,4.53,311.49,1.33,Medium,56.32,F
26,22,Female,2.19,8.57,8.54,68.96,Casual,3.48,7.54,304.14,6.94,Medium,100,A
27,19,Female,2.15,4.56,6.73,63.7,FPS,1.86,6.82,282.04,3.66,Medium,75.09,C
28,24,Male,6.55,9.09,7.4,83.89,RPG,4.53,12.02,257.48,15.3,Low,88.42652901676423,B+
29,18,Female,5.69,3.35,4.47,81.92,FPS,4.56,11.34,250.47,12.5,Low,39.16,F
30,20,Male,7.85,4.54,7.16,84.32,Casual,1.94,11.1,223.6,17.99,Low,44.94,F
31,18,Female,5.69,5.54,8.4,84.73,FPS,1.11,10.18,248.59,15.6,Low,69.53,D+
32,22,Male,3.35,9.03,4.89,80.01,RPG,2.14,6.34,273.87,9.32,High,88.37,B+
33,20,Female,5.59,8.82,7.69,79.75,FPS,4.83,11.19,249.23,15.54,Low,88.78828867430884,B+
34,24,Female,8,6.17,4.13,96.97,RPG,1.41,11.81,231.18,18.1,Low,40.92761123181735,F
35,22,Female,5.68,3,8.63,81.36,FPS,4.91,10.44,234.62,13.46,Low,42.99,F
36,17,Male,6.09,4.63,8.91,84.69,FPS,4.1,7.16,239.43,10.37,Low,62.63,D-
37,19,Male,7.51,9.78,5.77,70.68,RPG,1.34,11.39,244.83,13.11,High,71.67337105144001,C-
38,24,Female,0.91,6.47,4.54,94.84,FPS,3.96,5.62,308.18,1.16,Medium,83.48,B
39,17,Female,5.64,8.03,7.29,60.97,Casual,0.25,7.93,246.6,11.1,Low,74.54685540039097,C
40,24,Male,6.81,5.05,4.15,82.29,Casual,2.74,7.88,225.53,15.98,Low,30.39,F
41,20,Other,7.64,5.79,6.41,75.35,RPG,1.79,12.36,216.62,15.18,Low,38.94,F
42,17,Female,1.69,4.86,5.36,84.16,FPS,2.13,4.38,309.54,3.08,Medium,79.96,C+
43,19,Male,4.03,7.33,6.37,74.41,RPG,2.36,7.17,263.41,8.69,Medium,86.79,B
44,22,Female,5.44,8.66,4.09,88.71,FPS,2.51,9.25,262.77,15.36,High,77.6456270607162,C+
45,23,Female,1.98,5.57,4.26,60.81,Casual,3.28,3.53,286.43,4.66,Medium,69.57,D+
46,18,Male,4.8,5.33,4.08,76.24,FPS,3.48,6.32,261.14,10.63,Medium,55.77,F
47,16,Male,2.06,4.06,7.1,93.25,FPS,4.88,7.86,294.59,7.84,Medium,74.5,C
48,19,Female,2.67,2.59,6.8,70.01,FPS,3.81,5.36,280.42,9.47,Medium,56.86,F
49,17,Female,3.53,9.45,5.17,62.11,Casual,3.44,5.81,278.41,8.37,High,86.86,B
50,23,Male,4.23,3.84,7.23,79.86,Casual,1.96,5.47,248.08,5.55,Medium,64.03,D
51,19,Female,3.59,8.21,8.42,99.06,FPS,0.59,5.46,276.03,8.37,Medium,99.32,A
52,17,Female,3.95,7.44,5.39,62.57,Casual,0.29,7.1,277.05,12.36,High,66.87,D
53,21,Female,2.39,8.12,8.16,62.8,FPS,2.39,5.1,282.97,7.42,Medium,93.83,A
54,21,Male,1.27,9.43,7.31,83.8,Casual,3.34,4.39,306.89,4.53,Medium,100,A
55,19,Female,0.38,6.61,4.17,70,RPG,3.25,4.9,316.97,3.73,Medium,78.34,C+
56,21,Male,1.57,9.08,5.88,76.41,Casual,4.76,5.78,303.1,1.57,High,100,A
57,17,Male,4.66,2.51,6.54,93.22,FPS,1.91,8.13,250.63,7.1,Medium,57.56,F
58,17,Male,6.29,6.64,7.66,67.95,RPG,3.14,11.36,245.47,16.9,Low,63.94,D
59,19,Female,1.35,7.95,5.44,88.77,RPG,4.44,6.64,286.58,7.92,High,85.12,B
60,23,Female,0.87,3.44,8.91,80.18,FPS,2.02,4.82,303.27,2.46,Medium,85.67,B
61,22,Male,5.99,7.67,7.42,96.2,FPS,2.39,7.58,248.08,13.16,Low,96.57122032899532,A
62,24,Female,2.44,8.01,5.86,98.92,Casual,4.61,5.47,292.8,7.64,High,88.95,B+
63,23,Male,7.61,8.48,4.49,79.4,RPG,2.75,11.78,216.59,20.63,High,54.03650726930501,F
64,20,Male,5.71,3.82,4.91,83.39,RPG,4,7.02,248.64,11.92,Low,47.48,F
65,17,Other,2.61,7.13,6.44,89.83,FPS,4.68,3.71,296.63,7.25,Medium,87.33,B+
66,20,Female,2.32,3.74,6.47,72.75,FPS,2.86,8.06,282.36,11.5,Medium,60.14,D-
67,23,Male,4.19,7.65,7.84,69.07,Casual,0.55,8.84,248.18,10.14,Medium,77.07,C+
68,24,Female,0.63,5.17,7.63,98.59,Casual,4.11,2.4,317.74,2.27,Medium,100,A
69,24,Male,0.94,6.38,5.01,77.3,Casual,4.09,4.17,299.3,1.28,Medium,83.62,B
70,16,Male,1.41,4.74,6.97,60.06,Casual,0.57,3.38,296.69,1.69,Medium,74.6,C
71,24,Female,6.2,2.46,4.1,93.51,Casual,2.74,7.25,246.91,14.68,Low,35.48,F
72,22,Female,4.11,2.6,5.99,83.99,FPS,2.44,7.07,271.45,12.09,Medium,47.64,F
73,24,Male,0.08,1.7,7.82,66.74,FPS,4.24,4.32,329.26,4.61,Medium,67.51,D+
74,23,Female,5.39,6.56,6,61.21,Casual,1.37,11.16,252.9,11.6,Low,59.6,F
75,16,Female,3.39,8.64,8.18,71.66,FPS,2.13,8.24,280,8.79,Medium,91.88,A-
76,23,Male,4.09,1.19,8.88,97.12,Casual,3.02,6.24,253.99,10.21,Medium,66.67188190516212,D
77,23,Female,1.71,1.6,7.04,97.34,Casual,2.59,4.39,305.76,0.21,Medium,70.18,C-
78,18,Female,4.41,5.12,4.73,72.44,RPG,4.78,8.01,260.17,11.53,Medium,56.85,F
79,16,Female,7.83,7.64,5.9,93.44,FPS,4.8,9.79,258.35,20.4,High,70.03082865031259,C-
80,23,Female,0.59,2.42,4.05,77.67,RPG,0.41,5.75,310.78,6.03,Medium,72.47994815879551,C-
81,18,Female,2.27,3.44,7.01,86.17,Casual,1.49,4.11,297,0.64,Medium,69.75,D+
82,18,Male,1.94,3.09,8.11,73.38,Casual,0.04,4.39,303.1,5.9,Medium,63.05,D
83,16,Female,1.99,4.59,7.15,80.64,FPS,2.09,5.88,295.23,6.36,Medium,84.1,B
84,20,Female,3.03,3.02,7.93,71.75,Casual,3.31,4.65,288.01,7.41,Medium,59.51,F
85,22,Male,6.54,4.17,8,62.44,RPG,2.36,10.66,264.07,15.35,Low,33.85,F
86,24,Female,7.3,7.56,8.26,65.58,FPS,0.34,13.02,224.86,16.81,Low,75.84021103153083,C
87,22,Female,1.62,6.5,5.33,71.63,FPS,0.98,6.08,278.13,0.82,Medium,84.88,B
88,24,Female,4.34,1.73,8.36,99.05,RPG,0.87,9.4,254.89,11.83,Medium,51.42,F
89,23,Male,5.1,6.74,7.27,98.63,FPS,2.56,8.29,268.77,13.05,Low,70.14,C-
90,17,Male,4.17,5.29,5.45,93.11,FPS,3.39,7,265.17,8.64,Medium,71.42,C-
91,16,Female,3.47,9.41,8.94,69.3,FPS,1.58,6.11,301.68,10.78,Medium,100,A
92,22,Male,1.54,3.6,8.75,77.66,Casual,0.65,5.84,308.79,1.95,Medium,77.12,C+
93,22,Female,3.91,7.54,6.87,77.59,FPS,3.99,7.5,266.55,6.16,Medium,83.85,B
94,23,Male,3.21,7.58,8.22,75.48,FPS,4.29,6.57,273.69,8.27,Medium,87.4,B+
95,20,Male,6.36,2.99,5.31,61.8,FPS,1.38,7.86,239.22,12.11,Low,28.37,F
96,18,Male,6.11,9.13,6.08,81.38,Casual,2.1,10.48,226.04,16.35,Low,89.86994366733958,B+
97,23,Male,1.07,5.42,4.92,62.91,Casual,0.41,5.7,309.94,3.6,Medium,61.04,D-
98,21,Female,0.71,7.11,6.6,92.08,Casual,1.14,2.69,318.42,5.13,Medium,96.03,A
99,18,Male,7.27,2.31,6.48,87.65,RPG,3.84,12.07,223.09,15.5,Low,26.04,F
100,16,Male,4.28,3.32,5.06,74.11,RPG,1.83,9.68,253.12,11.55,Medium,40.98,F
101,18,Male,6.86,6.27,7.36,85.89,RPG,3.02,8.73,228.57,10.69,Low,50.57,F
102,20,Female,0.47,3.87,4.59,69.32,RPG,4.73,3.73,324.33,2.46,Medium,60.64,D-
103,18,Male,4.21,5.5,4.31,70.61,FPS,3.62,9.59,277.51,11.26,Medium,52.38,F
104,16,Female,4.32,4.37,5.92,72.57,RPG,2.27,7.76,270.31,12.78,Medium,56.97,F
105,20,Female,6.89,6.76,6.05,91.88,FPS,1.83,11.97,253.74,13.3,Low,55.43,F
106,22,Female,0.78,5.38,5.6,68.43,Casual,0.95,2.86,293.75,2.03,Medium,74.27,C
107,22,Female,1.92,1.04,5.29,82.51,RPG,3.78,3.24,294.88,7.41,Medium,53.47,F
108,24,Female,3.25,6.85,5.69,68.02,RPG,0.56,4.55,286.6,10.32,Medium,70.23,C-
109,18,Female,6.93,4.8,4.82,71.4,RPG,0.31,12.79,244.74,15.12,Low,28.03,F
110,22,Male,7.51,4.08,6.02,69.42,Casual,0.52,9.33,237.92,14.56,Low,39.29,F
111,16,Male,7.94,1.85,8.52,85.8,RPG,1.21,13.26,231.96,15.14,Low,25.78,F
112,19,Male,7.67,2.98,5.12,81.07,RPG,3.14,10.25,241.15,12.38,Low,19.15,F
113,19,Female,0.05,3.01,7.42,88.85,FPS,4.31,1.25,327.01,-0.08,Medium,81.44,B-
114,20,Other,0.38,9.42,4.71,68.8,FPS,4.96,2.58,303.9,0.57,High,100,A
115,22,Female,1.18,4.89,5.77,60.37,FPS,3.66,4.71,301.29,8.25,Medium,87.7929048115807,B+
116,22,Male,2.79,1.38,5.61,87.22,FPS,0.73,4.32,269.57,7.04,Medium,45.61,F
117,19,Female,6.64,2.25,8.69,64.59,Casual,1.39,12.25,250.28,15.67,Low,41.83028579191895,F
118,22,Male,7.14,1.71,6.14,69.85,Casual,0.66,12.64,246.27,18.34,Low,20.54,F
119,18,Male,1.49,6.3,7.45,72.23,FPS,0.58,3.24,289.92,5.91,Medium,100,A
120,21,Male,4.96,2.68,7.01,89.87,FPS,2.84,9.65,256.68,14.69,Medium,51.09,F
121,17,Male,7.34,5.49,4.71,85.04,RPG,4.53,10.64,214.37,16.85,Low,39.84,F
122,24,Female,3.71,4.33,8.7,67.37,RPG,3.42,9.62,274.27,10.33,Medium,61.63,D-
123,20,Male,0.83,8.23,5.73,83.92,Casual,4,2.11,301.77,2.62,High,95.807341272612,A
124,21,Male,3.66,3.88,4.22,88.33,RPG,2.54,7.02,264.4,8.88,Medium,59.43,F
125,19,Female,3.01,5.12,5.5,75.56,Casual,2.38,5.44,283.63,6.18,Medium,66.67,D
126,22,Female,4.62,7.49,5.68,69.84,FPS,4.69,9.25,283.38,13.64,High,70.99,C-
127,24,Female,3.51,4.9,4.46,87.16,FPS,3.61,5.07,285.83,7.41,Medium,65.6,D
128,22,Male,0.14,8.14,7.1,84.44,Casual,2.3,4.28,315.8,0.32,Medium,100,A
129,16,Female,7.95,6.96,5.73,63.12,FPS,1.66,13.69,224.11,18.81,Low,42.39,F
130,16,Female,4.35,4.69,7.15,86.67,FPS,0.47,7.62,286.58,11.77,Medium,67.78,D+
131,24,Male,3.79,5.54,4.03,79.54,FPS,4.1,7.06,287.11,6.3,Medium,59.16,F
132,24,Female,7.64,9.7,8.91,90.13,RPG,0.85,11.12,225.21,16.48,Low,91.92017996885592,A-
133,19,Male,1.25,6.95,4.85,67.63,FPS,2.58,4.33,310.01,2.44,Medium,88.17,B+
134,24,Male,1.51,9.14,7.3,70.33,Casual,3.19,4.75,291.89,9.01,Medium,100,A
135,18,Female,6.46,2.61,7.58,81.73,Casual,3.72,9.78,242.73,14.76,Low,32.41,F
136,22,Female,2.09,5.35,4.86,79.27,Casual,0.42,8.08,302.56,10.28,Medium,69.69,D+
137,21,Male,6.39,9.18,4.56,75.45,FPS,0.05,7.97,253.52,14.06,High,78.39667652392087,C+
138,23,Female,2.17,3.9,4.76,89.84,Casual,3.53,4.6,287.56,6.22,Medium,66.62,D
139,24,Female,0.27,9.71,5.23,82.59,Casual,2.27,2.32,326.78,1.44,High,100,A
140,20,Female,4.14,1.87,4.84,88.41,FPS,0.91,7.86,271.8,9.69,Medium,36.37,F
141,16,Male,1.57,9.12,7.37,66.13,FPS,4.91,2.58,298.27,3.5,Medium,100,A
142,18,Female,6.06,5.01,6.1,89.16,RPG,3.96,11.67,266.37,13.61,Low,58.11,F
143,23,Male,5.13,1.66,6.69,78.46,Casual,2.89,8.79,254.84,12.07,Low,38.84,F
144,21,Female,7.39,8.92,4.24,61.35,FPS,3.51,12.87,220.24,14.27,High,46.6012417873633,F
145,23,Male,6.26,3.27,8.31,69.38,RPG,0.78,8.98,238.16,14.23,Low,43.73,F
146,24,Male,1.45,1.2,4.85,61.03,Casual,4.81,3.2,309.86,1.37,Medium,36.76,F
147,19,Female,6.4,2.22,5.8,78.27,FPS,4.98,8.36,233.33,13.97,Low,27.41,F
148,16,Male,5.13,6.93,4.36,73.04,FPS,3.24,8.48,266.73,12.58,Low,47.64,F
149,16,Male,5.35,9.8,4.68,99.5,Casual,3.34,6.55,247.27,14.13,High,93.1874744469936,A
150,19,Male,6.66,2,7.33,94.74,FPS,3.52,11.57,239.33,16.41,Low,37.92,F
151,22,Female,4.59,5.16,7.46,93.03,Casual,3.33,9.54,287.02,11.12,Medium,67.61,D+
152,17,Male,3.73,2.63,7.38,80.04,Casual,2.19,8.24,266.41,8.46,Medium,60.65,D-
153,18,Female,5.09,7.71,6.76,92.28,FPS,2.7,10.57,238.72,14.35,Low,88.72625736509066,B+
154,16,Male,2.38,2.06,8.76,70.67,FPS,1.41,6.13,305.11,6.44,Medium,55.64,F
155,20,Male,1.46,3.16,6.54,82.43,FPS,2.23,4.86,288.48,3.12,Medium,75.82,C
156,16,Male,4.93,2.77,6.25,75.72,FPS,2.18,8.58,252.72,11.99,Medium,45.89,F
157,23,Female,1.87,5.97,5.24,66.85,Casual,1.44,3.78,304.85,0.98,Medium,89.36176029714849,B+
158,16,Male,0.64,8.86,4.49,62.9,RPG,3.93,4.2,319.21,3.22,High,92.51,A-
159,16,Male,0,5.6,6.74,82.33,Casual,2.05,3.71,296.26,0.29,Medium,87.61,B+
160,17,Other,4.87,1.52,5.57,63.91,RPG,2.76,9.69,258.13,11.5,Medium,24.11,F
161,17,Female,2.9,6.07,6.62,88.72,RPG,0.78,5.64,293.72,11.16,Medium,83.7,B
162,21,Male,6.02,8.18,5.03,96.86,Casual,2.37,7.48,268.05,11.8,High,79.88433064435151,C+
163,22,Male,3,2.19,8.19,66.48,Casual,3.81,6.99,271.61,9.57,Medium,65.00348539565958,D
164,20,Female,3.89,1.65,9,78.84,Casual,2.22,8.83,284,12.35,Medium,65.36,D
165,16,Male,3.26,2.69,5.61,89.55,FPS,2.79,9.11,274.26,11.15,Medium,59.71,F
166,16,Male,5.2,7.71,8.21,71.47,Casual,3.51,6.65,268.02,11.87,Low,87.54960154278523,B+
167,18,Female,2.85,6.33,8.36,96.83,RPG,1.94,7.58,275.4,5.85,Medium,91.21,A-
168,17,Female,7.71,5.87,8.98,95.54,Casual,1.77,11.69,225.18,16.11,Low,54.9,F
169,20,Female,7.49,3.25,5.71,64.15,RPG,0.43,8.57,233.99,13.19,Low,8.97,F
170,21,Male,6.78,3.99,7.78,61.1,FPS,2.91,11.37,248.18,15.15,Low,38.31,F
171,22,Male,7.36,9.69,5.14,99.06,FPS,3.53,8.49,237.38,14.6,High,76.60309521096231,C
172,19,Female,3.59,3.17,7.12,98.26,FPS,2.91,8.52,272.63,7.82,Medium,64.98,D
173,22,Male,4.29,9.11,7.52,76.89,FPS,1.42,8.9,263.5,11.98,Medium,87.45,B+
174,23,Female,5.94,6.22,7.71,62.02,RPG,1.31,10.38,266.51,13.11,Low,58.92,F
175,16,Female,5.57,2.11,5.04,84.76,Casual,0.8,7.17,255.93,11.21,Low,38.19,F
176,21,Male,7.13,5.21,8.24,71.74,FPS,0.23,12.73,229.69,13.92,Low,48.45,F
177,23,Female,5.73,9.54,6.1,97.47,FPS,2.13,11.22,256.62,14.34,Low,85.6199900584634,B
178,20,Female,7.98,4.77,5.08,91.79,Casual,0.8,13.48,230.47,18.52,Low,27.24,F
179,19,Female,2.79,8.77,6.71,85.98,FPS,3.45,5.59,272.99,5.78,Medium,99.39,A
180,17,Male,6.66,3.31,8.32,71.38,Casual,4.81,10.12,244.94,15.81,Low,43.94,F
181,21,Male,5.58,6.14,8.84,88.05,FPS,0.37,7.15,237.98,12.18,Low,76.8165965307675,C
182,21,Female,5.53,8.59,7.74,71.57,RPG,4.46,6.79,247.19,12.87,Low,88.5609535265387,B+
183,16,Male,2.61,9.29,4.03,61.51,FPS,3.29,3.9,278.82,7.13,High,86.4,B
184,24,Other,6.28,5.37,4.67,80.34,Casual,4.3,10.12,243.35,15.91,Low,52.13,F
185,21,Male,7.2,6.76,4.38,79.55,Casual,0.77,9.81,229.23,19.04,Low,44.19,F
186,18,Female,1.75,1.03,4.51,90.52,Casual,4.53,5.65,297,5.71,Medium,58.84461279165568,F
187,19,Male,5,3.28,5.92,94.63,FPS,4.79,8.96,241.05,10.09,Medium,47.54,F
188,19,Female,3.14,3.51,5.69,74.18,Casual,4.53,8.68,281.56,8.19,Medium,55.66,F
189,18,Male,7.92,1.84,4.57,77.98,Casual,3.93,13.33,213.95,17.74,Low,15.08,F
190,18,Male,3.83,3.52,8.41,78.82,RPG,0.45,8.42,296.88,8.12,Medium,64.14,D
191,18,Male,1.83,3.89,7.08,72.97,RPG,1.1,6.92,294.04,1.18,Medium,76.1,C
192,19,Female,3.05,9.72,7.98,89.74,Casual,4.57,4.07,280.82,7.07,Medium,99.4,A
193,22,Male,5.23,7.02,5.86,80.88,RPG,1.15,6.31,264.19,11.07,High,81.77816661012079,B-
194,19,Female,0.61,4.83,6.05,96.56,FPS,1.74,3.9,325.9,6.69,Medium,87.88,B+
195,24,Female,4.83,9.89,5.59,86.01,Casual,0.25,9.1,250.26,15.5,High,84.79,B
196,16,Male,7.45,2.38,6.19,68.48,RPG,3.14,12.42,236.33,18.74,Low,25.109089330088057,F
197,23,Female,6.8,5.28,7.05,66.59,Casual,2.82,10.04,248.06,16.35,Low,50.29,F
198,22,Male,0.54,6.82,6.46,74.9,RPG,4.81,6.24,315.37,2.27,Medium,100,A
199,17,Other,7.95,1.5,8.19,73.88,FPS,4.46,13.02,226.25,18.81,Low,10.67,F
200,23,Female,5.59,7.45,8.5,76.29,RPG,2.53,7.1,247.8,11.7,Low,80.40250608471575,B-
201,16,Male,1.3,1.9,6.35,67.34,Casual,3.05,4.5,301.18,4.49,Medium,57.07,F
202,24,Male,0.1,2.26,5.2,99.13,FPS,2.07,6.07,317.72,1.65,Medium,69.24,D+
203,24,Male,1.37,2.44,8.73,65.83,RPG,0.66,4.42,299.3,5.1,Medium,72.87,C-
204,17,Other,6.71,9.36,7.68,86.11,FPS,4.34,9.64,248.36,12.15,Low,83.66114802329601,B
205,22,Male,0.17,7.15,7.2,60.52,RPG,2.75,2.64,309.24,7.65,Medium,82.63,B-
206,18,Female,1.87,6.9,7.73,76.28,Casual,2.13,5.3,306.11,8.35,Medium,100,A
207,22,Male,6.06,6,4.38,72.37,RPG,0.34,10.71,260.56,17.1,Low,44.39,F
208,24,Female,4.69,3.64,4.34,75.28,RPG,3.33,5.93,267.42,7.45,Medium,35.68,F
209,19,Male,6.26,6.59,4.77,79.92,FPS,2,11.44,226.99,11.87,Low,47.86,F
210,16,Female,5.97,4.69,4.74,84.02,RPG,1.27,11.56,254.48,15.28,Low,41.01,F
211,17,Female,0.4,2.31,6.1,83.34,RPG,4.38,5.31,308.76,2.65,Medium,61.26,D-
212,16,Female,7.14,7.21,4.79,85.23,Casual,0.92,12.72,229.04,20.77,High,51.617656377514194,F
213,20,Male,1.82,2.17,8.27,93.78,Casual,2.58,3.29,301.78,5.63,Medium,75.94975519720927,C
214,20,Male,4.43,2.72,6.89,95.47,RPG,3.98,7.68,277.89,10.4,Medium,65.72,D
215,22,Male,5.15,8.36,5.84,89.49,Casual,4.25,6.51,241.59,13.94,High,85.86751605822991,B
216,24,Female,1.35,6.94,4.35,63.16,Casual,4.09,6.53,304.38,5.65,Medium,77.79,C+
217,24,Male,7.81,6.68,6.96,98.45,FPS,4.48,13.57,246.2,18.96,Low,55.69,F
218,18,Female,3.91,4.76,4.58,97.9,RPG,0.71,6.4,262.09,11.15,Medium,61.59,D-
219,18,Male,0.46,4.57,7.72,88.47,Casual,4.7,4.14,312.48,1.41,Medium,79.68,C+
220,18,Female,7.5,7.21,8.01,80.7,Casual,0.05,9.99,223.84,18.28,Low,63.16524500862786,D
221,19,Female,4.69,7.66,6.72,70.02,FPS,1.28,7.58,270.75,11.96,Medium,70.88,C-
222,23,Female,5.59,5.59,4.75,90.25,Casual,0.42,8.97,240.42,11.03,Low,52.27,F
223,21,Male,4.2,9.72,7.93,95.11,RPG,4.73,9.15,253.9,14.79,Medium,100,A
224,23,Male,6.68,9.6,5.54,86.61,FPS,2.12,8.41,248.16,13.31,High,71.60454711361115,C-
225,16,Male,0.27,4.71,5.11,85.16,Casual,1.58,2.06,319.15,-1.83,Medium,86.37,B
226,23,Male,2.15,8.39,6.35,67.72,Casual,0.84,4.16,282.34,3.75,Medium,100,A
227,19,Female,3.76,5.89,8.61,74.31,RPG,0.78,5.03,274.2,6.08,Medium,79.72,C+
228,16,Female,0.61,5.61,5.49,88.93,FPS,3.07,4.83,299.86,3.72,Medium,81.47,B-
229,23,Female,5.65,1.49,8.53,60.68,Casual,0.24,7.6,261.42,15.52,Low,31.58,F
230,19,Male,3.15,6.17,4.27,85.65,RPG,2.97,6.34,284.98,8.39,Medium,71.51,C-
231,21,Female,2.18,9.11,4.42,90.67,FPS,3.87,6.61,286.69,9.75,High,92.52,A-
232,23,Female,0.03,8.02,7.49,73.39,FPS,3.01,3.27,313.84,3.81,Medium,100,A
233,19,Female,5.76,8.08,4.95,63.05,FPS,4.13,11.29,246.29,8.95,High,75.26141396754363,C
234,18,Male,6.67,2.44,5.58,92.76,RPG,1.33,11.52,229.21,17.56,Low,26.08,F
235,24,Male,3.16,4.23,4.68,65.67,FPS,0.39,5.53,295.48,6.34,Medium,49.13,F
236,18,Male,4.51,3.1,5.66,74.83,FPS,3.6,6.16,277.51,10.87,Medium,49.38,F
237,24,Female,1.82,3.84,5.4,88.29,Casual,4.14,7.29,294.15,6.26,Medium,74.69,C
238,17,Female,4.98,6.22,7.68,92.68,Casual,2.51,7.96,257.09,17.02,Medium,68.05,D+
239,17,Male,0.1,4.28,7.51,94.5,FPS,4.1,3.01,307.57,2.53,Medium,81.72,B-
240,17,Male,3.91,6.05,8.77,81.22,FPS,2.29,8.96,271.47,11.51,Medium,79.51,C+
241,21,Female,5.15,4.95,7.62,79.03,RPG,0.99,6.2,263.09,12.98,Low,60.33,D-
242,18,Female,7.35,3.58,7.47,93.93,FPS,2.37,10.61,243.61,13.35,Low,39.33,F
243,24,Male,3.05,1.86,7.47,82.52,FPS,1.08,7.62,274.44,10.55,Medium,59.64,F
244,19,Female,6.12,9.03,8.41,83.15,FPS,2.36,11.36,229.71,14.43,Low,93.92768602159194,A
245,16,Other,4.78,1.1,5.48,77.36,Casual,0.74,10.21,252.57,10.89,Medium,31.23,F
246,19,Female,7.42,1.01,5.5,74.91,Casual,0.93,10.75,236.52,18.15,Low,6.33,F
247,16,Male,3.19,8.44,7.71,79.22,Casual,4.41,8.43,281.28,6.02,Medium,94.69,A
248,20,Female,2.55,9.97,5.14,74.59,RPG,0.58,3.73,299.32,7.57,High,94.47,A
249,19,Female,7.1,7.54,8.56,73.74,Casual,1.12,9.63,235.22,15.15,Low,77.56969391708812,C+
250,23,Male,0.39,1.14,6.67,99.75,RPG,4.98,1.44,331.48,1.1,Medium,57.2,F
251,23,Female,1.09,3.04,5.5,73.45,RPG,2.88,2.92,291.06,-1.39,Medium,71.38,C-
252,22,Female,0.66,9.75,7.88,70.26,RPG,2.93,5.28,287.18,5.43,Medium,100,A
253,18,Female,6.74,8.28,5.56,74.16,Casual,4.22,7.76,252.65,14.49,High,65.39178514870629,D
254,16,Male,0.08,6.1,8.82,83.63,FPS,2.62,3.7,311.08,1.04,Medium,100,A
255,16,Female,6.89,3.13,8.91,96.44,FPS,1.11,9.96,238.7,13.46,Low,48.33,F
256,18,Female,3.61,1.13,7.33,91.51,Casual,2.11,5.22,278.02,9.59,Medium,42.9,F
257,21,Male,0.03,1.19,4.57,93.69,FPS,3.78,4.46,322.91,2.97,Medium,55.02,F
258,22,Female,3.21,6.51,5.32,94.36,FPS,4.36,7.68,276.74,8.67,Medium,75.45,C
259,21,Female,1.49,1.2,6.58,96.82,RPG,1.37,6.12,292.6,3.32,Medium,66.31,D
260,21,Female,5,9.94,8.26,69.4,FPS,1.31,9.83,249.68,13.02,Medium,98.99,A
261,21,Male,5.43,2.65,4.92,78.33,FPS,1.64,8,260.88,12.63,Low,31.24,F
262,18,Female,3.9,7.4,4.52,75.41,FPS,2.98,9.87,280.91,13.42,High,71.64,C-
263,21,Male,0.32,2.4,4.37,75.28,RPG,1.39,1.68,313.66,-1.07,Medium,58.41,F
264,23,Male,5.25,5.86,6.53,86.09,FPS,4.47,9.49,251.03,11.19,Low,69.82,D+
265,17,Female,6.74,1.73,8.42,76.07,RPG,4.89,12.59,244.81,20.29,Low,45.54723404249764,F
266,20,Male,5.76,7.9,4.21,84.65,FPS,3.4,7.88,236.06,12.96,High,62.45329605631551,D-
267,16,Female,6.64,6.26,5.06,75.29,FPS,4.85,9.03,259.82,14.98,Low,40.59,F
268,16,Male,1.6,1.78,7.47,72.45,Casual,1.44,5.48,305.32,7.07,Medium,73.36607638135598,C
269,20,Male,7.11,8.64,8.13,74.12,Casual,4.08,12.02,233.09,20.3,Low,80.06783136209714,B-
270,18,Male,2.58,5.92,8.04,92.15,RPG,3.39,5.22,297.34,4.16,Medium,82.12,B-
271,19,Other,0.11,9.29,7.93,84.04,FPS,1.32,5.29,324.99,7.17,Medium,100,A
272,18,Female,6.75,9.25,4.65,98.96,FPS,1.59,8.96,241.35,14.52,High,72.96353862220805,C-
273,16,Female,7.53,9.28,5.99,93.31,Casual,2.44,12.9,210.74,18.27,High,81.5276491754453,B-
274,16,Male,5.24,1.7,8.92,79.43,FPS,3.96,7.5,261.23,11.73,Low,43.52,F
275,20,Male,1.85,2.09,8.94,69.7,Casual,4.36,5.94,312.36,8.74,Medium,74.46761425004254,C
276,21,Other,2.01,9.89,7.01,86.96,RPG,3.17,4.8,290.33,7.33,Medium,100,A
277,18,Male,3.73,5.39,7.55,89.07,Casual,3.61,6.34,284.83,8.48,Medium,78.64,C+
278,24,Male,7.18,3.14,8.76,78.57,RPG,1.32,9.95,242.33,13.49,Low,40.44,F
279,20,Female,1.2,7.93,6.25,69.2,RPG,3.71,4.7,308.54,3.66,Medium,100,A
280,23,Male,6.61,3.38,4.68,82.29,FPS,3.02,11.84,242.38,13.16,Low,30.56,F
281,16,Female,2.33,7.54,7.34,70.15,RPG,1.11,7.13,297.64,8.84,Medium,87.65,B+
282,20,Female,6.47,8.54,8.8,97.6,Casual,4.75,9.72,246.52,13.21,Low,100,A
283,18,Male,7.36,8.06,7.49,85.16,FPS,2.56,9.77,250.59,15.72,Low,79.98816052310234,C+
284,16,Male,3.42,3.47,8.02,71.68,FPS,3.97,8.69,288.63,11.82,Medium,59.69,F
285,19,Male,2.92,4.61,6.11,68.63,FPS,2.63,8.27,292.03,10.13,Medium,70.3880198608261,C-
286,20,Female,6.42,4.72,4.48,88.67,RPG,4.66,9.69,253.53,15.24,Low,41.4,F
287,22,Female,4.24,5.42,4.84,88.31,FPS,0.71,8.72,276.2,9.13,Medium,59.88,F
288,16,Male,5.48,2.51,8.91,83.89,Casual,2.73,8.33,233.43,13.36,Low,51.12,F
289,18,Male,4.98,5.07,6.47,84.57,RPG,0.13,6.73,259.07,9.24,Medium,53.01,F
290,17,Female,1.22,5.6,4.06,84.15,Casual,0.99,3.83,299.16,4.73,Medium,75.61,C
291,24,Female,6.76,5.79,8.78,74.4,Casual,1.41,11.17,242.16,13.11,Low,59.18,F
292,21,Male,1.57,8.38,6.49,97.5,FPS,2.36,6.42,295.59,7.98,Medium,100,A
293,18,Male,7.46,5.66,8.18,79.17,FPS,4.1,12.72,236.39,17.95,Low,45.22,F
294,23,Male,2,3.08,6.74,60.81,Casual,2.33,3.09,291.79,4.52,Medium,62.82,D-
295,23,Female,5.87,6.97,4.51,73.93,RPG,2.81,9.3,266.54,14.24,Low,51.23,F
296,17,Other,2.28,8.18,7.08,65.21,FPS,4.62,4.65,309.14,5.51,Medium,83.47,B
297,21,Male,2.54,3.87,8.99,74.54,Casual,3.78,6.96,275.05,7.43,Medium,66.96,D
298,22,Female,2.48,6.81,4.17,84.33,RPG,0.25,4.71,293.47,8.66,Medium,77.07,C+
299,17,Male,5.98,2.32,8.21,60.91,FPS,0.88,9.81,243.62,15.99,Low,36.24,F
300,17,Male,4.45,4.08,5.18,94.81,RPG,0.19,9.01,269.12,12.61,Medium,56.44,F
301,16,Male,7.06,9.18,5.97,84.41,Casual,0.35,11.91,241.15,17.05,High,70.80274440327398,C-
302,23,Female,2.46,9.2,5.86,71.81,FPS,1.69,4.81,277.69,5.46,High,94.34447456224008,A
303,16,Female,5.54,6.18,8.49,72.45,FPS,3.64,6.98,243.78,13.95,Low,62.33,D-
304,24,Female,6.02,7.32,6.52,78.63,FPS,1.22,8.11,239.27,11.26,Low,73.87454030472726,C
305,21,Male,1.21,8.69,6.24,69.92,Casual,1.96,5.21,299.97,7.99,Medium,100,A
306,22,Male,3.2,9.63,8.09,60.17,Casual,1.97,4.4,276.38,8.42,Medium,88,B+
307,22,Male,3.86,5.41,4.24,61.06,RPG,2.95,5.65,281.65,10.98,Medium,41.01,F
308,18,Female,2.85,6.05,4.43,74.31,RPG,4.46,8.83,288.02,9.63,Medium,73.93,C
309,17,Male,2.58,4.74,4.11,64.97,FPS,4.92,5.49,280.33,6.37,Medium,59.07,F
310,24,Female,5.49,1.65,7.44,60.89,RPG,3.02,8.97,250.92,14.62,Low,27.82,F
311,23,Male,1.73,4.81,6.63,94.37,Casual,2.53,2.79,275.54,1.18,Medium,82.97,B-
312,22,Male,5.68,8.12,8.38,70.97,RPG,3.41,9.64,272.04,12.16,Low,84.50682558011331,B
313,24,Male,7.48,8.24,6.49,80.12,Casual,3.34,10.11,230.42,15.89,Low,68.61906311714304,D+
314,19,Male,4.52,9.03,5.11,67.18,Casual,2.62,8.17,275.69,8.1,High,73.02,C
315,19,Male,4.89,1.46,8.03,61.87,FPS,3.68,8.52,269.25,12.87,Medium,32.07,F
316,16,Male,0.55,5.74,5.47,89.79,Casual,2.46,6.39,313.04,6.55,Medium,84.89,B
317,23,Female,6.92,1.97,8.68,65,FPS,4.98,9.26,213.14,11.59,Low,48.53101538539005,F
318,18,Female,2.28,2.81,5.25,61.03,RPG,0.24,6.13,287.06,5.65,Medium,51.93,F
319,22,Male,4.92,9.1,4.84,83.49,RPG,2.22,7.83,264.5,10.96,High,77.56,C+
320,17,Male,7.83,5.47,6.47,60.54,Casual,1.99,10.94,226.65,17.86,Low,39.66026183552589,F
321,17,Male,4.76,7.83,4.25,77.45,FPS,3.85,6.04,273.28,11.87,High,62.5,D-
322,22,Male,5.8,1.58,4.18,71.55,Casual,0.95,10.24,250.38,13.26,Low,17.69,F
323,21,Male,3.56,4.75,6.48,72.78,Casual,2.17,5.54,295.7,9.99,Medium,64.78,D
324,18,Female,0.48,7.07,5.08,60.16,FPS,3.49,3.82,303.64,2.81,High,86.06,B
325,24,Male,6.38,2.2,4.05,98.57,Casual,3.02,9.55,248.62,13.14,Low,32.9,F
326,21,Male,0.28,3.93,5.48,80.68,FPS,2.73,3.62,306.35,2.69,Medium,70.26,C-
327,21,Male,5.61,1.58,6.39,82.9,FPS,2.17,8.49,261.82,10.13,Low,41.96980279756957,F
328,16,Male,0.18,6.86,5.97,86.64,Casual,3.76,2.39,310.31,0.96,Medium,91.14,A-
329,19,Female,6.9,9.74,4.68,91.9,FPS,3.23,10.14,219.63,15.07,High,81.31590848817952,B-
330,21,Male,1.26,8.44,6.9,84.32,RPG,4.37,2.49,290.02,1.93,Medium,100,A
331,21,Male,4.11,9.77,7.55,90.49,RPG,3.66,6.32,265.96,14.39,Medium,99.62,A
332,20,Female,4.78,8.61,7.38,77.95,FPS,0.7,9.7,278.23,14.62,Medium,79.36,C+
333,16,Male,3.66,8.7,5.97,74.85,RPG,3.1,8.87,283.49,10.32,High,80.11,B-
334,23,Female,2.73,6.19,4.69,92.93,FPS,0.22,7.31,291.71,8.61,Medium,79.15405590116468,C+
335,20,Female,3.74,5.66,6.5,94.61,FPS,1.94,7.9,274.47,10.59,Medium,75.08,C
336,20,Male,2.49,4.66,8.45,65.51,Casual,2.06,7.55,278.86,8.76,Medium,77.72000012707593,C+
337,22,Female,3.5,8.36,6.34,81.71,Casual,4.27,5.14,268.67,10.94,Medium,99.85,A
338,19,Male,2.87,2.64,4.98,87.35,RPG,0.9,6.5,280.04,9.41,Medium,54.18,F
339,21,Female,4.53,1.51,4.47,63.34,FPS,3.22,6.11,259.22,5.88,Medium,43.75033814886475,F
340,19,Male,1.9,9.53,8.72,97.18,RPG,0.96,6.79,290.63,7.91,Medium,100,A
341,18,Male,7.91,1.03,7.72,80.8,Casual,4.74,11.51,215.57,15.95,Low,18.93,F
342,22,Female,4.01,9.79,5.56,85.82,FPS,2.65,9.06,271.94,9.44,High,90.46,A-
343,23,Female,1.55,7.56,5.48,67.13,FPS,3.54,6.55,293.89,7.56,High,84.06,B
344,19,Other,3.82,3.96,8.48,70.58,Casual,3.23,7.15,285.48,5.58,Medium,60.91,D-
345,17,Female,6.93,7.28,4.89,64.84,RPG,1.52,10.41,248.06,19.03,High,56.92052959397775,F
346,18,Male,0.17,8.36,6.68,70.56,FPS,4.51,1.31,323.97,2.54,Medium,99.26,A
347,16,Male,5.44,3.21,7.57,79.7,FPS,3.14,9.06,259.58,13.36,Low,44.86,F
348,23,Male,4.38,7.94,5.98,93.35,Casual,2.55,8.77,251.92,12.62,High,80.19,B-
349,18,Male,1.36,8.24,4.2,81.35,RPG,2.64,3.53,326.59,6.1,High,94.12,A
350,22,Male,6.54,3.24,5.14,69.78,FPS,4.45,12.47,238.7,16.49,Low,27.61,F
351,20,Female,2.95,1.38,8.51,61.78,Casual,0.3,8.82,292.54,10.38,Medium,49.53,F
352,20,Male,2.35,2.84,6.62,84.88,Casual,1.95,4.76,300.13,3.95,Medium,61.51,D-
353,22,Male,6.63,2.81,8.08,76.81,FPS,4.21,11.19,230.03,17.16,Low,26,F
354,24,Male,5.11,1.59,6.78,99.37,RPG,0.19,6.26,252.4,12.01,Low,43.46,F
355,20,Female,7.19,7.53,8.72,91.19,FPS,3.2,11.52,237.7,19.42,Low,78.11775480039478,C+
356,16,Female,5.04,4.42,8.55,92.33,RPG,2.02,9.16,244.06,12.49,Low,67.61,D+
357,16,Female,5.93,8.96,6.41,60.49,FPS,1.02,11.04,247.95,15.03,Low,76.05493862387472,C
358,17,Male,6.69,3.27,5.59,91.11,FPS,3.06,9.21,215.77,12.79,Low,45.79481183316601,F
359,21,Female,0.44,5.08,7.01,67.78,RPG,4.16,5.83,314.82,3.57,Medium,82.06,B-
360,24,Male,6.21,6.75,7.37,83.43,RPG,2.34,11.5,259.23,16.29,Low,72.66,C-
361,23,Female,4.91,8.9,6.49,77.9,FPS,0.73,9.26,261.06,13.41,Medium,71.05,C-
362,20,Female,0.56,5.72,8.11,82.86,FPS,1.53,3.92,298.65,6.23,Medium,90.15,A-
363,16,Male,4.07,4.36,4.92,65.34,Casual,4.91,8.16,265.63,11.11,Medium,38.82,F
364,22,Female,0.66,8.8,5.67,78.28,FPS,0.56,5.31,318.23,3.46,High,100,A
365,20,Female,5.89,3.79,7.43,61.48,RPG,0.8,11.77,250.99,15.83,Low,41.48,F
366,21,Male,4.37,1.71,5.23,61.64,FPS,4.95,5.98,272.08,8.43,Medium,29.05,F
367,22,Female,7.63,5.01,6.2,86.31,RPG,4.41,10.2,226.72,19.2,Low,39.94,F
368,18,Male,1.47,8.07,8.82,98.07,FPS,3.54,6.37,294.7,4,Medium,100,A
369,18,Male,4.85,1.28,7.13,91.1,FPS,0.75,7.9,263.05,10.41,Medium,51.41,F
370,20,Male,1.69,6.27,8.75,78.77,RPG,1.2,6.05,300.4,3.41,Medium,95.63,A
371,21,Male,4.91,6.35,7.61,62.23,FPS,0.9,6.58,271.35,10.82,Medium,65.83,D
372,24,Female,5.78,9.36,7.62,61.8,RPG,3.15,10.33,245.94,15.13,Low,83.61092876584584,B
373,20,Male,5.78,3.58,6.96,66.32,FPS,1.99,10.15,251.13,17.05,Low,46.04,F
374,16,Female,6.52,3.51,4.71,99.03,FPS,0.24,10.45,240.31,14.89,Low,30.3,F
375,19,Male,6.83,4.96,6.6,75.95,Casual,1.46,11.66,260.78,15.63,Low,47.39,F
376,20,Other,0.62,4.21,5.26,93.74,FPS,4.3,6.02,305.03,-1.4,Medium,70.85,C-
377,20,Female,2.75,7.63,8.99,88.21,FPS,3.98,7.9,283.15,8.52,Medium,96.53,A
378,22,Female,5.5,6.78,5.33,84.22,FPS,3.22,7.14,244.43,11.88,Low,65.87,D
379,19,Male,3.99,7.83,5.15,97.91,FPS,0.43,8.71,285.16,10.37,High,79.67,C+
380,16,Male,1.53,8.38,7.12,69.22,FPS,4.41,4.78,315.42,7.7,Medium,100,A
381,20,Male,4.42,9.31,6.55,78.2,FPS,2.67,7.09,264.79,11.27,Medium,90.1,A-
382,22,Female,3.26,4.88,4.11,94.59,FPS,2.47,8.66,292.74,8.39,Medium,60.58,D-
383,21,Female,3.12,9.86,4.65,82.07,Casual,4.67,6.92,285.84,6.33,High,92.52,A-
384,20,Male,6.48,2.94,8.06,69.86,FPS,0.04,9.99,249.26,12.4,Low,35.43,F
385,19,Male,3.26,7.43,6.42,68.36,Casual,2.78,8.18,270.93,8.09,Medium,78.9,C+
386,17,Female,0.21,5.81,4.73,90.12,Casual,3.96,3.98,319.09,3.05,Medium,82.99,B-
387,19,Male,0.46,8.35,6.33,60.51,FPS,0.32,5.75,333.2,-0.65,Medium,88.17,B+
388,18,Female,6.85,5.29,5.27,96.57,FPS,1.79,8.36,252.57,14.18,Low,48.14,F
389,16,Female,7.68,8.06,5.12,60.74,FPS,4.89,12.56,235.89,19.4,High,54.76843732590896,F
390,23,Female,5.51,9.37,8.79,85.24,RPG,1.06,7.33,263.39,9.86,Low,90.76591705382256,A-
391,20,Male,2.91,7.59,5.81,84.19,RPG,2.66,5.04,309.41,6.53,High,80.38,B-
392,19,Male,7.51,7.98,4.23,83.14,RPG,3.73,9.41,237.74,13.99,High,53.24849641996617,F
393,23,Female,5.3,1.6,8.85,78.97,RPG,1.95,7.49,249.78,6.28,Low,42.07,F
394,22,Female,6.75,2.84,7.97,94.1,FPS,2.04,11.41,251.13,14.23,Low,37.3,F
395,17,Male,6.13,9.77,5.27,86.37,Casual,0.32,10.41,245.7,12.27,High,85.34850533317113,B
396,16,Male,3.03,7.24,6.04,91.27,FPS,0.95,5.18,288.53,8.69,Medium,89.74,B+
397,19,Female,3.83,6.05,8.31,64.62,Casual,4.4,6.18,275.22,9.8,Medium,70,C-
398,23,Female,1.49,4.3,5.79,62,FPS,4.09,2.99,295.03,1.65,Medium,63.15,D
399,17,Female,2.34,1.4,6.84,61.14,FPS,1.52,5.41,295.01,8.8,Medium,46.88,F
400,18,Other,6.23,4.32,6.67,65.89,Casual,1.91,9.12,254.91,15.36,Low,47.92,F
401,16,Male,7.15,5.49,6.01,86.68,RPG,2.2,8.88,241.59,14.65,Low,55.52,F
402,16,Male,5.8,2.9,7.2,79.76,Casual,1.73,10.97,255.2,14.85,Low,38.82,F
403,18,Female,3.72,2.56,6.37,90.09,RPG,3.27,8.98,273.35,8.18,Medium,42.14,F
404,20,Female,0.69,5.58,4.11,67.67,Casual,0.06,2.24,295.13,-2.77,Medium,61.64,D-
405,18,Male,0.46,6.27,8.07,74.68,Casual,4.4,2.79,314.01,2.27,Medium,82.77,B-
406,16,Male,2.99,3.16,4.57,95.54,RPG,1.5,7.67,289.66,5.59,Medium,57.65,F
407,16,Female,3.71,6.29,6.32,97.43,FPS,4.36,9.06,253.89,9.64,Medium,78.44,C+
408,23,Male,4.87,9.1,6.9,96.87,RPG,2.27,6.23,260.89,11.24,Medium,90.85,A-
409,17,Male,0.05,5.26,7.53,92.73,Casual,3.88,5.56,318.45,-1.03,Medium,100,A
410,18,Female,7.92,8.72,6.05,87.53,RPG,4.13,9.23,215.81,16.91,Low,77.49275493733883,C+
411,17,Female,2.91,9.35,7.68,96.55,Casual,1.51,7.08,292.68,9.56,Medium,100,A
412,18,Female,6.78,1.83,4.66,88.57,FPS,3.2,7.89,248.08,9.96,Low,24.56,F
413,22,Male,4.28,1.86,7.27,98.16,Casual,3.04,9.92,286.78,12.79,Medium,44.61,F
414,16,Female,1.04,5.28,8.13,60.99,FPS,2.38,3.81,307.24,7.26,Medium,82.83,B-
415,23,Female,6.38,6.29,8.45,96.87,FPS,2.35,10.62,256.36,14.37,Low,75.3,C
416,17,Female,5.68,4.83,6.9,82.23,RPG,1.53,7.6,243.65,13.8,Low,51.43,F
417,18,Female,4.22,3.94,5.56,64.47,RPG,1.55,6.83,265.65,7.74,Medium,53.41,F
418,24,Male,4.12,6.77,4.82,68.6,FPS,2.74,8.86,277.35,12.45,Medium,64.37,D
419,22,Male,0.7,1.02,5.73,94.09,Casual,0.16,6.56,305.04,5.35,Medium,60.01,D-
420,19,Male,5.25,9.71,6.7,80.24,Casual,4.67,11.21,255.38,13.92,Low,88.12121322787581,B+
421,20,Male,7.29,3.09,4.98,99.31,Casual,3.25,12.34,240.92,17.43,Low,32.7,F
422,17,Female,0.75,9.25,8.76,64.7,FPS,2.22,5.99,310.94,4.91,Medium,100,A
423,23,Female,2.11,1.98,8.49,76.5,FPS,0.31,7.96,285.48,7.02,Medium,63.81,D
424,19,Female,7.22,3.14,4.16,73.27,RPG,3.15,8.42,227.46,13.09,Low,18.52,F
425,24,Female,2.27,3.11,6.81,80.65,Casual,0.09,4.12,290.03,5.17,Medium,69.21,D+
426,20,Male,5.23,9.97,7.95,85.34,FPS,3.4,6.49,263.12,10.99,Low,100,A
427,24,Male,4.28,1.04,5.23,86.47,RPG,0.36,7.79,265.39,7.97,Medium,26.56,F
428,19,Male,4.77,6.76,6.62,60.05,RPG,3.28,10.56,238.27,12.21,Medium,60.17,D-
429,20,Male,3.33,8.83,6.03,63.56,Casual,2.03,7.24,287.9,8.49,Medium,80.84,B-
430,24,Male,2.4,7.05,4.98,61.4,RPG,3.31,6.18,297.65,5.65,High,76.66,C
431,23,Female,0.39,4.26,7.07,94.58,RPG,0.69,5.52,304.66,4.05,Medium,79.25,C+
432,18,Other,5.95,9.62,8.97,72.53,FPS,0.59,11.59,237.27,15.9,Low,87.02205718422184,B+
433,16,Male,5.97,9.04,5.83,74.68,FPS,1.24,10.46,261.87,12.86,High,69.74328788570688,D+
434,18,Male,5.37,4.91,6.76,78.01,Casual,2.06,10.85,253.15,13.78,Low,58.65,F
435,19,Female,5.15,6.16,5.64,93.97,FPS,1.27,7.03,265.74,13.06,Low,53.97,F
436,17,Male,1.95,9.71,8.38,60.57,Casual,0.41,5.47,289.66,3.64,Medium,100,A
437,16,Female,0.18,9.84,8.32,64.74,FPS,1.63,3,324.39,-1.56,Medium,100,A
438,22,Female,6.47,5.05,4.89,87.41,RPG,3.53,9.13,233.13,12.39,Low,40.93,F
439,23,Female,3.93,8.63,8.5,98.56,FPS,2.92,6,277.06,9.95,Medium,93.92,A
440,22,Male,2.45,3.72,4.76,85.71,Casual,4.82,7.92,294.17,6.72,Medium,54.81,F
441,20,Female,0.82,4.35,4.48,70.44,Casual,2.18,4.07,289.51,0.79,Medium,62.55,D-
442,16,Male,0.5,2.48,7.26,80.79,FPS,1.66,4.15,315.24,5.36,Medium,66.77,D
443,22,Female,2.79,2.88,5.93,99,FPS,3.47,5.17,279.33,4.41,Medium,53.65,F
444,22,Male,6.44,6.91,6.65,81.12,Casual,2.06,12.25,253.65,15.44,Low,57.68,F
445,24,Male,7.35,5.6,7.26,74.94,Casual,3.09,11.41,234.15,18.2,Low,45.79,F
446,18,Female,7.17,3.08,4.26,75.34,RPG,4.73,8.17,231.49,16.18,Low,22.06,F
447,24,Female,7.36,4.63,5.46,98.68,Casual,2.5,9.7,246.87,16.72,Low,29.08,F
448,16,Female,7.26,4.36,6.3,88.76,FPS,2.49,13.26,213.85,16.18,Low,36.47,F
449,16,Female,4.22,9.89,5.33,87.49,RPG,3.88,10.09,288.63,12.49,High,79.3,C+
450,19,Female,1.76,8.68,4.24,69.28,Casual,3.78,5.48,317.63,5.41,High,87.61,B+
451,24,Male,6.38,4.49,4.43,82.38,FPS,2.58,10.2,239.54,15.48,Low,34.99,F
452,21,Female,1.71,9.23,8.01,74.27,Casual,0.32,7.22,308.36,8.92,Medium,100,A
453,18,Female,2.14,4.08,8.56,69.61,Casual,4.9,6.68,299.17,4.16,Medium,78.21,C+
454,16,Female,1.87,7.01,4.76,95.82,Casual,1.89,7.53,272.71,7.34,High,84.62,B
455,19,Female,4.12,9.7,5.25,75.33,FPS,1.58,7.52,269.44,10.22,High,86.54,B
456,24,Male,2.57,4.51,7.26,71.31,FPS,4.91,8.45,276.51,9.97,Medium,72.53,C-
457,18,Female,1.23,7.12,8.77,97.27,RPG,4.36,4.93,291.68,7.87,Medium,100,A
458,24,Male,3.63,3.66,5.5,67.89,FPS,1.65,7.85,273.58,12.86,Medium,54.36,F
459,22,Male,6.99,3.4,8.28,89.82,Casual,1.54,8.4,233.6,16.36,Low,44.18,F
460,19,Female,4.56,6.17,6.53,86.11,FPS,3.6,8.62,277.44,9.95,Medium,68.13,D+
461,18,Male,7.03,9.81,8.78,96.82,Casual,1.67,11.87,228.12,15.64,Low,93.20214596741016,A
462,20,Female,1.57,5.08,4.68,93.28,FPS,1.26,4.77,297.21,6.18,Medium,70.35,C-
463,20,Male,1.34,9.44,8.87,88.21,RPG,4.9,4.85,317.59,1.86,Medium,100,A
464,18,Male,4.6,9.23,6.2,72.58,FPS,2.83,7.57,262.96,10.22,Medium,77.99,C+
465,24,Female,3.71,3.28,8.76,79.82,FPS,3.81,9.56,270.35,8.87,Medium,64.52,D
466,19,Female,5.28,4.62,6.29,97.78,RPG,3.57,8.66,265.21,9.9,Low,55.92,F
467,20,Female,6.36,6.79,6.65,60.93,RPG,3.78,7.99,248.99,14.03,Low,54.98,F
468,19,Female,6.01,5.66,8.02,91.77,Casual,4.52,7.15,248.88,14.17,Low,70.06,C-
469,20,Female,7.54,1.86,7.61,70.07,FPS,2.5,12.4,238.76,18.71,Low,21.85,F
470,22,Male,3.19,9.94,7.1,67.4,FPS,3.77,6.93,269.24,8.49,Medium,100,A
471,24,Male,1.65,7.77,6.08,69.29,Casual,3.98,2.66,294.38,3.1,Medium,87.37,B+
472,22,Male,4.41,4.94,7.96,62.39,Casual,4.73,7.32,287.06,9.23,Medium,68.84,D+
473,20,Female,0.89,6.56,8.74,99.68,FPS,3.57,6.46,278.98,6.31,Medium,97.48,A
474,22,Female,2.31,1.79,4.05,94.79,FPS,4.46,8.05,285.55,6.47,Medium,42.09,F
475,20,Male,1.66,5.46,6.94,80.84,FPS,0.48,2.93,288.25,2.87,Medium,84.12,B
476,18,Female,3.17,9.38,8.33,88.6,FPS,0.63,4.79,282.67,7.97,Medium,100,A
477,22,Female,0.89,9.07,7.27,82.26,FPS,0.79,1.91,315.37,0.33,Medium,98.59,A
478,17,Male,0.25,4.04,8,92.46,RPG,0.72,5.59,328.07,3.34,Medium,78.09,C+
479,24,Male,5.25,5.78,8.48,93.79,Casual,0.44,6.6,252.9,10.12,Low,63.63310311255715,D
480,16,Female,4.88,7.28,7.75,69.31,FPS,0.61,6.42,252.21,9.19,Medium,67.16,D+
481,21,Female,5.67,4.06,7.59,78.39,Casual,4.98,7.81,237.45,11.91,Low,47.94,F
482,22,Female,5.28,1.58,8.82,85.39,RPG,1.36,10.87,257.12,14.86,Low,53.56,F
483,23,Male,0.91,5.55,8.32,99.14,Casual,2.39,5.35,330.35,4.39,Medium,98.15,A
484,24,Other,2.33,6.41,8.08,87.31,Casual,4.11,6.41,286.16,7.29,Medium,91.48,A-
485,17,Male,1.04,1.05,4.43,95.91,Casual,0.59,5.96,306.8,6.06,Medium,66.5,D
486,17,Male,6.74,1.86,5.2,93.84,RPG,1.59,11.21,240.48,16.96,Low,16.15,F
487,20,Other,5.98,2.87,6.78,83.28,Casual,0.8,10.71,244.01,13.97,Low,39.74,F
488,20,Male,1.61,4.13,7.55,95.75,FPS,0.31,2.98,314.91,5.02,Medium,94.8,A
489,21,Female,2.73,5.87,5.52,75.1,FPS,4.8,6.68,299.33,7.1,Medium,68.27,D+
490,18,Male,7.73,3.64,4.47,75.17,Casual,4.29,12.5,235.42,18.72,Low,15.15,F
491,23,Female,4.75,3.49,5.56,91.24,Casual,4.4,8.58,272.61,13.5,Medium,53.93,F
492,16,Female,6.41,8.82,7.86,65.38,FPS,4.34,7.47,236.23,14.39,Low,79.15443551761663,C+
493,21,Male,2.12,2.31,8.39,72.23,Casual,0.77,4.18,283.08,2.78,Medium,69.21,D+
494,19,Female,1.68,5.46,8.56,84.34,FPS,3.92,7.49,293.07,5.27,Medium,97.1,A
495,16,Male,6.27,9.58,5.89,76.8,FPS,3.64,10.79,247.56,16.1,High,84.2048807656223,B
496,22,Female,5.49,6.63,5.86,97.63,RPG,4.63,9.93,250.87,8.89,Low,71.68,C-
497,24,Male,5.45,7.45,6.03,98.34,RPG,1.1,9.75,260.29,13.7,Low,82.2905747090448,B-
498,19,Male,4.42,4.88,5.88,80.1,RPG,2.07,6.06,268.04,10.19,Medium,58.91,F
499,19,Male,4.51,1.18,7.33,81.56,FPS,1.47,5.53,252.49,14.98,Medium,44.64,F
500,21,Male,5.89,6.82,5.79,88.99,Casual,1.29,9.09,261.73,14.24,Low,60.24,D-
501,18,Female,2.16,6.69,4.1,78.29,Casual,3.26,5.38,288.97,5.71,Medium,81.23,B-
502,21,Male,2.82,1.99,6.2,67.6,FPS,0.82,7.88,294.02,10.5,Medium,47.9,F
503,22,Male,6.97,5.16,5.12,89.88,FPS,2.32,8.88,227.88,14.21,Low,43.05,F
504,18,Male,2.47,9.24,4.14,89.51,FPS,3.23,4.85,281.55,6.21,High,84.51,B
505,22,Male,4.37,2.85,6.35,69.8,Casual,0.65,5.76,258.27,9.61,Medium,41.95,F
506,18,Female,5.62,5.15,5.03,93.32,Casual,1.28,8.62,238.24,13.94,Low,53.18,F
507,17,Other,8,5.15,6.26,84.55,RPG,4.84,10.28,209.92,15.29,Low,40.39,F
508,19,Male,3.48,8.3,5.39,69.45,Casual,3.98,5.79,282.05,9.78,High,86.28,B
509,23,Female,3.42,8.42,7.02,86.08,Casual,3.38,5.69,269.68,6.92,Medium,86.47,B
510,24,Female,6.74,7.83,8.95,69.34,RPG,4.28,8.9,242.58,18.68,Low,78.05368000881292,C+
511,22,Male,6.44,4.29,6.74,70.61,FPS,0.07,9.04,243.74,11.15,Low,35.05,F
512,16,Female,5.85,1.65,7.23,93.92,FPS,0.03,9.53,258.6,12.03,Low,41.17,F
513,18,Female,3.71,4.15,8.6,97.18,FPS,0.77,6.9,265.3,4.96,Medium,88.46493540595333,B+
514,24,Female,2.59,7.12,5.87,70.28,RPG,2.48,3.91,299.53,11.77,High,78.16,C+
515,16,Female,4.87,7.32,4.83,97.12,FPS,2.85,8,252.5,8.85,High,71.17,C-
516,24,Male,7.01,9.69,5.41,69.55,FPS,0.57,12.24,208.46,18.16,High,75.12566223462531,C
517,23,Female,7.07,5.08,6.01,64.69,FPS,0.36,8.57,237.06,16.34,Low,33.98,F
518,16,Female,0.87,6.69,7.23,62.33,RPG,4.14,6.59,300.81,2.79,Medium,80.03,B-
519,21,Female,3.43,5.85,4.02,69.68,Casual,2.32,5.97,293.84,9.68,Medium,64.68,D
520,20,Female,3.72,2.36,8.27,75.41,Casual,4.96,4.79,278.37,5.84,Medium,63.073548115314935,D
521,21,Male,7.82,5.15,4.38,97.1,Casual,1.15,10.09,225.31,15.15,Low,31.07,F
522,20,Other,5.42,5.9,8.5,69.69,Casual,3.24,6.77,256.98,8.39,Low,80.1,B-
523,21,Female,3.26,9.56,8.75,74.62,RPG,4.02,7.09,275.91,9.77,Medium,100,A
524,20,Male,0.21,4.3,8.95,89.37,FPS,4.36,2.79,334.32,-2.21,Medium,79.66,C+
525,20,Male,4.52,9.82,8.05,72.08,FPS,1.53,9.55,260.28,12.34,Medium,96.8,A
526,19,Female,0.77,5.88,4.71,87.37,FPS,0.97,5.43,315.39,3.62,Medium,69.77,D+
527,18,Male,6.68,3.18,7.53,77.28,RPG,1.13,10.02,231.65,18.52,Low,40.18,F
528,18,Male,6.02,2.72,5.02,67.86,FPS,3.33,9.82,247.78,14.01,Low,29.41,F
529,19,Male,3.68,2.28,8.49,89.36,Casual,2.61,7.72,263.47,11.08,Medium,67.23,D+
530,24,Male,3.43,5.08,5.58,61.08,FPS,2.99,5.78,281.13,9.06,Medium,53.41,F
531,17,Male,7.18,1.2,5.63,71.69,FPS,0.1,8.88,234.49,15,Low,11.28,F
532,24,Male,2.31,5.01,8.59,74.25,Casual,1.95,5.19,297.77,8.29,Medium,79.33,C+
533,16,Male,1.99,9.9,4.07,78.33,FPS,1.55,3.46,300.8,5.47,High,100,A
534,16,Female,7.51,7.03,4.97,87.19,RPG,4.32,10.08,230.17,18.1,High,55.61577247306304,F
535,20,Female,6.47,7.84,6.11,78.38,FPS,3.88,10.23,262.75,12.96,Low,71.52674068711406,C-
536,21,Male,6.57,2.07,7.5,83.77,FPS,2.15,10.27,240.98,16.05,Low,39.96,F
537,21,Male,1.56,5.26,7.24,83.83,RPG,3.15,3.16,301.67,5.52,Medium,85.66,B
538,18,Female,1.15,3.58,7.35,74.93,RPG,0.24,2.19,305.35,0.64,Medium,83.21,B
539,22,Male,0.21,9.05,8.4,97.36,FPS,3.19,1.65,319.51,0.99,Medium,100,A
540,24,Male,1.9,2.63,4.61,98.23,Casual,0.49,3.08,294.34,0.91,Medium,67.93,D+
541,23,Male,6.19,5.13,6.61,83.27,Casual,3.57,9.19,242.04,10.71,Low,48.92,F
542,21,Female,1.92,6.29,7.63,62.87,FPS,2.87,4.87,304.48,5.2,Medium,89.78,B+
543,23,Female,5.83,5.63,7.18,79.65,FPS,1.5,8.04,249.56,16.37,Low,64.03,D
544,20,Female,2.02,8.47,6.24,67.38,Casual,1.85,4.1,306.3,8.84,Medium,84.84,B
545,23,Female,3.16,3.08,4.09,79.33,Casual,0.45,6.14,263.14,7.2,Medium,52.13,F
546,19,Female,7.87,4.4,4.3,67.54,FPS,1.61,9.3,240.79,14.55,Low,27.485676737555956,F
547,23,Male,1.96,8.13,4.59,88.15,FPS,4.83,4.03,305.43,6.81,High,100,A
548,17,Female,3.01,5.75,5.72,63.22,FPS,2.43,6.04,283.37,3.53,Medium,64.58,D
549,20,Male,2.41,4.62,4.59,98.13,FPS,2.37,3.88,290.3,4.75,Medium,69.5,D+
550,24,Female,0.88,1.26,6.13,67.82,FPS,3.15,6.08,315.85,2.86,Medium,49.99,F
551,19,Female,3.92,7.78,4.89,86.43,Casual,2.42,8.3,262.7,9.86,High,87.84510869305112,B+
552,21,Female,3.03,9.75,7.9,96.68,Casual,1.78,5.95,284.02,10.27,Medium,97.64,A
553,16,Male,5.56,6.58,8.36,69.92,Casual,0.7,7.31,254.83,6.82,Low,60.62,D-
554,24,Male,6.54,8.71,5.95,97.37,FPS,3.15,8.51,221.08,14.69,High,83.73617330094483,B
555,16,Female,4.35,5.65,6.56,75.55,FPS,3.74,5.95,271.28,10.19,Medium,64.79,D
556,20,Female,0.26,3.09,8.77,98.42,FPS,4.62,2.06,303.36,1.3,Medium,72.86,C-
557,19,Female,4.95,1.13,6.68,98.85,RPG,0.02,8.06,271.43,12.04,Medium,37.96,F
558,18,Male,0.44,6.88,8.98,67.52,FPS,0.33,2.67,328.1,3.02,Medium,94.91,A
559,21,Female,4.93,5.44,4.71,93.24,FPS,4.5,10.35,275.95,12.89,Medium,55.13,F
560,17,Female,5.48,8.04,8.31,67.74,FPS,3.16,11.28,251.02,9.79,Low,95.0002909165002,A
561,18,Female,1.58,7.25,6.49,69.06,Casual,4.79,6.04,297.68,3.61,Medium,97.49,A
562,20,Female,6.55,9.89,4.11,63.37,RPG,2.15,11.59,221.64,18.82,High,59.67023462540532,F
563,24,Female,7.29,5.59,8.86,66.26,FPS,2.08,9.57,239.32,13.39,Low,56.71017531018326,F
564,17,Female,6.5,4.84,8.83,85.29,Casual,1.72,10.83,226.91,15.33,Low,57.37,F
565,23,Female,2.44,3.58,5.92,77.97,Casual,0.71,3.73,276.23,4.08,Medium,53.52,F
566,17,Other,4.69,5.29,8.77,91.64,FPS,1.89,10.49,260.68,13.47,Medium,80.26,B-
567,20,Male,7.32,8.86,4.71,73.28,FPS,0.07,11.67,221.1,16.41,High,69.9715172799615,D+
568,22,Male,2.57,1.38,7.4,98.74,Casual,2.55,5.15,279.54,7.74,Medium,63.51,D
569,23,Female,6.56,9.8,4.96,61.99,FPS,4.24,11.43,241.75,16.32,High,67.14660399561133,D+
570,16,Female,0.08,9.94,5.23,62.52,Casual,1.61,1.16,327.85,-0.08,High,95.38,A
571,21,Female,0.03,6.38,7.9,88.05,FPS,0.47,2.91,325.03,-2.96,Medium,93.44,A
572,16,Female,6.08,3.98,5.89,95.5,RPG,4.87,11.56,248.93,13.17,Low,45.56,F
573,17,Male,6.09,3.01,4.04,91.82,FPS,0.64,8.41,258.39,10.93,Low,29.58,F
574,16,Female,6.31,3.49,6.07,79.59,RPG,2.64,10.65,245.56,12.36,Low,41.92,F
575,20,Female,7.44,1.45,5.14,70.79,Casual,4.05,10.24,225.45,17.29,Low,23.24,F
576,24,Male,0.94,5.28,7.42,60.54,RPG,1.26,3.9,301.02,7.41,Medium,80.61,B-
577,21,Male,1.86,1.52,4.97,80.38,FPS,4.21,6.59,303.2,1.15,Medium,43.3,F
578,16,Female,7.23,7.47,8.21,79.03,FPS,2.79,12.78,222.23,14.22,Low,75.12712682042016,C
579,16,Male,1.42,4.35,5.34,73.77,Casual,1.66,3.25,306.45,4.22,Medium,65.27,D
580,17,Female,5.46,2.79,5.97,83.12,Casual,4.33,7.84,250.2,11.6,Low,47.26991472313569,F
581,24,Male,4.24,5.9,5.49,89.15,FPS,3.11,7.68,260.74,11.11,Medium,66.47,D
582,18,Female,0.67,9.76,7.22,88.04,Casual,3.08,4.74,303.41,3.28,Medium,100,A
583,16,Female,2.28,7.26,4.51,70.53,RPG,2.52,5.62,302.29,8.87,High,70.7,C-
584,20,Female,4.16,5.43,6.39,83.41,FPS,1.37,9.19,261.5,11.98,Medium,68.8,D+
585,22,Male,6.82,7.99,5.67,65.95,RPG,1.52,11.66,235.37,17.81,High,54.48220060669546,F
586,21,Female,5.66,7.64,8.42,64.86,RPG,0.44,8.69,247.39,14.87,Low,80.71091769299122,B-
587,16,Male,4.98,9.03,4.37,91.43,Casual,1.22,6.18,270.83,8.17,High,72.35,C-
588,20,Male,3.97,2.84,8.15,87.75,FPS,1.39,5.94,287.74,10.1,Medium,61.54,D-
589,20,Other,2.39,8.73,4.84,90.72,Casual,0.29,5.82,300.41,7.78,High,93.3485808810224,A
590,21,Female,0.95,3.71,4.44,66.1,Casual,0.55,6.59,304.84,4.04,Medium,59.16,F
591,18,Female,3.27,9.47,5.01,96.58,RPG,1.35,7.11,284.18,7.76,High,100,A
592,20,Male,0.23,3.53,4.51,65.32,FPS,3.39,3.88,308.14,1.64,Medium,63.50126464045791,D
593,22,Male,1.69,9.34,6.6,94.8,Casual,0.92,6.31,301.82,3.93,Medium,100,A
594,20,Male,3.46,9.67,8.94,74.1,RPG,2.61,5.22,260.91,5.04,Medium,100,A
595,20,Female,3.35,2.31,4.17,64.22,Casual,2.54,5.08,282.15,11.86,Medium,38.6,F
596,20,Female,0.35,9.77,6.31,71.47,FPS,4.17,3.08,315.25,4.23,Medium,97.98,A
597,18,Female,4.71,1.77,5.93,67.26,Casual,3.05,10.68,267.89,12.46,Medium,39.61,F
598,16,Female,4.4,2.97,5.7,79.63,Casual,4.58,9.78,267.08,8.56,Medium,50.09,F
599,20,Male,0.62,5,5.66,97.99,Casual,3.14,5.02,320.91,4.53,Medium,87.47,B+
600,24,Male,7.55,9.94,8.48,73.11,FPS,0.13,10.51,221.77,15.85,Low,92.5246279711659,A-
601,16,Male,0.8,5.4,4.09,84.48,RPG,1.91,4.57,317.96,3.17,Medium,82.11,B-
602,18,Male,6.84,5.95,7.87,95.67,FPS,3.5,9.36,242.64,19.44,Low,50.74,F
603,19,Male,0,7.25,5.26,85.2,FPS,2.38,4.37,330.89,5.98,High,97.72,A
604,16,Female,7.06,9.71,5.92,74.49,FPS,2.1,10.15,246.85,10.93,High,72.97289917257869,C-
605,16,Male,0.16,8.05,6.1,99.63,Casual,3.36,1.76,308.56,1.85,Medium,99.74,A
606,23,Female,6.06,3.02,5.52,67.5,RPG,1.43,8.14,252.45,13.49,Low,27.04,F
607,17,Male,2.89,3.73,4.47,80.93,FPS,4.54,6.93,273.66,8.51,Medium,66.53052453310427,D
608,23,Other,5.91,1.88,4.57,91.87,Casual,2.07,10.38,260.68,12.94,Low,32.39,F
609,22,Female,3.21,6.8,5.49,60.03,Casual,3.16,4.69,272.95,7.17,Medium,72.99880801021058,C-
610,17,Female,0.57,2.63,8.11,88.08,Casual,4.91,5.61,309.36,1.47,Medium,75.15,C
611,21,Male,6.14,3.32,4.67,70.66,Casual,3.93,11.26,248.5,16.92,Low,43.19,F
612,21,Female,0.57,8.99,7.71,66.79,Casual,2.66,5.19,320.54,5.46,Medium,100,A
613,18,Female,7.38,3.94,5.44,70.97,FPS,4.3,11.8,235.15,20.25,Low,24.62,F
614,17,Male,0.41,6.1,8.42,98.67,Casual,2.8,2.57,322.74,0.35,Medium,100,A
615,16,Male,3.83,4.58,6.14,95.68,FPS,2.21,9.43,274.16,11,Medium,57.88,F
616,21,Male,5.78,1.67,4.86,68.55,RPG,4.37,8.12,253.08,16.82,Low,23.46,F
617,20,Female,3.15,4.27,8.93,64.68,Casual,0.14,5.06,264.53,5.9,Medium,57.49,F
618,24,Female,1.74,4.67,4.88,74.57,FPS,2.04,5.93,309.38,3.56,Medium,63.42,D
619,16,Female,6.07,9.06,6.84,83.69,RPG,1.71,8.89,244.25,14.15,Low,84.17602926350791,B
620,22,Male,6.27,3.92,6.85,94.69,FPS,3.57,11.94,240.46,17.71,Low,43.54,F
621,20,Male,7.38,4.41,5.86,98.64,FPS,0.06,10.68,250.81,15.08,Low,33.16,F
622,20,Female,3.01,8.05,8.76,90.05,FPS,3.3,4.83,256.79,10.8,Medium,100,A
623,17,Male,4.05,7.83,8.22,83.96,Casual,1.73,9.84,272.35,9.16,Medium,95.75,A
624,18,Female,2.91,8.18,8.15,65.69,FPS,0.49,6.49,262.68,8.93,Medium,100,A
625,22,Female,2.06,9.58,8.87,62.96,Casual,4.9,5.65,298.68,4.56,Medium,100,A
626,21,Male,6.01,8.16,6.29,83.84,RPG,1.06,8.94,240.89,12.55,Low,84.85605763016744,B
627,17,Female,2.72,4.67,4.49,81.56,RPG,1.75,7.9,258.02,9.68,Medium,67.52,D+
628,21,Male,3.43,8.39,7.83,93.84,Casual,1.04,5.87,289.73,7.66,Medium,97.71,A
629,17,Female,3.23,5.58,5.9,72.9,RPG,3.31,4.3,268.34,3.96,Medium,70.88,C-
630,17,Male,5.7,3.5,4.95,61.59,FPS,3.91,9.19,261.09,11.55,Low,34.36,F
631,17,Female,7.34,3.73,6.42,76.95,FPS,4.3,12.97,222.17,18.94,Low,33.67,F
632,18,Male,5.33,3.01,8.63,98.77,RPG,1.55,7.7,251.4,12.64,Low,53.92,F
633,17,Male,3.77,2.3,4.86,91.82,RPG,2.62,6.1,251.92,10.16,Medium,42.77067476536303,F
634,19,Female,6.23,2.66,8.24,61.35,FPS,3.32,10.92,249.49,13.6,Low,43.976836574222226,F
635,24,Male,5.13,1.57,6.09,94.99,RPG,3.15,10.01,252.7,10.58,Low,35.2,F
636,21,Female,0.48,9,4.68,78.87,RPG,3.58,3.66,310.57,0.91,High,94.33,A
637,16,Male,0.77,9.38,8.24,74.59,Casual,3.85,5.94,309.81,2.62,Medium,100,A
638,23,Female,0.3,6.28,8.85,73.87,RPG,0.49,2.16,299.92,1.44,Medium,100,A
639,22,Male,3.65,8.56,5.46,83.81,Casual,0.84,6.49,283.11,6.35,High,85.15,B
640,18,Female,6.61,2.65,5.52,81.22,RPG,3.67,9.63,235.04,16.86,Low,29.537818650966003,F
641,16,Male,2.5,9.12,5.95,86.27,Casual,2.38,5.06,312.95,7.31,High,94.55,A
642,20,Male,3.07,5.56,8.07,82.95,RPG,2.14,5.16,278.36,5.46,Medium,75.9,C
643,19,Male,7.28,1.6,4.05,65.76,RPG,2.28,9.97,228.74,15.51,Low,6.86,F
644,23,Female,6.7,2.27,5.12,70.29,FPS,1.86,7.79,226.03,12.17,Low,18.17,F
645,16,Male,5.32,3.78,7.53,93.64,RPG,2.96,9.84,240.02,12.6,Low,60.86,D-
646,16,Female,2.13,1.39,6.03,86.53,Casual,1.62,6.55,303.22,4.8,Medium,47.96,F
647,19,Female,0.94,3.78,5.65,77.94,FPS,3.18,4.19,319.33,7.79,Medium,77.76,C+
648,23,Male,0.13,1.54,8.36,67.3,FPS,1.01,2.74,312.79,-1.62,Medium,55.41,F
649,20,Female,0.86,3.12,8.59,60.31,Casual,3.79,4.03,310.89,0.77,Medium,71.11,C-
650,17,Male,2.34,3.39,8.74,72.48,RPG,3.91,8.02,304.34,7.04,Medium,61.83,D-
651,21,Male,4.41,9.95,5.36,62.19,FPS,2.89,8.43,269.97,11.02,High,86.51,B
652,20,Female,0.51,3.12,8.56,79.29,RPG,1.85,5.17,318.73,3.55,Medium,76.25,C
653,17,Female,1.09,3.15,7.68,92.87,RPG,0.07,3.24,307.79,5.09,Medium,81.23,B-
654,18,Female,1.45,7.18,4.77,71.42,RPG,0.61,2.92,296.07,4.52,High,80.61,B-
655,24,Male,5.06,8.73,7.05,93.91,Casual,0.4,6.48,263.13,8.99,Low,100,A
656,22,Male,4.93,4.48,4.13,88.18,FPS,0.05,8.29,279.49,13.66,Medium,51.18,F
657,22,Male,4.41,8.88,7.54,65.01,RPG,3.61,8.99,261.88,12.37,Medium,89.30741638792,B+
658,21,Female,2,4.06,7.67,85.78,Casual,4.78,6.87,304.67,9.21,Medium,80.03,B-
659,23,Female,2.97,2.77,7.95,66.07,Casual,0.06,7.57,286.17,8.34,Medium,53.55,F
660,19,Female,0.77,3.97,4.86,86.19,FPS,0.56,6.33,304.86,6.5,Medium,62.92,D-
661,23,Male,1.81,6.48,7.14,65.71,FPS,4.3,3.07,307.23,-1.2,Medium,84.21,B
662,19,Male,7.18,4.3,4.89,75.7,RPG,3.44,12.46,241.63,16.03,Low,28.22,F
663,23,Male,7.84,7.06,8.73,82.66,Casual,2.02,12.14,231.72,16,Low,80.68287643578981,B-
664,24,Male,5.18,3.13,7.38,62.01,Casual,4.96,7.06,275.33,12.7,Low,43.1,F
665,18,Male,7.33,7.31,4.48,66.13,RPG,2.87,11.74,250.4,15.39,High,44.41031785517972,F
666,18,Female,5.14,4.13,4.94,72.82,Casual,3.35,8.7,258.86,14.01,Low,46.87,F
667,17,Female,0.27,5.1,7.32,78.49,RPG,3.27,3.07,315.7,3.51,Medium,88.59,B+
668,18,Female,7.97,6.02,6.38,94.34,Casual,1.11,10.21,210.09,15.85,Low,49.51,F
669,18,Male,0.79,7.18,7.68,67.49,Casual,2.44,4.11,325.85,3.72,Medium,96.17,A
670,20,Male,5.46,3.15,5.4,73.9,Casual,1.08,7.66,253.75,11.59,Low,24.64,F
671,20,Female,2.02,8.52,7.29,79.03,Casual,2.55,3.43,289.67,4.98,Medium,93.25,A
672,17,Male,3.14,7.5,4.88,71.83,RPG,0.15,8.37,272.99,10.39,High,76.88534550896554,C
673,21,Female,5.17,3.11,6.72,85.03,FPS,1.91,9.13,248.55,11.67,Low,38.68,F
674,20,Female,3.49,9.77,8.79,70.26,RPG,1.86,6.31,295.71,5.08,Medium,100,A
675,21,Male,2,6.98,7.14,90.89,Casual,1.46,5.23,304.98,6.81,Medium,100,A
676,16,Female,2.68,5.07,4.25,80.21,Casual,0.4,8,272.96,10.16,Medium,70.10109932514526,C-
677,20,Male,2.73,2.42,8.94,63.45,FPS,3.85,5.33,272.76,3.36,Medium,68.13040692113319,D+
678,24,Female,7.67,5.8,4.78,85.08,FPS,2.1,10.57,229.18,16.72,Low,35.16,F
679,17,Female,6.39,2.48,7.59,82.77,RPG,4.07,11.22,233.16,13.33,Low,43.61,F
680,16,Male,3.67,4.87,6.66,73.54,RPG,4.18,5.67,273.44,10.59,Medium,71.04179350629198,C-
681,24,Male,1.6,4.68,5.47,60.45,FPS,1.07,5.9,316.33,7.71,Medium,66.44,D
682,24,Female,6.49,7.48,4.89,68.03,Casual,2.11,9.66,252.81,12.95,High,62.38011353837222,D-
683,24,Female,1.26,2.73,4.89,76.23,FPS,3.6,4.76,287.77,1.64,Medium,60.07,D-
684,21,Male,1.68,8.4,8.29,68,RPG,2.5,6.61,289.73,6.31,Medium,100,A
685,23,Female,2.93,3.94,8.36,83.1,FPS,4.28,8.9,287.3,6.63,Medium,75.45,C
686,16,Male,7.04,5,6.33,88.49,Casual,2.86,12.2,246.82,18.38,Low,63.31,D
687,19,Male,1.05,7.95,4.52,94.24,Casual,3.15,2.85,299.18,2.74,High,100,A
688,16,Male,0.98,6.63,8.42,85.88,FPS,3.94,3.1,311.93,6.23,Medium,98.03,A
689,23,Male,3.95,3.77,6.44,87.56,RPG,0.61,7,268.05,12.72,Medium,54.25,F
690,16,Male,2.21,4.48,6.19,84.34,FPS,2.92,6.81,311,9.82,Medium,59.1,F
691,18,Other,4.55,3.75,6.04,99.42,Casual,0.43,8.1,271.62,11.68,Medium,63.5,D
692,19,Male,3.61,6.35,5.83,70.44,Casual,1.3,9.12,274.75,8.08,Medium,74.43,C
693,23,Male,3.48,3.99,6.63,70.65,Casual,1.06,4.72,263.29,4.61,Medium,55.53,F
694,21,Male,0.9,7.53,7.02,65.05,FPS,2.84,3.19,298.59,4.13,Medium,90.63,A-
695,22,Female,1.13,6.22,6.33,79.43,FPS,4.22,3.23,281.19,4.65,Medium,90.11,A-
696,23,Female,6.57,2.31,8.48,63.85,RPG,0.66,11.29,243.88,16.02,Low,36.22,F
697,17,Male,7.09,3.79,5.59,70.81,FPS,3.84,10.41,241.58,13.18,Low,44.96475423600024,F
698,23,Male,1.88,2.99,6.89,79.31,Casual,0.72,2.96,304.6,2.7,Medium,62.62,D-
699,18,Male,0.91,4.51,5.5,98.3,RPG,0.95,5.78,302.94,4.42,Medium,80.18,B-
700,22,Male,0.43,5.64,7.77,98.55,FPS,4.58,3.24,327.64,1.04,Medium,95.02,A
701,18,Male,4.87,5.56,4.51,89.75,FPS,0.05,7.17,277.4,9.34,Medium,54.28,F
702,22,Male,5.72,7.79,4.94,75.57,Casual,0.99,7.63,244.71,10.46,High,76.38071453885672,C
703,17,Male,2.98,2.7,8.01,94.61,Casual,1.08,8.71,296.06,8.55,Medium,65.78,D
704,21,Female,5.44,9.52,4.92,95.02,FPS,1.41,11.15,256.12,13.32,High,90.42625091219584,A-
705,18,Male,5.7,4.09,7.13,96.41,FPS,1.82,7.08,246.33,10.44,Low,56.33,F
706,18,Female,7.48,3.7,8.85,85.6,FPS,0.52,9.64,242.55,16.06,Low,40.08,F
707,24,Female,0.52,7.17,6.61,68.07,FPS,2.34,4.75,301.69,3.65,Medium,92.4,A-
708,22,Female,1.54,8.25,4.94,63.64,Casual,2,5.89,286.67,5.96,High,97.36755881512325,A
709,20,Male,0.55,4.41,5.6,96.59,Casual,3.12,3.64,309.44,0.73,Medium,85.47,B
710,22,Male,6.94,7.72,8.12,62.22,Casual,4.34,10.78,234.43,15.19,Low,70.24934880652862,C-
711,24,Male,6.34,8.95,5.76,71.84,Casual,1.49,10.85,227.49,14.97,High,73.05305241888387,C
712,16,Female,4.6,7.9,7.62,79.48,Casual,2.73,10.35,269.71,12.33,Medium,83.54,B
713,22,Male,0.67,1.31,7.89,60.88,RPG,1.86,5.3,304.15,0.99,Medium,61.53,D-
714,21,Female,2.19,8.45,6.51,96.28,Casual,0.2,3.74,280.63,4.47,Medium,91.27,A-
715,24,Female,2.38,7.97,7.92,71.48,RPG,4.11,6.97,297.94,8.24,Medium,99.94,A
716,16,Male,4.49,7.02,5.58,61.14,FPS,3.17,5.83,261.83,8.46,High,65.46,D
717,19,Female,2.06,7.84,6.58,99.74,RPG,0.01,5.57,305.86,6.59,Medium,97.22,A
718,24,Male,0.58,9.81,7.43,72.46,RPG,1.25,4.21,317.63,3,Medium,100,A
719,19,Male,5.85,4.88,4.84,95.07,Casual,1.54,10.74,247.82,13.23,Low,50.6,F
720,18,Male,2.39,1.61,5.37,78.14,RPG,4.06,3.45,302.3,7.83,Medium,42.77,F
721,24,Male,3.62,5.15,7.26,86.53,FPS,3.8,8.99,280.76,9.32,Medium,62.18,D-
722,17,Female,1.02,1.42,7.28,69.64,FPS,1.98,5.34,307.56,3.78,Medium,65.80361398516699,D
723,19,Male,6.42,3.65,6.47,80.12,Casual,0.79,7.58,248.08,12.45,Low,37.92,F
724,21,Male,4.52,6.28,7.98,70.31,Casual,1.93,6.32,271.2,12.9,Medium,74.54,C
725,17,Female,7.21,3.79,6.41,98.04,Casual,4.05,8.41,222.54,17.8,Low,37.98,F
726,23,Female,3.96,7.17,8.41,62.44,FPS,2.26,8.79,296.06,12.63,Medium,73.91,C
727,23,Male,7.53,8.4,7.68,70.99,FPS,0.58,9.38,230.32,17.72,Low,63.98963809238701,D
728,16,Female,7.13,4.78,5.57,95.72,RPG,0.19,8.36,235.32,13.11,Low,41.7,F
729,18,Female,4.61,9.1,5.98,79.2,Casual,1.67,6.3,247.11,9.17,High,85.71,B
730,24,Male,7.47,1.72,7.34,84,Casual,0.74,11.27,231.65,15.3,Low,28.11,F
731,20,Male,2.58,8.56,8.47,86.07,Casual,3.73,6.06,290.76,8.96,Medium,95.96,A
732,21,Male,2.93,8.46,4.89,62.84,RPG,1.39,5.16,273.34,11.65,High,86.3925211678864,B
733,19,Female,0.36,3.9,6.57,60.71,Casual,4.39,6.07,305.28,4.93,Medium,71.33,C-
734,17,Female,4.71,3.69,4.59,97.51,FPS,3.09,9.98,254.49,15.41,Medium,44.94,F
735,23,Female,5.78,3.75,5.4,70.86,FPS,1.97,8.35,247.69,13.76,Low,46.57,F
736,21,Female,6.19,8.3,7.43,75.21,Casual,3.05,9.56,247.85,14.7,Low,73.92048186023831,C
737,20,Male,1.2,8.48,4.39,87.28,FPS,1.48,4.78,303.37,3.03,High,100,A
738,24,Male,3.55,3.97,7.31,69.45,Casual,0.71,8.33,280.43,10.72,Medium,63.97,D
739,16,Male,1.41,6.33,8.5,89.32,RPG,4.82,4.55,309.83,6.22,Medium,96.99,A
740,20,Female,5.3,2.25,8.85,78.33,FPS,2.82,9.03,261.83,14.57,Low,48.08,F
741,21,Female,1.26,5.22,5.08,94.26,FPS,0.04,4.32,308.52,4.26,Medium,94.87186469891468,A
742,20,Male,7.23,9.99,7.74,71.14,FPS,1.55,12.04,236.1,17.26,Low,84.73095197262086,B
743,21,Female,1.85,2.43,8.63,68.15,Casual,0.8,5.63,300.69,5.47,Medium,70.4,C-
744,21,Male,2.33,9.53,4.46,93.27,FPS,1.29,7.47,290.57,6.1,High,88.36,B+
745,22,Male,6.81,8.42,6.07,73.05,RPG,0.28,8.08,231.68,16.02,Low,72.38503386250412,C-
746,19,Male,3.67,9.75,8.6,76.47,RPG,1.23,9.19,275.03,6.31,Medium,99.76,A
747,23,Male,0.19,2.62,5.01,91.75,FPS,3.42,5.29,324.25,-0.41,Medium,65.74,D
748,22,Male,3.96,2.92,8.67,85.42,FPS,4.1,9.05,278.95,9.37,Medium,57.84,F
749,24,Male,0.68,1.15,6.64,77.67,FPS,1.74,2.38,316.92,-0.34,Medium,57.24,F
750,22,Male,7.88,7.52,4.5,70,FPS,2.61,10.2,220.69,19.09,High,45.44068265234367,F
751,18,Male,4.7,6.8,6.25,90.57,RPG,0.21,10.6,261.44,11.46,Medium,59.4,F
752,18,Female,2.05,2.6,5.63,67.22,Casual,0.45,7.8,293.27,8.73,Medium,52.86,F
753,23,Male,4.51,8.12,5.41,97.13,FPS,2.76,6.64,259.81,12.69,High,86.65,B
754,20,Other,0.61,3.69,6.71,66.01,Casual,4.2,3.77,321.62,2.92,Medium,69.03228024504236,D+
755,19,Male,6.4,2.21,6.42,92.2,RPG,0.44,8.18,224.79,14.34,Low,31,F
756,23,Male,7.4,4.8,6.41,76.97,RPG,2.09,9.71,251.42,18.41,Low,51.534834967130024,F
757,21,Male,7,1.82,4.44,67.44,Casual,4.85,8.92,256.74,16.96,Low,14.65,F
758,17,Male,2.73,3.37,8.01,76.1,RPG,3.69,4.13,287.74,2.02,Medium,70.66508614136731,C-
759,19,Female,2.61,4.34,6.41,68.86,FPS,0.99,6.51,292.73,6.35,Medium,65.38,D
760,19,Male,0.28,8.67,8.1,65.44,FPS,1.43,2.48,325.13,2.69,Medium,100,A
761,21,Female,5.21,8.13,8.12,69.57,Casual,4.74,11.17,249.9,13.83,Low,100,A
762,21,Female,4.28,4.98,5.59,94.7,FPS,1.1,7.86,274.32,8.36,Medium,67.38,D+
763,16,Female,3.67,7.52,4.02,64.24,RPG,2.2,6.47,289.15,5.32,High,74.95,C
764,23,Female,7.26,6.12,8.56,98.9,RPG,1.78,12.83,214.85,18.53,Low,61.97,D-
765,21,Female,1.34,4.07,7.8,60.2,FPS,2.45,5.44,289.51,3.04,Medium,69.21,D+
766,18,Male,0.08,7.53,4.54,86.33,Casual,1.18,1.72,326.54,0.71,High,91.71,A-
767,24,Female,0.59,7.15,7.51,94.26,Casual,3.34,4.08,310.22,3.21,Medium,100,A
768,17,Male,1.79,6.57,4.1,97.36,RPG,1.17,5,294.65,4.86,Medium,91.72,A-
769,23,Male,0.27,6.56,4.14,65.76,FPS,3.01,5.1,313.49,1.09,Medium,66.93,D
770,18,Male,4.02,7.15,6.63,87.93,FPS,1.79,8.49,260.49,10.11,Medium,80.74,B-
771,20,Female,2.51,4.46,4.48,64.29,RPG,1.26,5.36,285.78,5.36,Medium,48.02,F
772,21,Female,1.44,8.82,8.82,74.1,Casual,3.48,4.79,289.52,7.87,Medium,100,A
773,21,Male,6,2.46,8.47,89.28,RPG,4.83,9.59,261.09,14.22,Low,48.96,F
774,19,Female,1.64,8.95,7.25,73.84,Casual,4.35,4.75,301.65,9.97,Medium,100,A
775,18,Male,5.5,4.08,4.32,72.53,FPS,0.43,7.04,255.07,9.13,Low,38.83,F
776,19,Male,2.79,2.13,5.62,64.64,Casual,2.27,8.32,293.19,7.74,Medium,39.59,F
777,16,Male,4.09,6.4,5.86,62.66,RPG,3.47,8.45,298.82,9.75,Medium,67.09,D+
778,19,Male,7.47,4.38,6.4,64.61,Casual,2.81,10.82,219.84,15.06,Low,26.18,F
779,16,Male,0.3,8.34,4.84,95.02,FPS,3.63,4.15,297.98,1.82,High,96.12,A
780,16,Female,4,4.88,6.89,60.45,RPG,4.88,6.07,271.69,8.08,Medium,59.43,F
781,21,Female,6.84,7.02,6.18,87.71,Casual,1.71,10.49,219.65,13.55,Low,64.20655124113735,D
782,20,Male,4.7,3.77,8.74,90.74,Casual,3.85,9.43,260.21,15.35,Medium,76.37253510905738,C
783,19,Female,2.21,2.89,8.68,82.72,FPS,0.47,5.88,302.22,6.09,Medium,74.07,C
784,18,Female,3.18,4.49,6.83,89.23,FPS,4.35,6.58,297.12,9.91,Medium,74.83,C
785,16,Female,5.44,6.46,7.22,86.09,RPG,3.89,8.75,239.06,14.52,Low,81.45693261182441,B-
786,21,Female,7.13,6.91,4.69,78.22,Casual,2.6,11.94,225.01,19.52,Low,44.89,F
787,17,Male,0.33,6.2,5.12,75.31,RPG,4.11,5.1,319.67,1.08,Medium,73.76,C
788,23,Female,0.57,9.89,8.5,97.65,FPS,3.33,5.32,320.7,6.05,Medium,100,A
789,20,Female,2.6,7.22,7.5,98.88,Casual,2.76,4.83,296.91,6.17,Medium,100,A
790,22,Male,1.86,9.38,4.95,86.05,RPG,4.73,5.95,312.43,9.84,High,100,A
791,17,Male,2.12,2.06,6.85,67.89,FPS,0.65,7.01,301.85,7.73,Medium,60.65,D-
792,23,Female,1.77,1.55,8.67,77.92,FPS,4.96,5.58,297.56,3.14,Medium,64.72,D
793,17,Male,1.57,3.8,5.73,79.86,Casual,0.77,6.46,311.78,8.1,Medium,79.18,C+
794,19,Other,1.04,2.23,4.93,90.32,FPS,2.4,6.31,308.22,7.03,Medium,62.23,D-
795,16,Male,7.47,5.73,8.71,86.71,FPS,1.16,9.34,233.11,13.29,Low,56.12,F
796,20,Female,1.15,5.67,6.31,80.59,RPG,1.36,3.68,301.26,5.05,Medium,90.1,A-
797,24,Male,1.64,6.18,6.09,87.21,FPS,3.16,5.65,301.89,8.49,Medium,94.71,A
798,16,Female,1.97,7.71,5.34,60.96,FPS,0.17,4.42,280.06,6.12,High,88.08,B+
799,24,Female,7.46,9.74,8.46,91.07,RPG,4.7,13.17,240.83,15.83,Low,100,A
800,23,Male,6.05,8.9,8.23,68.47,Casual,1.4,8.02,237.31,15.11,Low,89.37972250981585,B+
801,21,Female,6.32,2.07,6.01,86.26,FPS,1.36,9.1,235.28,15.36,Low,29.55,F
802,22,Male,0.84,4.05,4.15,64.56,FPS,4.32,6.81,286.65,4.2,Medium,57.13,F
803,18,Male,6.69,3.3,6.23,64.58,RPG,3.82,8.64,231.49,13.43,Low,23.74,F
804,16,Male,3.27,2.59,4.9,61.43,FPS,3.36,6.51,271.18,9.48,Medium,27.75,F
805,20,Female,2.1,5.9,4.71,96.41,RPG,0.73,4.67,296.97,3.66,Medium,82.28,B-
806,17,Male,4.61,5.98,5.97,84.18,Casual,3.85,9.66,251.73,12.15,Medium,64.05,D
807,20,Male,6.58,3.05,4.5,74.48,RPG,1.8,9.1,236.6,16.82,Low,28.6,F
808,23,Male,6.23,7.41,8.79,91.51,FPS,4.97,8.04,238.44,16.4,Low,93.4418630473577,A
809,24,Female,7.12,7.6,4.24,85.04,FPS,3.36,12.79,216.96,16.02,High,63.455022488671275,D
810,17,Female,7.43,1.19,6.01,84.8,FPS,4.18,10.02,233.22,12.98,Low,20.84,F
811,18,Male,1.9,4.56,4.81,79.48,FPS,3.67,6.61,295.01,4.74,Medium,75.56,C
812,18,Male,3.39,9.01,7.44,60.32,FPS,2.97,5.84,279.72,9.64,Medium,84.67,B
813,16,Female,0.12,5.68,4.39,70.34,FPS,3.58,2.01,326.86,-0.3,Medium,80.32,B-
814,23,Male,7.03,4.13,6.73,64.36,Casual,2.99,12.04,235.72,18.73,Low,38.05,F
815,21,Female,1.24,3.28,7.87,86.5,Casual,0.26,2.52,301.79,1.63,Medium,74.97,C
816,23,Female,6.89,3.19,8.75,69.94,RPG,1.73,9.55,246.55,14,Low,35.71,F
817,24,Female,2.64,1.9,7.49,78.01,FPS,1.58,7.54,285.06,7.38,Medium,59.18798816746931,F
818,20,Male,2.95,8.36,4.5,74.14,Casual,3.57,6.51,279.55,9.57,High,83.41,B
819,18,Female,0.31,1.78,4.44,65.73,FPS,2.88,4.76,322.98,-0.32,Medium,46.93,F
820,20,Female,2.62,3.63,7.66,98.33,FPS,3.05,3.95,280.76,6.46,Medium,60.97,D-
821,20,Female,7.11,1.41,5.08,97.34,FPS,4.23,11.86,246.35,17.12,Low,17.29,F
822,20,Male,0.2,8.03,6.24,63.38,RPG,2.63,2.06,319.2,-0.65,Medium,90.07,A-
823,18,Male,3.25,1.35,8.88,93.09,FPS,1.09,8.29,296.69,9.73,Medium,60.36,D-
824,19,Male,0.25,3.77,8.1,79.53,FPS,0.06,4.07,316.4,2.05,Medium,70.93,C-
825,24,Female,2.97,6.16,8.23,90.95,FPS,0.8,7.67,293.84,6.03,Medium,87.51,B+
826,24,Female,1.38,4.69,8.3,66.05,Casual,0.15,3.44,287.05,3.64,Medium,90.42,A-
827,17,Male,2.02,3.54,7.1,65.29,FPS,1.19,5,308.58,3.45,Medium,64.42,D
828,23,Male,7.02,3.48,7.72,95.63,FPS,3.17,12.03,242.65,15.26,Low,53.30625203912849,F
829,23,Male,3.49,8.18,5.79,95.91,RPG,0.76,9.04,271.67,11.51,High,95.79,A
830,22,Female,2.19,9.77,8.99,78.64,FPS,0.41,4.32,302.37,4.82,Medium,100,A
831,23,Female,4.71,4.13,5.4,94.81,RPG,4.85,9.68,250.81,13.62,Medium,53.75,F
832,18,Male,1.14,1.35,6.95,86.7,FPS,4.98,2.68,301.35,2.74,Medium,66.2,D
833,21,Male,2.08,1.33,5.41,67.4,RPG,3.19,5.21,286.53,3.8,Medium,39.42,F
834,16,Male,4.37,7.83,4.56,73.16,RPG,0.54,10.06,276.76,12.54,High,65.42,D
835,22,Female,1.9,5.97,6.84,65.44,Casual,4.11,7.63,309.68,7.79,Medium,72.38,C-
836,16,Female,5.43,8.05,5.77,90.96,FPS,2.7,7.91,250.35,9.64,High,91.58278429455189,A-
837,24,Female,3.93,7.28,6.92,99.41,RPG,0.91,5.89,260.13,11.11,Medium,89.75,B+
838,16,Male,6.18,9.17,6.79,81.86,Casual,2.88,7.93,236.07,16.28,Low,79.90021781286356,C+
839,16,Female,7.59,8.97,6.71,86.23,Casual,0.2,10.99,229.84,18.13,Low,77.27314657157552,C+
840,22,Male,0.93,8.09,4.62,89.84,Casual,4.86,2.39,309.13,2.74,High,88.14,B+
841,17,Female,2.68,5.28,6.2,68.97,Casual,4.13,5.46,284.44,10.77,Medium,68.74,D+
842,20,Male,2.56,3.77,8.06,73.44,RPG,1.3,3.65,280.98,6.74,Medium,69.01,D+
843,23,Female,1.21,5.56,5.58,76.49,FPS,2.09,3.51,321.76,3.96,Medium,78.73,C+
844,23,Female,6.48,5.52,6.22,83.78,Casual,1.98,11.98,236.04,19.11,Low,46.08,F
845,18,Female,6.08,6.49,6.47,94.02,RPG,4.31,9.31,238.71,16.98,Low,69.09,D+
846,22,Female,3.88,2.67,8.31,70.17,RPG,1.77,5.25,284.91,5.57,Medium,55.45,F
847,18,Male,4.3,6.9,7.28,78.84,RPG,0.24,8.53,265.58,9.71,Medium,84.75,B
848,21,Male,0.48,5.11,4.5,90.06,RPG,1.07,6.26,319.36,5.02,Medium,78.56891139604457,C+
849,21,Female,4.44,6.58,8.33,63.5,RPG,1.08,7.76,257.97,12.99,Medium,70.77,C-
850,18,Male,6.33,3.16,8.16,80.52,RPG,4.75,10.45,249.1,12.39,Low,43.68,F
851,22,Male,4.59,4.91,7.77,65.78,FPS,4.62,10.19,272.27,13.8,Medium,66.12,D
852,18,Male,2.12,2.89,6.33,81.57,Casual,1.5,5.22,283.4,4.98,Medium,57.01,F
853,23,Female,5.34,8.88,7.79,90.71,Casual,0.01,9.66,250.58,14.27,Low,100,A
854,19,Male,2.89,5.39,6.39,69.48,RPG,2.58,6.09,276.27,6.25,Medium,70.63,C-
855,16,Male,4.36,3.02,7.68,93.98,FPS,3.99,10.17,262.4,6.96,Medium,65.97,D
856,19,Male,3.9,1.37,8.4,73.39,FPS,1.34,7.42,289.21,6.02,Medium,50.92,F
857,22,Male,3.05,7.08,8.45,67.63,FPS,2.2,8.48,285.97,6.56,Medium,76.93,C
858,19,Female,5.75,2.93,6.27,78.61,FPS,0.86,9.29,270.48,12.09,Low,33.6,F
859,21,Other,7.07,9.91,8.3,95.04,FPS,1.64,11.41,249.99,16.3,Low,85.4718747079851,B
860,24,Female,0.04,5.8,4.51,62.76,FPS,3.79,2.97,330.83,0.51,Medium,69.39,D+
861,16,Male,7.47,3.6,4.51,73.1,FPS,2.14,13.06,244.9,17.64,Low,27.36,F
862,20,Female,4.09,6.92,6.74,86.13,RPG,2.24,8.32,282.52,9.3,Medium,76.45,C
863,22,Female,5.61,3.48,7.26,74.3,Casual,3.95,6.71,269.73,11.76,Low,45.81,F
864,16,Male,6.84,8.38,4.76,62.83,FPS,3.81,7.92,243.37,16.08,High,57.969388232639616,F
865,19,Female,3.74,3.77,6.36,73.28,RPG,0.94,8.12,281.98,9.64,Medium,58.27,F
866,21,Female,6.68,9.89,4.47,92.84,Casual,2.08,8.25,246.42,15.23,High,76.80640137935809,C
867,17,Female,1.42,6.45,7.01,98.72,Casual,4.24,6,298.57,6.56,Medium,100,A
868,20,Female,1.27,8.6,8.28,61.59,FPS,2.28,3.88,313.22,3.53,Medium,100,A
869,16,Male,5.26,1.66,7.69,82.77,FPS,3.31,8.95,269.46,8.78,Low,41.07,F
870,21,Male,6.96,4.13,5.89,64.21,FPS,1.53,8.83,230.48,15.36,Low,28.05,F
871,21,Female,7.14,7.64,8.97,87.22,FPS,0.3,9.37,225.75,14.05,Low,75.01895932574789,C
872,19,Male,5.15,6.9,7.31,60.32,RPG,0.82,8.33,252.69,13.61,Low,70.02,C-
873,23,Male,4.2,2.75,8.08,60.59,FPS,2.01,8.53,283.17,13.3,Medium,49.2,F
874,19,Female,2.65,4.21,7.35,91.08,Casual,1.77,4.43,285.83,5.67,Medium,79,C+
875,23,Female,7.84,3.37,8.95,62.98,FPS,4.48,10.25,214.88,17.21,Low,33.41,F
876,23,Male,2.56,6.52,8.11,72.21,Casual,2.73,4.59,278.89,7.47,Medium,87.6,B+
877,20,Female,5.95,4.1,6.6,98.32,FPS,3.14,11.26,239.56,12.93,Low,57.12,F
878,19,Female,4.26,3.78,5.83,99.41,RPG,3.44,8.5,261.75,10.66,Medium,80.5512030847191,B-
879,17,Female,4.87,2.87,7.41,66.46,RPG,2.66,8.21,247.57,8.31,Medium,51.82,F
880,18,Male,3.15,4.68,6.95,82.44,RPG,3.85,8.88,288.26,11.25,Medium,73.86,C
881,18,Male,7.72,2.76,7.15,82.37,FPS,3.92,12.4,225.47,21.15,Low,28.43,F
882,19,Male,4.57,9.66,5.72,78.1,FPS,1.76,10.23,270.5,12.17,High,91.02,A-
883,19,Male,7.5,2.39,6.14,96.99,FPS,0.42,11.49,207.03,15.49,Low,23.19,F
884,20,Male,0.06,9.22,6.79,90.16,RPG,4.93,1.75,330,1.49,Medium,100,A
885,19,Male,4.58,4.86,8.2,90.58,FPS,3.21,8.96,264.22,8.8,Medium,75.92,C
886,23,Male,5.74,4.4,7.81,70.78,RPG,3.54,7.75,256.12,11.61,Low,56.13,F
887,21,Female,5.96,3.08,4.59,77.37,FPS,3.78,8.69,263.69,12.45,Low,35.66583457959992,F
888,21,Male,7.24,6.72,5.23,79.5,FPS,3.06,10.79,236.8,15.21,Low,48.41,F
889,23,Female,0.04,7.17,4.13,71.96,RPG,2.35,1.83,340.64,1.41,High,79.47,C+
890,22,Female,0,5.21,4.04,63.79,RPG,4.92,1.1,301.2,1.42,Medium,62.72,D-
891,23,Male,3.78,1.5,5.12,65.05,FPS,3.64,6.42,271.46,8.91,Medium,41.55,F
892,17,Female,0.23,9.27,8,67.23,RPG,4.23,5.35,299.21,4.82,Medium,100,A
893,24,Female,7.8,9.82,8.52,68.15,Casual,2.2,8.88,229.54,16.92,Low,76.45287211421343,C
894,16,Male,1.78,4.88,5.96,69.69,FPS,4.52,3.33,299.41,3.35,Medium,72.17,C-
895,23,Female,3.78,6.52,6.82,70.22,FPS,3.66,8.81,263.72,9.86,Medium,69.29,D+
896,19,Male,0.49,5.05,7.53,78.23,RPG,3.73,3.02,335.86,2.08,Medium,79.58,C+
897,19,Female,4.18,3.9,8.76,80.38,Casual,0.43,9.87,266.25,10.44,Medium,56.84,F
898,20,Male,3.04,1.7,8.56,72.36,FPS,3.09,5.94,261.46,8.55,Medium,47.79,F
899,23,Female,0.36,5.1,4.29,96.29,RPG,1.68,5.34,322.48,-1.05,Medium,75.25,C
900,20,Male,2.68,8.37,5.24,82.13,Casual,3.35,4.97,294.8,6.57,High,89.33,B+
901,23,Female,3.13,1.15,4.25,91.5,RPG,2.84,4.44,277.65,7.53,Medium,31.89,F
902,16,Male,7.92,6.24,7.08,96.97,FPS,0.56,13.33,232.84,19.74,Low,51.18,F
903,24,Female,1.66,8.93,7.55,66.53,RPG,2.65,7.3,290.58,8.36,Medium,100,A
904,21,Female,4.36,2.96,5.54,77.11,FPS,2.26,8.9,263.51,10.71,Medium,42.49,F
905,18,Male,7.9,2.65,8.27,77.33,FPS,3.88,12.75,229.14,19.89,Low,22.82,F
906,23,Female,6.34,7.95,6.26,74.18,FPS,2.51,7.38,253.16,14.42,Low,73.86543772211473,C
907,24,Male,7.95,3.3,8.99,60.36,FPS,2.41,12.72,222.36,18.81,Low,31.63,F
908,21,Female,7.75,2.73,4,92.64,FPS,3.6,11.11,222.18,14.4,Low,23.82505369747551,F
909,22,Female,3.92,4.4,4.55,64.46,Casual,3.34,7.18,272.55,11.65,Medium,53.18,F
910,16,Female,5.57,4.53,5.51,99.82,Casual,4.96,9.27,232.7,13.18,Low,55.22,F
911,20,Female,0.88,8.87,4.13,90.92,FPS,1.76,3.24,306.64,2.44,High,100,A
912,20,Male,3.53,6.57,7.91,83.2,FPS,3.44,8.01,257.83,6.99,Medium,74.35,C
913,19,Male,6.47,4.65,4.26,66.18,Casual,0.84,8.95,233.94,9.29,Low,24.82,F
914,21,Male,4.04,5.81,7.74,80.62,RPG,4.02,7.83,257.3,13.78,Medium,71.67,C-
915,22,Female,5.62,9.59,4.26,70.44,Casual,3.93,7.3,257.84,12.69,High,83.79793508418288,B
916,24,Male,5.97,2.02,5.26,70.09,RPG,3.63,10.35,241.05,11.92,Low,32.88,F
917,16,Female,2.03,2.87,8.21,93.18,Casual,0.6,3.98,308.02,2.51,Medium,82.41129974554681,B-
918,21,Female,7.01,9.66,8.76,75.23,FPS,4.94,8.86,217.41,14.39,Low,91.25440478535728,A-
919,22,Male,3.68,9.62,6.07,78.03,FPS,4.71,4.8,273.4,9.54,Medium,99.06,A
920,18,Female,1.68,2.59,8.85,93.72,FPS,1.85,3.29,300.69,5.43,Medium,81.16,B-
921,23,Male,6.92,2.31,7.13,63.51,RPG,2.89,9.08,241.86,16.28,Low,23.98,F
922,20,Male,3.34,4.79,6.08,83.78,Casual,4.44,5.45,301.46,5.96,Medium,62.08,D-
923,24,Female,6,1.45,8.01,83.13,Casual,2.47,8.64,228.33,12.96,Low,39.06,F
924,20,Male,4.38,6.89,5.48,77.01,Casual,3,5.65,259.86,9.65,Medium,70.64,C-
925,24,Male,3.05,1.7,5.33,93.19,FPS,3.02,8.73,303.37,8.83,Medium,58.865300170598914,F
926,19,Female,6.48,1.52,7.28,97.72,Casual,3.25,8.08,233.03,14.85,Low,38.6,F
927,24,Male,4.68,5.37,5.95,78.61,FPS,2.88,9.19,268.26,14.76,Medium,74.23277184362836,C
928,20,Other,3.12,9.62,4.68,78.25,Casual,2.03,6.8,273.16,8.5,High,84.75,B
929,24,Other,0.88,4.84,4.33,80.08,FPS,2.7,4.64,295.5,2.47,Medium,79.92,C+
930,18,Male,7.16,4.21,7.94,88.92,FPS,4.36,8.69,225.92,12.18,Low,54.38,F
931,19,Male,0.28,9.98,7.38,86.72,Casual,4.32,2.5,336.42,2.02,Medium,100,A
932,24,Female,6.91,5.79,6.06,68.91,Casual,3.86,11.81,225.41,14.95,Low,49.50759146593076,F
933,21,Male,2.88,4.38,8.48,62.56,Casual,2.07,6.2,282.46,8.28,Medium,75.28501012797848,C
934,17,Male,5.11,4.47,6.05,97.97,FPS,3.93,8.4,256.13,12.59,Low,57.83,F
935,22,Female,7.38,2.75,7.55,70.44,Casual,1.94,11.11,240.6,19.75,Low,29.15,F
936,17,Male,1.21,5.61,8.55,85.54,RPG,3.32,4.38,316.77,4.43,Medium,100,A
937,17,Female,4.54,4.95,8.2,93.14,RPG,2.84,9.57,266.6,12.51,Medium,70.27,C-
938,16,Male,6.12,3.44,6.56,72.01,RPG,1.5,10.86,214.66,13.3,Low,42.81,F
939,18,Male,6.06,2.44,7.4,85.42,Casual,2.26,8.65,238.39,10.55,Low,38.29,F
940,21,Male,4.21,3.8,6.07,64.32,RPG,4.15,9.27,257.5,13.1,Medium,49.34,F
941,23,Other,5,5.58,7.24,98.8,FPS,4.56,8.59,271.59,14.21,Medium,73.33,C
942,24,Female,6.06,1.52,5.29,62.33,RPG,1.03,10.2,238.07,13.53,Low,19.75,F
943,22,Female,6.73,2.38,6.17,77.53,Casual,2.28,12.06,256.07,12.26,Low,23.92,F
944,19,Male,6.09,9.53,5.05,81.47,FPS,2.17,9.47,251,16.59,High,80.35492307143629,B-
945,21,Male,2.83,5.89,4.19,91.62,FPS,2.45,7.61,297.39,10.43,Medium,75.39,C
946,20,Male,7.97,1.57,6.94,64.85,RPG,4.88,12.11,246.92,17.78,Low,14.12,F
947,23,Female,3.48,7.24,8.32,77.63,FPS,2.59,6.61,268.8,10.66,Medium,100,A
948,16,Female,0.2,1.56,4.13,71.99,FPS,4.15,5.15,301.4,2.79,Medium,58.67472718768224,F
949,16,Female,2.9,7.65,4.98,72.48,Casual,3.32,4.43,287.07,7,High,76.28,C
950,21,Male,1.02,7.75,6.3,91.15,FPS,0.54,4.93,317.3,0.74,Medium,100,A
951,17,Female,0.97,6.86,7.33,60.22,FPS,3.48,2.2,301.71,5,Medium,88.4,B+
952,20,Male,2.25,7.59,4.86,89.96,RPG,3.24,4.03,293.36,1.88,High,84.65,B
953,16,Other,0.43,1.79,4.28,92.42,RPG,3.79,4.42,327.01,6.3,Medium,68.27,D+
954,22,Male,5.51,7.54,6.6,96.05,FPS,0.37,8.05,265.06,15.94,Low,99.72088761560212,A
955,16,Female,0.59,2.23,8.09,85.08,Casual,1.21,2.9,307.1,-2.77,Medium,73.61,C
956,19,Male,1.63,4.06,4.18,73.34,RPG,3.85,7.41,303.15,9.26,Medium,59.67,F
957,24,Male,0.74,9.48,5.75,77.09,FPS,1.85,3.57,301.76,2.42,High,99.34,A
958,16,Female,0.51,5.53,7.32,98.79,FPS,4.55,4.33,299.38,3.77,Medium,88.66,B+
959,19,Male,2.14,9.71,4.65,95.25,RPG,2.59,5.81,307.9,3.29,High,100,A
960,21,Male,4.58,1.8,5.18,78.54,FPS,0.01,5.89,243.71,9.17,Medium,37.4,F
961,21,Female,7.72,5.3,6.68,97.72,Casual,3.49,12.09,229.27,15.26,Low,43.37,F
962,23,Female,7,1.56,8.77,92.92,FPS,2.57,10.56,232.3,14.2,Low,51.917831083451254,F
963,16,Female,7.01,6.67,5.44,96.04,RPG,1.59,9.92,241.37,17.92,Low,58.63836249357057,F
964,22,Male,1.41,1.71,6.44,87.32,Casual,0.1,2.74,296.23,5.48,Medium,73.19,C
965,16,Female,2.12,2.58,6,94.31,Casual,0.99,4.59,305.98,7.12,Medium,67.45,D+
966,22,Female,0.61,3.33,8.49,95.67,FPS,0.81,6.03,310.46,2.85,Medium,84.91,B
967,18,Male,6.23,7.74,4.36,63.68,RPG,2.91,8.1,259.75,12.01,High,61.46903751707893,D-
968,23,Female,0.56,2.48,6.83,98.61,FPS,3.85,2.66,315.47,-1.13,Medium,88.13538767705647,B+
969,18,Male,4.45,8.62,8.23,73.34,Casual,1.17,6.48,256.1,11.27,Medium,97.73,A
970,16,Male,1.98,2.19,8.94,77.6,RPG,3.49,7.43,301.67,10.56,Medium,72.79,C-
971,23,Male,1.95,1.32,7.49,91.68,FPS,4.5,6.45,300.78,9.06,Medium,71.18,C-
972,18,Male,7.93,4.56,5.9,86.6,Casual,3.11,13.34,223.77,18.63,Low,32.77,F
973,17,Female,6.05,9.81,6.06,95.72,FPS,3.88,11.62,239.92,15.87,Low,100,A
974,16,Female,6.7,1.99,5.76,76.02,FPS,1.02,12.34,248.21,16.71,Low,18.36,F
975,18,Female,4.58,1.92,7.02,74.93,RPG,0.37,8.01,255.39,12.69,Medium,47.42,F
976,17,Female,6.97,7.76,7.7,61.27,FPS,1.83,10.35,227.76,19.11,Low,69.11215503337397,D+
977,17,Male,5.16,3.81,8.1,78.51,Casual,3.55,10.3,263.35,11.75,Low,49.52,F
978,21,Female,7.57,7.46,6.08,88.96,FPS,3.43,10.23,227.05,15.41,Low,54.5766592758857,F
979,16,Female,2.25,2.8,7.58,72.05,RPG,4.78,3.36,273.35,4.48,Medium,62.05,D-
980,17,Male,4.76,5.14,8.58,78.51,Casual,3.15,7.42,253.26,10.78,Medium,63.52,D
981,21,Female,5.52,3.39,8.6,68.78,FPS,2.06,10.1,257.82,14.79,Low,52.24469526224957,F
982,18,Other,3.14,5.06,7.52,90.91,FPS,3.99,4.76,279.62,6.96,Medium,82.76626414604591,B-
983,19,Female,7.04,7.92,7.18,62.42,FPS,0.77,11.96,234.51,14.83,Low,62.51605247006818,D-
984,16,Female,7.84,7.86,6.66,88.22,Casual,4.07,12.92,228.54,16.54,Low,56.35232805367256,F
985,23,Male,3.95,5.64,4.92,75.16,Casual,1.83,5.45,277.16,6.3,Medium,53.65,F
986,22,Male,3.13,9.36,4.62,61.66,FPS,0.77,4.62,283.6,6.79,High,77.81,C+
987,22,Male,3.78,3.37,6.43,94.14,FPS,0.81,5.77,241.36,10.62,Medium,64.49,D
988,18,Female,6.82,3.16,4.8,79.51,Casual,4.92,9.6,237.61,15.87,Low,47.80901757862212,F
989,18,Female,5.16,6.52,6.88,83.97,RPG,3.12,8.82,252.92,13.28,Low,75.69,C
990,17,Other,0.36,6.59,7.23,89.28,RPG,0.87,3.79,315.99,0.27,Medium,93.03,A
991,16,Male,4.34,1.42,6.63,86.2,RPG,1.34,9.61,278.6,8.97,Medium,44.9,F
992,22,Male,0.14,6.47,4.18,89.23,Casual,1.86,1.85,307.6,1.49,Medium,82.2,B-
993,22,Female,6.23,4.37,4.29,90.49,Casual,0.28,10.72,245.94,17.2,Low,38.71,F
994,17,Female,2.63,7.73,4.57,83.57,Casual,0.54,6.37,293.21,8.82,High,81.75,B-
995,22,Male,3.78,8.27,4.77,74.63,Casual,3.81,8.46,271.54,8.55,High,77.78,C+
996,23,Female,6.39,5.97,8.95,69.73,Casual,3.93,9.1,230.23,18.72,Low,51.5,F
997,16,Female,0.37,1.02,5.72,96.12,FPS,4.94,3.73,303.52,-1.64,Medium,54.29,F
998,24,Female,1.27,6.73,5.46,98.8,FPS,0.34,2.41,304.41,3.17,Medium,93.78,A
999,22,Female,3.18,7.74,4.26,74.31,Casual,4.45,4.76,275.64,7.36,High,86.35,B
1000,18,Male,1.84,3.24,7.18,64.49,FPS,1.59,4.71,278.64,4.7,Medium,70.7,C-
1001,23,Other,2.7,5.18,7.26,68.9,Casual,1.64,6.11,279.62,8.16,Medium,77.43,C+
1002,22,Female,7.99,9.69,4.88,86.83,Casual,0.64,9.42,211.11,16.29,High,78.18298312588541,C+
1003,23,Male,6.6,3.68,8.6,66.92,RPG,4.93,11.72,248.28,12.77,Low,49.84,F
1004,21,Male,7.07,3.01,8,91.2,FPS,4.9,12.8,220.32,16.83,Low,41.24,F
1005,24,Female,7.5,2.9,5.15,96.92,FPS,4.32,11.48,244.2,17.32,Low,30.13,F
1006,20,Male,2.73,6.03,6.43,98.55,FPS,0.45,4,308.84,7.92,Medium,83.32,B
1007,18,Male,2.38,9.55,6.29,60.37,Casual,4.21,7.07,284.03,9.94,Medium,95.99,A
1008,18,Female,1.87,6.48,5.74,98.33,FPS,3.17,3.96,291.42,3.07,Medium,88.85,B+
1009,16,Male,6.64,3.73,8.09,89.61,Casual,0.64,11.31,249.76,18.96,Low,56.55,F
1010,23,Female,5.44,6.75,4.55,63.36,FPS,1.31,8.61,265.56,11.61,Low,49.92,F
1011,17,Male,1.89,6.62,6.08,76.61,Casual,3.45,3.16,292.4,3.39,Medium,82.08,B-
1012,18,Female,3.02,6.37,6.14,88,FPS,4.02,5.41,279.36,6.41,Medium,79.49,C+
1013,23,Male,4.05,2.43,6.34,98.27,RPG,4.24,7.19,267.08,5.77,Medium,62.49,D-
1014,23,Male,4.23,6.71,8.31,66.57,FPS,2.72,8.91,260.72,9.95,Medium,72.66,C-
1015,19,Male,7.11,4.87,5.09,65.11,FPS,2.67,8.78,243.79,17.68,Low,30.29,F
1016,19,Female,3.04,1.17,4.51,78.89,RPG,3.42,5.48,285.07,8.25,Medium,39.41,F
1017,20,Female,7.27,5.86,7.09,98.72,Casual,3.89,8.69,225.51,15.71,Low,47.31,F
1018,21,Male,3.53,9.9,4.87,98.86,FPS,0.85,7.61,278.29,9.8,High,88.4,B+
1019,20,Female,5.97,4.15,4.37,69.12,FPS,3.7,9.34,244.58,16.15,Low,39.57,F
1020,22,Female,7.44,9.69,6.13,72.77,Casual,1.71,13.09,255.75,15.95,Low,71.69241666345292,C-
1021,17,Other,7.26,1.87,5.1,96.32,Casual,1.92,11.96,230.39,18.68,Low,16.09,F
1022,22,Male,0.46,7.59,5.81,89.39,FPS,0.39,5.35,321.88,3.5,High,98.9839242766319,A
1023,22,Female,1.65,2.03,5.3,98.89,FPS,2.94,3.47,304.55,2.64,Medium,61.01,D-
1024,16,Male,3.82,3.46,4.46,95.73,FPS,0.47,6.15,272.65,9.73,Medium,52.43,F
1025,22,Male,3.45,6.14,6.8,68.6,FPS,4.57,7.02,283,8.85,Medium,79.47566584894383,C+
1026,20,Other,5.13,6.34,4.14,90.39,FPS,3.1,6.2,260.54,9.18,Low,47.74,F
1027,18,Female,7.56,7.98,8.83,61.94,FPS,4.95,12.91,254.15,15.66,Low,72.16168041890619,C-
1028,18,Male,0.9,6.54,5.71,92.71,RPG,1.23,5.79,308.23,3.38,Medium,88.55,B+
1029,19,Male,3.61,6.34,7.48,84.06,RPG,3.4,4.9,250.61,6.84,Medium,76.27,C
1030,17,Female,1.54,9.21,8.05,98.24,FPS,4.82,6.79,323.41,8.15,Medium,100,A
1031,17,Female,7.15,5.07,5.4,98.4,RPG,1.49,8.17,229.1,14.38,Low,38.13,F
1032,16,Male,7.72,3.03,7.74,62.03,FPS,0.48,9.29,228.22,15.48,Low,23.28,F
1033,20,Female,3.83,2.46,8.16,66.42,FPS,3.17,5.11,268.6,10.56,Medium,46.25,F
1034,19,Male,0.83,4.6,5.21,79.37,FPS,1.83,4.23,304.05,6.06,Medium,74.46,C
1035,17,Male,6.28,7.41,8.96,95.18,FPS,1.37,11.2,233.45,13.36,Low,89.11573720651262,B+
1036,18,Female,5.58,1.38,4.1,92.58,Casual,4.97,7.47,233.02,9.62,Low,37.45601457706731,F
1037,22,Male,2.84,2.16,5.09,98.57,FPS,3.77,7.7,278.75,9.14,Medium,52.37,F
1038,22,Male,7.1,1.96,7.9,84.72,Casual,2.43,9.02,239.94,14.75,Low,24.56,F
1039,19,Female,7.81,6.27,4.97,70.26,RPG,0.25,13.76,209.82,17.5,Low,32.64,F
1040,20,Female,4.46,3.19,7.49,61,RPG,0.96,9.73,271.53,13.63,Medium,49.72,F
1041,20,Male,4.53,2.5,8.28,68.92,RPG,1.49,9.22,288.84,10.88,Medium,46.64,F
1042,21,Female,2.38,6.33,8.8,87.01,FPS,2.44,6.34,294.31,10.58,Medium,89.67,B+
1043,24,Female,4.68,7.85,6.37,97.05,FPS,2.49,6.89,249.95,10.56,Medium,75.84,C
1044,17,Male,3.52,3.99,8.86,72.84,FPS,0.12,5.12,281.79,8.17,Medium,64.31,D
1045,20,Female,2.42,6.2,6.06,95.03,RPG,4.72,5.72,300.54,10.97,Medium,75.09,C
1046,18,Male,0.54,1.88,5.09,75.8,RPG,2.71,3.55,326.56,3.2,Medium,54.97,F
1047,19,Male,2.02,9.42,6.57,72.33,RPG,0.1,6.39,297.64,4.81,Medium,99.01,A
1048,21,Female,1.58,4.03,7.25,80.35,FPS,3.51,3.43,307.08,2.04,Medium,78.79,C+
1049,23,Other,4.34,9.98,6.29,77.69,Casual,0.36,8.15,276.42,9.66,Medium,88.46,B+
1050,16,Male,4.81,9.81,6.83,96.55,FPS,3.61,9.28,268.3,12.33,Medium,91.09,A-
1051,23,Male,4.87,8.01,6.08,78.73,FPS,3.51,7.36,264.74,12.81,Medium,73.02,C
1052,22,Female,3.11,1.18,6.62,71.09,Casual,4.92,8.01,276.29,5.66,Medium,41.79,F
1053,16,Male,3.37,5.89,8.76,93.7,FPS,1.71,6.53,289.1,8.33,Medium,86.88,B
1054,17,Male,6.67,1.78,6.5,99.95,Casual,0.72,8.48,234.6,16.8,Low,41.38,F
1055,18,Male,3.81,9.06,5.27,85.93,FPS,0.46,5.78,300.3,9.13,High,85.4,B
1056,16,Female,7.9,8.11,7.79,70.02,FPS,0.36,10.29,218.8,19.71,Low,59.14525840213293,F
1057,24,Male,3.52,9.75,5.69,69.55,FPS,4.05,5.31,285.79,4.92,High,87.67,B+
1058,23,Male,5.2,6.48,8.08,62.31,RPG,3.59,9.01,244.82,11.85,Low,63.72,D
1059,17,Female,0.4,5.7,4.28,63.09,RPG,4.88,6.15,310.43,3.92,Medium,67.26,D+
1060,24,Female,5.23,5.67,5.66,96.6,FPS,1.55,10.71,251.35,14.31,Low,66.96671223711466,D
1061,22,Female,6.81,4.48,4.47,63.86,FPS,4.02,9.43,224.61,13.23,Low,37.40572590195784,F
1062,24,Male,7.54,5.22,4.43,79.37,FPS,0.47,12.86,223.78,18.57,Low,34.8,F
1063,21,Female,7.98,6.72,7.29,87.92,FPS,4.52,13.75,227.84,19.83,Low,60.77043702320368,D-
1064,21,Male,2.26,9.4,5.93,94.01,Casual,0.26,4.73,290.41,5.61,High,100,A
1065,19,Male,4.6,6.36,8.36,66.85,FPS,3.94,10.13,276.73,12.9,Medium,70.1,C-
1066,17,Female,3.61,8.71,6.58,77.51,Casual,1.54,9.6,267.37,10.85,Medium,80.28,B-
1067,22,Male,4.51,8.77,5.48,70.06,FPS,0.91,9.5,272.85,10.2,High,86.25,B
1068,20,Male,1.26,5.67,7.6,70.23,FPS,3.52,4.21,298.95,3.68,Medium,76.37,C
1069,21,Male,6.85,4.13,7.12,72.15,RPG,4.48,10.89,249.09,13.22,Low,37.34,F
1070,17,Male,7.28,6.76,8,83.48,Casual,3.82,10.1,240.47,12.98,Low,51.19,F
1071,20,Male,3.6,5.01,7.22,60.66,Casual,1.57,9.58,286.93,10.7,Medium,74.836326664062355,C
1072,19,Other,2.24,1.73,4.84,76.35,RPG,1.77,3.58,291.51,1.36,Medium,41.16,F
1073,24,Male,1.13,4.4,7.35,67.47,FPS,0.95,6.6,319.73,4.51,Medium,84.3,B
1074,21,Male,5.47,9.95,5.96,98.68,FPS,4.12,6.84,237.76,12.45,High,99.99514458537568,A
1075,17,Male,2.5,1.44,6.32,83.31,RPG,0.54,3.71,294.46,5.64,Medium,67.02117237709824,D+
1076,16,Female,7.28,7.27,8.61,94.72,FPS,4.52,12.98,234.02,21.78,Low,74.12860887135716,C
1077,20,Female,5.37,8.57,5.8,67.83,Casual,3.01,10.71,263.9,14.26,High,89.33748398847271,B+
1078,24,Male,5.17,6.84,7.06,92.4,RPG,2.94,7.98,257.2,11.21,Low,68.06,D+
1079,21,Female,4.48,6.13,5.82,76.59,Casual,4.19,10.27,256.4,13.07,Medium,69,D+
1080,22,Male,0.37,7.37,4.47,67.11,RPG,3.34,5.68,304.64,0.77,High,81.11,B-
1081,20,Male,7.46,4.86,6.27,90.45,Casual,1.52,12.97,230.36,19.68,Low,41.81,F
1082,21,Male,5.02,1.82,6.99,90.48,FPS,1.75,9,257.16,11.02,Low,48.17,F
1083,20,Male,7.95,9.66,6.04,99.84,RPG,0.87,13.74,233.17,21.01,Low,84.09663563832972,B
1084,24,Male,4.3,4.89,5.95,91.24,FPS,2.32,9.35,277.94,11.93,Medium,58.73,F
1085,21,Female,5.68,6.99,8.1,65.81,RPG,0.55,11.38,252.32,15.46,Low,64.56,D
1086,23,Male,0.45,5.78,4.15,72.9,RPG,3.27,2.86,314.86,1,Medium,67.26,D+
1087,17,Female,5.05,1.49,5.48,78.07,Casual,0.85,8.71,270.05,9.64,Low,35.16,F
1088,24,Male,6.12,9.57,8.06,65.07,Casual,4.32,11.46,244.11,12.59,Low,86.58191783436553,B
1089,20,Male,6.23,8.13,8.6,91.52,RPG,3.5,10.13,243.2,10.98,Low,87.66638063005834,B+
1090,22,Male,6.16,2.34,6.06,81.07,FPS,4.46,11.17,232.85,14.06,Low,33.04,F
1091,16,Female,1.81,9.83,8.44,97.78,Casual,0.44,7.68,307.07,5.38,Medium,100,A
1092,20,Male,7.8,7.63,4.99,83.57,FPS,3.99,12.82,225.5,20.13,High,60.68911539561161,D-
1093,17,Female,7.96,5.25,5.11,80.92,Casual,4.4,10.54,235.85,15.14,Low,42.97939902410722,F
1094,21,Male,0.6,6.5,8.23,62.86,RPG,0.22,2.19,300.73,6.38,Medium,93.46,A
1095,16,Male,7.49,1.96,8.52,65.97,Casual,5,9.85,225.21,14.16,Low,22.56,F
1096,18,Male,2.32,6.04,5.11,93.98,RPG,1.5,6.63,301.62,4.98,Medium,81.36,B-
1097,20,Male,5.51,1.66,4.3,99.63,RPG,1.06,6.56,257.14,8.58,Low,33.7,F
1098,19,Male,2.7,5.9,4.45,76.61,FPS,2.07,4.65,275.77,6.39,Medium,61.23,D-
1099,18,Male,7.74,5.97,5.31,92.4,Casual,0.04,10.37,236.35,16.15,Low,40.48,F
1100,20,Female,0.81,8.87,7.81,85.1,FPS,4.43,6.19,297.23,4.09,Medium,100,A
1101,23,Male,3.98,7.53,6.55,98.36,Casual,1.34,5.24,280.52,9.4,Medium,92.49,A-
1102,19,Female,3.42,3.25,6.28,69.53,FPS,2.61,4.67,269.16,9.43,Medium,50.73,F
1103,16,Male,2.61,9,6.92,81.79,Casual,3.12,6.37,300.79,4.76,Medium,100,A
1104,22,Female,5.16,6.16,8.45,76.35,FPS,3.96,7.05,259.21,11.3,Low,76.73,C
1105,23,Female,1.05,6.46,4.45,81.67,FPS,1.25,3.26,310.84,4.92,Medium,79.3,C+
1106,18,Male,5.73,2.52,7.47,70.75,Casual,3.59,7.65,250.43,10.23,Low,40.19,F
1107,21,Male,7.84,8.72,8.63,79.91,Casual,0.59,11.75,226.8,23.16,Low,94.69156922472176,A
1108,17,Female,6.44,9.38,5.07,84.99,RPG,3.52,7.72,243.55,18.2,High,75.6799363668916,C
1109,22,Female,6.88,7.97,8.19,63.25,Casual,4.6,12.58,244.5,16.46,Low,75.031345054255425,C
1110,23,Male,2.88,9.47,7.49,89.72,FPS,0.43,4.5,284.81,4.36,Medium,100,A
1111,21,Male,2.6,3.72,4.07,88.26,FPS,0.58,8.36,303.42,6.12,Medium,58.51,F
1112,21,Female,4.14,8.75,5.16,95.22,FPS,2.79,9.03,262.96,11.19,High,85.65,B
1113,20,Male,0.37,5.4,7.03,77.03,FPS,0.23,5.51,324.17,4.59,Medium,85.91,B
1114,23,Female,7.56,2.48,6.51,62.47,FPS,0.94,9.42,234.92,12.37,Low,24.39,F
1115,16,Male,1.15,7.02,6.64,78.46,RPG,0.95,5.5,318.53,2.58,Medium,95.02,A
1116,19,Male,7.22,7.16,5.16,65.5,FPS,2.41,12.31,234.57,17.27,High,58.61184873780006,F
1117,19,Female,0.67,3.58,7.38,85.9,FPS,1.24,4.46,315.25,0.43,Medium,78.65,C+
1118,18,Female,6.58,1.25,5.33,61.89,RPG,2.38,10.34,244.22,14.45,Low,29.155526402746,F
1119,18,Male,1.22,2.8,5.95,74.96,FPS,2.61,3.02,293.2,4.2,Medium,68.39,D+
1120,19,Male,0.31,4.6,5.84,63.31,FPS,3.65,3.38,320.22,1.83,Medium,74.8,C
1121,16,Female,5.76,2.51,7.36,60.13,FPS,4.73,7.51,283.58,10.93,Low,27.03,F
1122,17,Female,2.24,2.75,4.45,98.42,Casual,2.52,8.1,309.21,7.58,Medium,56.22,F
1123,24,Male,5.72,4.52,5.03,99.85,FPS,1.78,10.14,243.56,14.66,Low,43.77,F
1124,17,Female,4.44,9.66,5,82.22,Casual,1.29,5.68,248.71,7.66,High,83.99,B
1125,20,Female,0.87,7.88,4.54,69.56,RPG,3.17,4.25,310.08,4.12,High,91.82,A-
1126,24,Female,7.46,3.88,5.04,96.44,FPS,4.71,11.65,241.31,17.66,Low,25.16,F
1127,24,Female,3.62,9.56,7.04,96.92,FPS,3.82,5.1,276.17,9.02,Medium,100,A
1128,23,Male,5.88,6.81,7.66,94.18,RPG,1.03,10.2,268.33,14.45,Low,71.21,C-
1129,16,Female,4.01,5.1,7.3,81.77,Casual,4.47,5.9,264.08,9.23,Medium,72.73,C-
1130,16,Female,4.83,5.21,6.38,62.99,FPS,3.68,7.87,264.29,10.87,Medium,59.59,F
1131,24,Male,2.42,4.7,4.26,63.54,FPS,0.64,6.55,289.87,6.31,Medium,66.75,D
1132,23,Male,1.6,3.1,8.8,95.86,FPS,3.56,4.43,308.11,6.06,Medium,86.42,B
1133,24,Male,4.34,4.48,4.84,95.03,FPS,1.45,7.24,275.92,9.94,Medium,52.31,F
1134,22,Female,3.52,5.75,7.34,77.38,Casual,2.46,8.74,289.65,10.72,Medium,78.93,C+
1135,18,Male,3.12,5.75,8.56,73.13,RPG,1.5,5.67,281.32,8.55,Medium,66.3,D
1136,18,Female,5.38,7.86,7.49,85.76,FPS,0.42,9.66,268.02,11.02,Low,80.56356282670748,B-
1137,17,Female,5.52,4.23,5.09,92.28,Casual,3.84,10.77,257.21,13.03,Low,44.58,F
1138,20,Female,0.37,7.45,5.58,89.27,FPS,4.14,2.13,329.16,1.51,High,82.83,B-
1139,18,Female,2.71,6.2,4.15,84.62,RPG,1.16,3.94,302.48,6.22,Medium,78.68,C+
1140,21,Other,3.29,9.66,7.06,69.26,RPG,1.2,8.42,280.7,10,Medium,100,A
1141,17,Male,0.78,4.47,7.06,70.5,FPS,2.15,4.54,303.9,3.8,Medium,77.09,C+
1142,18,Female,1.89,9.11,7.63,88.96,FPS,4.06,7.03,299.36,6.43,Medium,100,A
1143,20,Male,0.41,8.39,4.05,92.1,FPS,0.39,2.48,324.99,0.98,High,95.48,A
1144,16,Female,7.97,6.74,8.09,64.65,Casual,4.04,13.13,209.31,20.63,Low,51.51,F
1145,16,Male,5.89,6.89,7.69,67.49,Casual,4.61,7.37,244.37,13.22,Low,70.07,C-
1146,24,Other,0.7,1.76,4.7,87.22,FPS,2.81,6.12,318.43,3.89,Medium,47.12,F
1147,22,Female,0.16,9.55,5.74,75.56,RPG,0.3,5.27,292.2,2.1,High,100,A
1148,16,Female,5.75,1.96,7.19,82.53,RPG,1.35,9.59,240.66,13.98,Low,43.35,F
1149,23,Male,3.51,6.07,6.48,84.59,FPS,0.56,7.55,271.75,9.1,Medium,71.61,C-
1150,18,Male,6.29,3.97,4.58,91.05,RPG,1.3,9.02,243.69,10.9,Low,36.75,F
1151,23,Female,7.39,4.87,4.44,92.23,Casual,4.06,9.4,228.1,13.8,Low,30.59,F
1152,20,Male,4.79,6.49,7.91,71.2,FPS,0.28,8.07,259.49,13.83,Medium,72.53,C-
1153,16,Female,1.5,9.18,4.78,81.65,Casual,1.42,5.79,288.69,5.89,High,100,A
1154,22,Male,6.26,5.12,4.86,64.94,RPG,2.58,12.25,262.58,14.24,Low,39.3,F
1155,20,Female,7.65,9.89,8.15,93.68,FPS,4.37,12.74,222.12,17.1,Low,81.54933795554894,B-
1156,21,Male,4.64,6.34,7.06,93.82,Casual,1.25,7.81,245.29,9.14,Medium,81.3,B-
1157,21,Female,5.46,2.44,7.02,71.98,FPS,3.89,10.18,265.83,12.23,Low,35.89,F
1158,23,Female,2.7,2.71,6.4,66.42,Casual,2.92,4.24,279.85,8.22,Medium,55.68,F
1159,24,Male,3.05,7.44,6.84,62.8,FPS,3.38,6.13,271.28,7.28,Medium,91.59888154329444,A-
1160,17,Male,5.88,1.45,7.01,83,RPG,4.31,9,256.22,14.99,Low,24.57,F
1161,24,Male,7.42,5.32,8.84,63.66,Casual,0.13,13.41,225.77,21.09,Low,47.63,F
1162,24,Female,5.03,2.33,5.11,87.22,FPS,2.65,7.99,261.32,10.75,Low,44.29,F
1163,22,Female,6.32,4.9,5.07,87.13,FPS,3.74,7.74,237.82,10.76,Low,43.97,F
1164,16,Female,1.37,7.75,4.29,84.56,RPG,4.42,2.71,298.93,4.28,High,95.32,A
1165,22,Female,1.7,5.13,7.29,95.06,RPG,0.66,6.19,289.67,4,Medium,85.63,B
1166,20,Male,4.26,2.47,6.75,75.13,FPS,1.71,6.71,256.74,9.75,Medium,52.04,F
1167,21,Male,1.41,3.27,4.56,96.09,Casual,0.39,6.75,337.8,5.83,Medium,62.65,D-
1168,22,Male,5.08,4.31,5.82,61.48,Casual,4.17,8.49,250.76,15.58,Low,44.58,F
1169,20,Male,2.33,1.63,4.89,64.51,FPS,4.29,4.98,277.41,6.63,Medium,47.75,F
1170,22,Other,6.33,6.26,5.66,76.49,RPG,2.42,11.13,255.34,14.15,Low,57.19,F
1171,24,Female,6.46,6.47,8.76,83.76,RPG,0.1,9.55,245.15,15.72,Low,59.65,F
1172,18,Male,3.71,1.56,7.42,61.3,Casual,0.51,8.4,275.65,11.4,Medium,42.07,F
1173,23,Female,1.45,4.62,4.04,82.7,FPS,3.12,6.02,297.72,7.59,Medium,67.2,D+
1174,17,Female,5.17,4.73,5.26,72.3,FPS,4.91,9.79,253.89,10.8,Low,53.5,F
1175,22,Male,7.94,4,4.05,95.49,FPS,4.19,13.23,221.75,21.11,Low,23.73,F
1176,17,Male,4.98,6.02,7.57,81.33,Casual,3.99,10.22,271.61,17.15,Medium,69.31,D+
1177,19,Male,0.29,4.11,6.35,83.52,FPS,2.09,4.61,314.04,5.28,Medium,77.21,C+
1178,22,Female,0.14,4.75,8.97,97.82,FPS,4.93,5.92,329.76,6.07,Medium,87.55,B+
1179,18,Other,2.56,8.18,7.67,90.57,RPG,4.12,3.66,288.74,4.8,Medium,100,A
1180,17,Female,1.57,2.46,6.59,77.53,FPS,1.68,7.22,299.11,9.34,Medium,60.39,D-
1181,22,Male,6.5,6.57,8.02,79.08,FPS,3.74,8.24,231.79,12.92,Low,59.63,F
1182,16,Male,6.76,5.55,7.52,85.92,RPG,2.16,8.82,260.33,14.47,Low,51.79,F
1183,23,Female,2.07,3.75,5.22,68.01,FPS,3.3,7.16,295.31,5.76,Medium,60.25,D-
1184,18,Female,2.61,7.55,6.65,63.55,RPG,4.85,5.61,288.67,5.56,Medium,78.57,C+
1185,17,Female,1.89,5.96,6.78,72.45,FPS,1.23,5.02,315.91,5.33,Medium,88.71083239353973,B+
1186,18,Female,7.27,5.3,6.26,91.14,RPG,3.98,9.58,236.93,13.39,Low,46.6,F
1187,20,Male,4.02,7.01,4.9,70.29,FPS,2.95,6.14,277.03,7.73,High,73.55,C
1188,23,Female,5.25,8.22,5.12,65.23,RPG,4.75,6.78,257.6,9.32,High,81.61570432256728,B-
1189,22,Female,3.32,9.75,5.41,68.76,FPS,0.67,5.3,272.42,10.7,High,94.32,A
1190,22,Male,5.05,6.66,4.05,87.16,FPS,3.6,8.88,271.57,15.26,Low,48.99,F
1191,22,Female,3.09,8.87,8.58,84.56,FPS,0.19,7.62,268.76,13.54,Medium,100,A
1192,23,Male,2.72,1.01,7.43,87.53,RPG,1.23,7.41,277.59,7.65,Medium,48.78,F
1193,16,Male,5.08,5.77,7.45,72.88,FPS,1.6,7.93,251.27,11.64,Low,60.34,D-
1194,19,Male,4.73,2.93,6.86,96.03,RPG,2.16,10.34,265.75,13.81,Medium,68.74660069135095,D+
1195,21,Male,2.35,1.85,7.45,78.07,RPG,4.83,4.99,291.64,3.47,Medium,57.97,F
1196,24,Male,1.19,5.79,8.91,80.55,RPG,0.34,2.75,287.09,1.2,Medium,93.2,A
1197,17,Male,2.95,7.72,5.93,97.95,FPS,0.84,8.68,307.77,5.57,High,92.904455481107,A-
1198,16,Female,3.32,4.71,7.56,99.17,RPG,1.02,7.02,287.76,10.16,Medium,69.24,D+
1199,17,Male,5.03,7.03,5.8,86.46,Casual,2.12,10.89,254.73,11.27,High,88.73324417570574,B+
1200,22,Male,7.32,5.41,8.27,97.79,FPS,0.3,10.29,236.49,18.13,Low,53.59,F
1201,18,Male,0.29,4.93,8.29,81.66,FPS,4.83,5.08,320.99,2.05,Medium,90.27,A-
1202,17,Female,1.95,3.61,8.51,72.29,FPS,2.8,3.5,293.3,4.68,Medium,85.54,B
1203,22,Male,1.55,4.44,4.03,72.6,RPG,4.07,6.82,305.34,5.39,Medium,59.41,F
1204,17,Male,4.02,4.15,5.49,82.36,FPS,3.86,5.87,275.82,9.35,Medium,58.43,F
1205,18,Female,3.44,6.82,4.67,84.2,Casual,3.3,4.78,289.63,6.57,Medium,64.43,D
1206,22,Female,5.83,2.04,6.27,77.58,RPG,4.52,7.32,250.73,14.48,Low,34.61,F
1207,19,Female,1.94,1.83,6.48,95.35,FPS,4.51,5.73,299.94,5.44,Medium,59.23,F
1208,16,Female,4.76,6.94,5.28,77.07,Casual,0.64,7.22,260.79,11.48,Medium,58.38,F
1209,20,Male,7.07,5.92,7.62,70.94,FPS,4.51,12.87,230.83,17.26,Low,67.54163031237745,D+
1210,24,Female,7.29,4.87,5.35,60.32,FPS,2.62,12.55,224.82,15.18,Low,40.09,F
1211,23,Male,7.67,2.37,8.27,98.82,FPS,1.34,12.69,219.92,20.55,Low,30.92,F
1212,24,Male,6.19,4.7,4.89,92.97,FPS,3.04,11.24,241.07,13.6,Low,54.36,F
1213,24,Male,7.25,8.11,5.84,84.62,Casual,1.4,12.7,230.64,18.84,High,63.48689553342393,D
1214,22,Female,1.88,9.01,7.11,93.22,FPS,2.4,7.21,307.5,7.88,Medium,100,A
1215,19,Male,1.58,7.32,7.03,92.41,Casual,4.08,7.22,297.25,2.98,Medium,100,A
1216,20,Female,0.05,1.54,4.39,97.27,Casual,0.16,5.72,316.07,2.58,Medium,68.2956929762645,D+
1217,16,Female,5.65,7.03,8.23,75.44,FPS,0.92,8.14,249.28,13.7,Low,87.6595224598915,B+
1218,16,Male,7.5,3.17,6.99,82.19,RPG,4.78,9.6,229.52,15.47,Low,22.11,F
1219,18,Female,1.5,3.84,8.35,63.95,RPG,2.23,5.72,318.98,4.85,Medium,71.24,C-
1220,23,Female,5.1,2.76,8.34,98.61,Casual,1.52,6.72,255.01,11.44,Low,61.15,D-
1221,17,Female,5.97,7.98,6.73,99.41,FPS,4.62,8.03,253.97,12.22,Low,81.11052813966327,B-
1222,19,Male,7.42,6.84,8.55,91.56,FPS,4.56,12.28,234.46,17.98,Low,67.38,D+
1223,17,Female,5.17,6.51,8.24,78.16,Casual,0.22,9.42,258.58,12.55,Low,70.14,C-
1224,20,Male,7.76,7.01,8.79,79.86,FPS,1.81,12.01,217.3,17.25,Low,62.15063364626515,D-
1225,24,Female,2.76,3.13,8.25,77.41,FPS,4.56,8.51,292.12,6.45,Medium,59.24,F
1226,16,Female,2.8,5,8.11,71.73,RPG,0.9,7.14,267.14,8.58,Medium,76.86,C
1227,20,Male,4.34,6.7,6.35,81.11,FPS,2.89,7.49,257.71,5.44,Medium,74.36,C
1228,24,Female,3.07,6.73,5.06,62.14,RPG,1.6,5.47,277.74,7.86,Medium,86.28924522753624,B
1229,16,Female,0.01,8.13,8.55,99.68,Casual,3.68,2.7,317.63,1.39,Medium,100,A
1230,24,Female,5.85,3.58,7.61,76.96,RPG,0.79,8.24,250.64,11.27,Low,45.71,F
1231,23,Male,6.01,7.93,5.41,97.09,RPG,2.98,7.18,261.79,9.83,High,84.48751588699547,B
1232,19,Male,5.98,4.96,5.7,88.97,FPS,0,8.29,254.54,13.95,Low,54.93546187649417,F
1233,20,Other,2.76,7.03,7.43,71.6,Casual,1.26,7.94,288.57,7.62,Medium,82.79,B-
1234,20,Female,4.18,5.1,6.39,68.88,Casual,0.81,8.82,266.48,10.96,Medium,62.11,D-
1235,21,Female,2.88,9.54,4.41,99.83,FPS,1.05,6.99,282.19,4.14,High,90.58,A-
1236,22,Male,0.13,2.61,4.71,90.89,FPS,4.3,5.64,307.09,3.97,Medium,63.91,D
1237,23,Male,4.5,7.08,7.73,69.99,Casual,4.57,6.82,244.93,12.04,Medium,75.33,C
1238,23,Female,0.99,6.19,5.64,62.7,FPS,3.78,4.88,295.37,3.62,Medium,82.22,B-
1239,17,Female,0.64,2.55,6.54,87.88,RPG,2.95,1.8,324.03,0.07,Medium,64.71,D
1240,24,Male,6.04,1.59,7.83,72.12,FPS,1.15,11.5,240.4,15.68,Low,29.61,F
1241,22,Female,0.08,8.19,7.76,68.85,FPS,1.37,3.32,313.79,1.21,Medium,100,A
1242,19,Female,7.67,2.42,4.84,89.4,FPS,1.55,9.56,238.17,18.01,Low,22.47,F
1243,19,Male,4.12,2.68,4.49,87.17,Casual,3.89,6.32,244.14,9.38,Medium,48.9,F
1244,23,Male,7.86,9.81,6.96,79.26,RPG,1.26,13.1,219.82,14.06,Low,84.30932537333511,B
1245,19,Male,0.46,7.46,7.71,97.71,RPG,4.87,2,303.5,-3.01,Medium,100,A
1246,21,Female,4.67,3.25,4.75,87.19,FPS,3.98,10.3,266.9,10.73,Medium,39.67,F
1247,20,Male,2.79,6.32,5.86,95.74,FPS,5,5.66,292.09,7.92,Medium,76.02,C
1248,18,Male,6.75,5.81,8.35,67.62,FPS,2.3,9.01,244.73,13.65,Low,50.59,F
1249,17,Female,2.89,8.6,8.72,71.87,FPS,2.95,5.55,300.4,8.09,Medium,100,A
1250,24,Male,2.08,7.56,6.27,64.18,RPG,1.4,5.12,300.58,4.36,Medium,83.57,B
1251,24,Male,6.86,8.49,4.4,72.18,RPG,3.02,10.6,240.17,19.72,High,71.78858928881948,C-
1252,16,Male,3,2.9,5.29,98.87,FPS,4.87,6.93,308.33,7.59,Medium,61.94,D-
1253,18,Female,0.13,6.76,5.16,98.51,Casual,0.15,3.37,297.16,2.42,Medium,98.67,A
1254,23,Female,3.12,1.36,5.19,90.42,FPS,1.45,6.35,304.57,5.94,Medium,49.03,F
1255,21,Male,5.24,1.62,6.47,80.84,Casual,1.41,7.67,274.54,10.86,Low,36.93,F
1256,20,Female,2.03,7.42,6.92,91.23,FPS,4.91,4.95,294.16,6.51,Medium,94.40371487524844,A
1257,20,Female,3.46,1.22,4.61,82.14,FPS,0.66,6.8,271.41,8.5,Medium,53.5605254495483,F
1258,21,Male,0.45,6.22,8.45,60.14,RPG,4.06,4.44,308.02,-2.67,Medium,93.88,A
1259,22,Male,4.7,8.56,7.1,80.06,FPS,1.37,6.35,260.71,11.22,Medium,85.52,B
1260,16,Male,6.05,4.42,6.99,83.96,FPS,4.3,10.87,259.36,15.73,Low,50.97,F
1261,24,Male,3.31,1.4,8.94,70.63,FPS,2.44,7.71,255.61,10.28,Medium,44.4,F
1262,18,Female,3.36,7.42,7.14,68.13,FPS,1.21,5.85,299.78,10.16,Medium,83.31,B
1263,19,Female,0.71,9.37,8.64,70.95,RPG,3.55,4.01,311.47,3.43,Medium,100,A
1264,16,Male,1.62,7.45,5.43,84.95,RPG,4.21,7.35,312.33,10.9,High,84.58,B
1265,18,Male,1.24,6.21,5.2,65.84,FPS,2.35,2.34,292.82,3.5,Medium,77.63,C+
1266,17,Male,3.85,3.07,6.58,88.81,FPS,3.57,8.91,281.04,5.62,Medium,57.48,F
1267,17,Female,4.23,1.14,6.54,76.91,Casual,0.91,7.79,273.11,10.69,Medium,40.54,F
1268,16,Male,7.59,7.25,5.13,74.13,FPS,4.69,11.68,234.56,19.47,High,53.12422586092062,F
1269,23,Female,0.59,3.08,7.5,92.29,RPG,0.48,5.01,306,0.63,Medium,68.45,D+
1270,18,Male,4.8,8.72,4.15,80.24,Casual,1.11,8.08,258.57,10.7,High,77.35818458772589,C+
1271,18,Female,4.21,5.2,7.45,75.14,FPS,1.44,6.17,257.13,11.83,Medium,69.12,D+
1272,21,Female,4.13,5.78,6.29,95.13,FPS,0.76,9.68,278.08,9.91,Medium,67.63,D+
1273,23,Male,6.99,7.79,7.45,74.73,Casual,2.03,11.69,249.55,15.85,Low,68.86794196330607,D+
1274,24,Female,1.64,8.01,6.39,94.36,FPS,2.29,5.44,303.14,6.74,Medium,100,A
1275,24,Other,0.33,6.78,8.89,80.17,FPS,2.59,3.57,289.25,-0.28,Medium,95.81,A
1276,19,Male,5.38,9.45,5.67,68.32,RPG,0.2,8.88,269.01,12.49,High,75.07355400699501,C
1277,20,Female,2.76,9.84,8.91,84.51,FPS,1.1,7.88,288.07,6.14,Medium,100,A
1278,17,Male,0.14,9.52,4.32,71.41,Casual,4.04,1.2,291.78,0.27,High,86.98,B
1279,24,Female,2.01,8.42,7.42,65.89,FPS,4.05,7.34,278.85,7.16,Medium,95.92,A
1280,23,Male,2.47,7.35,6.27,63.46,RPG,1.65,3.7,279.82,7.68,Medium,79.35,C+
1281,18,Female,4.93,6.97,8.11,69.67,RPG,2.31,9.01,260.84,12.52,Medium,81.3012645181445,B-
1282,24,Female,1.38,1.93,7.95,89.46,RPG,0.92,4.05,293.23,2.96,Medium,71.52765816975264,C-
1283,18,Female,3.3,3.44,8,93.52,RPG,4.11,7.69,271.5,11.19,Medium,67.05,D+
1284,24,Female,3.86,1.05,4.47,94.47,Casual,4.78,5.29,282.82,9.67,Medium,32.96,F
1285,17,Female,3.67,2.24,8.11,70.81,Casual,1.46,7.45,287.83,5.35,Medium,67.3,D+
1286,24,Male,7.79,4.95,5.07,86.44,FPS,3.91,13.07,236.01,19.9,Low,28.41,F
1287,23,Female,0.36,2.32,4.13,69.21,RPG,1.76,3.83,299.32,2.58,Medium,55.96,F
1288,24,Female,7.61,9.11,5.09,84.91,FPS,0.01,9.03,238.11,15.86,High,76.51838975758899,C
1289,20,Female,4.66,8.25,6.4,95.49,RPG,3,5.85,259.29,12.3,Medium,84.84,B
1290,17,Female,6.37,1.64,7.71,61.64,FPS,2.05,10.48,263.19,14.39,Low,27.06,F
1291,23,Female,3.44,3.24,5.09,99.41,Casual,3.79,4.79,281.32,9.34,Medium,56.04,F
1292,21,Female,3.63,8.37,4.57,93.08,FPS,3.74,4.99,288.6,10.49,High,81.61,B-
1293,23,Male,7.03,8.23,7.23,90.47,Casual,4.73,10.16,241.2,15.75,Low,75.44389397833868,C
1294,20,Male,7.17,9.51,8.92,87.65,FPS,2.19,9.22,238.29,16.26,Low,94.62368883314664,A
1295,17,Male,1.91,9.98,7,90.81,Casual,2.41,3.93,293.4,6.22,Medium,100,A
1296,21,Male,1.59,9.79,7.46,99.78,RPG,2,4.99,312.99,5.8,Medium,100,A
1297,20,Female,3.97,4.69,6.81,90.81,Casual,1.48,6.37,281.67,10.92,Medium,62.65,D-
1298,20,Male,7.2,3.25,7.91,74.06,RPG,3.19,9.3,230.29,13.36,Low,35.36,F
1299,16,Male,2.58,7.83,8.88,84.56,Casual,4.14,6.15,284.64,5.66,Medium,98.1,A
1300,17,Other,5.22,3.69,6.72,73.48,Casual,0.79,7.67,250.24,9.15,Low,54.92,F
1301,23,Male,5.67,8.26,6.08,98.8,Casual,4.91,7.07,260.14,15.41,Low,91.50252958123971,A-
1302,18,Male,6.23,5.81,8.3,96.01,FPS,3.42,10.64,247.6,11.31,Low,63.49,D
1303,18,Male,4.51,8.15,8.85,82.7,RPG,3.9,8.44,268.76,13.63,Medium,97.68,A
1304,23,Male,3.22,3.48,4.65,91.25,FPS,4.99,5.28,277.75,8.41,Medium,57.4,F
1305,23,Female,7.74,5.57,6.89,96.39,FPS,2.52,11.65,241.7,15.68,Low,43.19,F
1306,17,Female,4.89,6.08,7.96,69.74,Casual,0.36,10.67,246.43,10.13,Medium,67.02,D+
1307,23,Female,5.83,9.49,6.67,83.18,FPS,3.95,11.61,257.86,14.47,Low,93.90115561105384,A
1308,16,Male,2.76,3.4,6.05,79.27,FPS,4.35,6.42,296.7,6.9,Medium,55.53,F
1309,21,Female,5.36,9.43,7.28,90.86,FPS,0.81,6.85,252.51,12.26,Low,89.98359083334593,B+
1310,23,Male,2.06,8.24,5.35,75.16,FPS,0.12,5.35,280.78,1.37,High,89.73,B+
1311,18,Male,1.96,7.58,5.75,88.36,FPS,0.68,3.09,300.31,4.11,High,92.5,A-
1312,23,Male,5.72,8.08,8.96,76.12,FPS,1.62,8.8,263.32,11.23,Low,98.95894442920094,A
1313,16,Male,4.17,6.45,7.18,64.44,FPS,4.62,9.72,287.68,13.67,Medium,68.69,D+
1314,24,Male,5.47,3.2,8.36,64.28,RPG,0.01,8.81,260.93,13.43,Low,51.599154499385435,F
1315,24,Male,2.16,2.71,8.04,64.76,FPS,4.02,5.91,287.94,5.18,Medium,66.1,D
1316,20,Other,4.79,8.8,7.26,61.3,Casual,4.27,6.58,269.45,13.32,Medium,75.13,C
1317,19,Male,3.55,7.53,8.2,81.32,Casual,4.06,4.63,282.41,6.77,Medium,90.15,A-
1318,21,Male,4.78,2.92,5.44,86.88,FPS,0.41,10.75,265.86,12.34,Medium,36.88,F
1319,22,Male,2.33,6.54,7.19,65.07,FPS,3.4,5.02,283.19,6.55,Medium,77.8,C+
1320,20,Female,5.72,5.03,6.95,84.47,FPS,4.77,8.12,257.34,14.46,Low,49.42,F
1321,24,Male,6.45,2.43,7.11,83.91,Casual,0.6,10.31,247.3,14.85,Low,43.52,F
1322,18,Female,2.08,5.79,4.84,65.88,RPG,0.16,6.81,319.32,9.37,Medium,68.53,D+
1323,22,Other,2.4,3.53,5.39,76.16,RPG,4.37,4.66,292.08,5.13,Medium,61.07438669394042,D-
1324,20,Male,5.29,1.87,5.43,90.21,Casual,3.22,8.91,273.47,10.43,Low,26.98,F
1325,22,Male,5.56,5.2,7.01,60.67,Casual,3.23,8.22,267.19,15.64,Low,50.02769025889708,F
1326,17,Male,5.63,6.31,8.86,65.88,Casual,4.82,9.03,252.94,12.33,Low,70.6,C-
1327,19,Female,5.46,1.42,8.77,99.83,Casual,3.85,7.27,266.85,13.01,Low,49.81,F
1328,17,Male,3.14,4.62,5.14,89.34,Casual,1.99,6.69,274.49,9.59,Medium,56.75,F
1329,22,Male,3.16,3.32,5.52,78.57,Casual,2.18,4.4,280.16,11.11,Medium,47.15,F
1330,17,Male,2.04,1.28,4.18,85.19,FPS,0.72,7.24,290.16,6.09,Medium,53.37,F
1331,16,Female,1.25,2.13,5.99,93.85,Casual,1.52,5.39,303.42,5.63,Medium,73.88,C
1332,24,Male,5.54,2.25,8.17,93.69,Casual,2.23,11.25,233.48,12.37,Low,49.68,F
1333,16,Male,0.75,2.65,8.58,72.99,FPS,1.31,4.75,328.99,2.54,Medium,71.4,C-
1334,23,Female,7.5,8.23,5.18,79.65,RPG,4.58,9.41,226.95,14.44,High,61.035842600418775,D-
1335,17,Female,6.61,4.96,5.33,85.52,RPG,0.06,10.03,248.55,16.62,Low,36.46,F
1336,23,Female,6.86,2.32,5.1,62.88,FPS,2.94,11.18,240.13,17.72,Low,21.55,F
1337,18,Male,7.25,1.9,5.75,97.83,Casual,3.86,10.12,230.28,16.67,Low,23.73,F
1338,21,Female,3.27,3.68,8.02,77.31,FPS,3.66,7.03,267.99,6.87,Medium,69.18,D+
1339,18,Female,6.77,8.18,7.23,74.83,Casual,3.22,8.58,229.62,13.14,Low,74.68289979729227,C
1340,22,Male,1.26,4.28,7.93,96.28,FPS,2.05,6.15,302.52,3.56,Medium,90.27,A-
1341,24,Female,0.17,2.44,6.92,64.73,FPS,4.59,5.72,313.21,3.83,Medium,59.2,F
1342,17,Male,6.28,4.64,5.29,61.57,Casual,1.64,8.85,234.9,10.68,Low,36.34,F
1343,20,Female,0.6,6,5.14,87.4,FPS,3.75,5.57,305.93,2.89,Medium,85.84,B
1344,21,Male,7.91,1.27,4.05,75.4,Casual,4.63,9.37,229.69,13.87,Low,0,F
1345,19,Female,5.4,6.65,7.9,90.58,FPS,0.64,7.63,263.97,12.93,Low,83.68,B
1346,19,Male,6.03,4.56,8.24,62.74,Casual,4.74,9.34,235.98,11.73,Low,46.64,F
1347,19,Female,1.97,1.09,7.84,75.35,FPS,3.88,4.9,287.56,9.32,Medium,60.66,D-
1348,17,Male,5.39,7.07,4.37,69.41,FPS,3.08,9.49,257.47,14.92,High,71.71733430364611,C-
1349,19,Other,0.35,7.41,7.81,89.58,Casual,1.87,4.16,314.17,2.43,Medium,100,A
1350,16,Female,6.7,6.66,4.23,69.09,FPS,4.52,8.14,235.94,14.95,Low,45.26,F
1351,21,Male,1.36,4.08,4.53,78.32,Casual,0.22,3.02,312.9,4.49,Medium,69.27,D+
1352,16,Female,5.58,5.77,6.2,92.76,Casual,2.16,6.84,254.89,9.87,Low,61.23,D-
1353,21,Other,1.8,4.48,6.38,96.62,FPS,3.78,7.56,282.17,8.96,Medium,88.34,B+
1354,16,Male,0.55,7.31,8.08,88.9,RPG,4.06,4.78,305.41,3.02,Medium,100,A
1355,21,Male,3.85,6.25,7.4,77.17,FPS,1.01,9.13,257.19,8.8,Medium,80.59,B-
1356,23,Female,1.35,1.74,4.77,82.88,FPS,0.24,5.06,302.01,5.64,Medium,64.42,D
1357,17,Male,5.84,6.79,5.13,87.59,FPS,4.01,7.81,236.64,10.42,Low,61.6,D-
1358,17,Male,1.9,7.19,5.43,95,RPG,2.11,6.03,279.59,7.18,High,91.09,A-
1359,19,Male,2.74,4.34,4.62,95.54,Casual,0.72,6.27,266.57,7.93,Medium,65.87,D
1360,18,Male,4.54,8.88,5.44,97.24,FPS,0.43,7.58,285.36,9.3,High,85.15,B
1361,19,Male,2.28,8.59,7.64,92.43,FPS,3.2,5.14,278.99,7.9,Medium,100,A
1362,22,Male,3.02,2.58,5.21,65.87,RPG,2.91,7.27,280.6,9.58,Medium,43.56,F
1363,16,Female,6.52,9.14,8.18,89.91,FPS,4.27,10.61,242.35,14.44,Low,96.81046678967616,A
1364,21,Female,1.43,4.97,6.35,92.58,Casual,0.16,3.19,304.03,4.82,Medium,87.76,B+
1365,18,Male,0.66,7.51,5.61,95.11,RPG,4.34,5.74,318.29,1.2,High,91.48,A-
1366,22,Female,2.63,8.33,6.06,96.99,Casual,4.44,6.81,287.93,8.33,Medium,96.37,A
1367,17,Female,3.4,5.55,7.55,80.37,RPG,2.23,7.08,274.66,5.72,Medium,83.19,B
1368,17,Female,4.34,4.59,6.58,86.2,FPS,0.38,9.08,270.12,11.31,Medium,66.97108774381033,D
1369,19,Male,2.98,9.24,4.04,60.38,Casual,4.73,4.75,286.33,8.22,High,86.27,B
1370,16,Male,6.32,3.08,8.61,82.91,Casual,0.36,11.92,244.67,16.12,Low,41.64,F
1371,18,Female,0.31,3.31,4.33,78.93,Casual,2.95,2.66,322.69,4.9,Medium,62.32,D-
1372,24,Female,3.45,4.25,8.69,98.49,FPS,2.47,5.76,272.34,6.47,Medium,68.09,D+
1373,22,Female,3.06,8.74,4.14,96.07,RPG,4.18,8.13,281.27,9.47,High,90.31,A-
1374,22,Female,5.18,9.45,7.85,91.9,RPG,2.51,7.85,244.58,7.43,Low,100,A
1375,19,Male,7.73,2.98,6.67,62.28,FPS,2.35,12.88,224.79,17.01,Low,11.54,F
1376,17,Female,4.08,8.77,6.53,76.08,FPS,4.4,6.72,264.66,8.87,Medium,82.73,B-
1377,19,Male,7.9,3.32,4.36,87.84,Casual,4.82,11.65,235.75,20.81,Low,34.411590637893426,F
1378,21,Male,2.42,9.74,5.19,61.19,FPS,2.75,4.57,276.34,5.87,High,92.88,A-
1379,18,Female,0.25,6.38,7.89,69.43,FPS,2.27,4.91,312.25,4.66,Medium,90.98,A-
1380,16,Male,1.33,1.06,8.46,95.5,FPS,4.16,3.16,298.8,1.77,Medium,73.43,C
1381,23,Male,3.16,1.31,6.65,65.19,FPS,4.16,8.66,288.79,8.4,Medium,47.83,F
1382,20,Female,2.53,2.33,5.77,62.05,FPS,1.6,5.39,276.88,4.82,Medium,55.24,F
1383,20,Male,0.78,2.69,4.3,83.22,Casual,2.88,4.14,310.68,1.25,Medium,55.47,F
1384,19,Other,3.46,7.91,7.41,97.86,Casual,0.77,4.58,279.27,5.63,Medium,96.55,A
1385,21,Other,2.7,3,5.39,93.38,RPG,3.18,8.58,296.84,7.11,Medium,61.08,D-
1386,18,Female,0.98,9.72,4.28,98.99,FPS,4.17,6.05,299.69,8.58,High,100,A
1387,24,Male,2.37,6.73,7.33,90.14,Casual,0.94,5.61,278.49,6.24,Medium,88.51,B+
1388,20,Male,7.09,7.23,6.43,77.49,FPS,1.62,12.69,239.67,14.27,Low,72.08775226068668,C-
1389,18,Male,2.42,2.96,4.06,97.86,FPS,2.24,8.08,277.01,6.62,Medium,57.14,F
1390,16,Male,5.71,9.03,4.55,77.07,FPS,4.23,9.38,246.25,15.29,High,68.93198578330572,D+
1391,21,Male,4.9,7.01,7.5,74,RPG,3.66,7.07,258.81,9.48,Medium,58.04,F
1392,17,Other,3.42,8.78,4.32,77.93,Casual,1.58,6.86,285.12,11.54,High,85.46,B
1393,18,Male,1.91,9.61,8.33,92.56,Casual,1.22,4.53,281.66,7.19,Medium,100,A
1394,16,Female,2.95,2.13,5.56,96.71,RPG,3.48,6.19,281.64,7.13,Medium,62.6459388433947,D-
1395,24,Male,4.74,1.87,4.44,74.31,RPG,2.4,10.3,263.38,10.95,Medium,32.67,F
1396,23,Female,2.81,8.23,7.8,78.49,FPS,2.97,5.22,277.67,4.92,Medium,100,A
1397,17,Female,1.72,8.8,6.62,95.93,RPG,3.24,6.91,295.78,6.42,Medium,100,A
1398,23,Male,0.93,6.25,5.53,61.88,Casual,2.79,6.61,317.73,5.53,Medium,75.26,C
1399,24,Male,7.04,4.29,6.03,91.35,FPS,3.07,12.07,230.45,19.28,Low,43.56,F
1400,16,Female,3.52,6.87,4.11,78.17,FPS,4.44,7.16,274.12,9.57,Medium,64.89,D
1401,20,Female,5,3.75,7.31,75.06,FPS,4.34,8.82,268.86,11.21,Medium,55.77,F
1402,23,Female,3.92,3.15,5.83,77.88,RPG,0.75,9.02,270.78,13.14,Medium,54.431781659021624,F
1403,17,Male,6.98,5.39,7.57,76.75,RPG,2.93,8.2,249.62,16.21,Low,49.68,F
1404,19,Male,4.38,2.95,7.14,90.26,RPG,2.2,9.06,251.06,9.72,Medium,56.08,F
1405,22,Female,3.85,5.35,7.26,97.12,Casual,1.43,7.49,271.07,9.35,Medium,69.91,D+
1406,18,Female,7.4,9.61,7.96,79.66,RPG,3.16,10.39,238.96,17.62,Low,77.42082051510255,C+
1407,20,Male,5.76,8.56,7.16,93.31,RPG,2.55,10.59,243.69,14.54,Low,77.12801939720653,C+
1408,23,Female,0.89,9.47,6.09,89.28,Casual,3.87,3.22,306.98,0.93,Medium,100,A
1409,18,Male,1.42,8.26,5.95,73.23,Casual,0.47,6.9,315.59,5.93,High,100,A
1410,19,Male,6.3,4.19,4.6,83.49,FPS,1.51,10.74,236.65,13.47,Low,46.96,F
1411,24,Male,6.69,8.31,7.9,86.67,RPG,0.13,10.74,244.55,15.53,Low,87.52558276038593,B+
1412,22,Male,4.36,9.31,7.81,60.94,Casual,3.73,7.98,275.15,7.93,Medium,85.25,B
1413,16,Female,4.44,9.52,5.23,75.84,FPS,4.56,6.5,267.49,8.13,High,82.05,B-
1414,19,Male,5.06,7.15,8.31,99.71,Casual,2.94,9.14,259.68,16.36,Low,88.06232014887388,B+
1415,19,Male,3.51,2.9,6.95,85.49,FPS,3.08,8.13,267.63,8.48,Medium,56.65,F
1416,24,Female,5.44,1.36,6.39,73.37,Casual,0.23,6.5,262.03,13.64,Low,35.23,F
1417,21,Female,0.87,2.32,4.09,70,FPS,2.52,3.7,297.02,2.9,Medium,46.9,F
1418,24,Female,7.69,9.69,5.91,68.38,Casual,2.63,12.85,231.63,15.55,High,80.52919159668373,B-
1419,21,Female,6,5.16,7.2,76.07,FPS,0.19,10.16,242.82,11.92,Low,53.88,F
1420,21,Male,5.05,8.69,4.45,67.73,FPS,3.91,9.13,255.45,10.55,High,73.53934850100686,C
1421,20,Female,2.53,5.19,6.3,65.41,FPS,1.39,4.67,287.63,10.42,Medium,67.43,D+
1422,20,Female,1.29,6.95,8.97,74.56,FPS,3.62,5.45,309.51,4.2,Medium,100,A
1423,17,Female,3.27,1.22,7.58,84.28,Casual,2.01,8.2,296.38,9.37,Medium,55.98,F
1424,23,Male,5.29,3.25,6.73,65.86,FPS,4.98,8.3,257.63,13.45,Low,45.62,F
1425,23,Male,5.07,4.93,6.67,61.77,RPG,1.06,6.98,251.96,12.1,Low,50.38,F
1426,16,Female,3.06,6.68,4.22,61.39,RPG,0.29,4.45,268.88,8.54,Medium,62.08,D-
1427,23,Male,4.91,2.54,8.79,70.7,FPS,4.9,8.44,272.68,10.53,Medium,65.23911967044475,D
1428,20,Female,6.51,7.88,8.64,67.61,FPS,1.22,10.93,243.63,12.86,Low,79.19753752635751,C+
1429,17,Female,0.21,4.28,7.41,81.57,FPS,3.18,2.02,315.16,-0.56,Medium,79.14063118463787,C+
1430,17,Female,3.6,8.36,4.5,78.23,RPG,1.87,6.71,277.39,5.69,High,75.04,C
1431,21,Female,6.07,1.88,5.04,72.99,Casual,3.2,9.91,254.83,13.02,Low,13.62,F
1432,24,Female,4.37,7.12,4.92,93.34,Casual,2.98,6.15,263.46,2.18,High,71.36941320462881,C-
1433,16,Male,5.21,3.64,6.6,80.2,Casual,3.54,7.56,250.82,13.04,Low,51.63439596171614,F
1434,21,Female,4.13,8.16,5.04,63.66,RPG,0.09,8.17,257.34,11.42,High,67.45,D+
1435,24,Female,7.93,4.62,7.48,71.83,Casual,4.18,12.56,214.05,16.22,Low,31.09,F
1436,23,Male,0.44,6.99,6.73,98.93,FPS,2.39,4.62,311.27,0.22,Medium,100,A
1437,21,Male,3.93,9.41,4.09,99.08,RPG,2.59,8.5,283.59,13.2,High,91.33,A-
1438,18,Male,0.73,1.19,7.72,70.19,FPS,2.06,4.64,306.16,5.35,Medium,52.01,F
1439,23,Female,1.28,1.1,4.94,66.69,FPS,4.95,6.46,307.25,4.64,Medium,57.93,F
1440,24,Male,3.06,7.93,8.12,79.83,Casual,4.01,8.19,294.53,7.33,Medium,93.81,A
1441,16,Female,1.24,6.82,5.78,79.26,FPS,1.56,6.22,308.94,5.05,Medium,90.1,A-
1442,24,Male,7.71,3.64,5.69,76.41,Casual,3.92,11.59,247.22,14.48,Low,20.75,F
1443,21,Male,7.57,5.45,4.06,81.17,RPG,2.18,13.54,229.84,18.71,Low,30.13,F
1444,21,Female,2.69,1.38,8.94,69.29,FPS,4.35,3.89,286.15,3.58,Medium,66.15,D
1445,19,Male,5.12,2.73,7.06,64.6,FPS,0.15,7.1,254.74,6.45,Low,35.42,F
1446,16,Female,4.27,4.82,6.11,82.82,FPS,1.78,9.31,288.68,9.43,Medium,61.9,D-
1447,23,Female,6.52,8.51,4.48,97.3,Casual,2.15,11.65,253.95,13.57,High,68.62935441236611,D+
1448,17,Female,5.02,5.32,7.5,65.51,RPG,3.72,10.11,245.17,16.2,Low,50.03,F
1449,16,Male,0,6.28,5.41,88.19,RPG,0.91,5.36,341.1,6.03,Medium,78.1,C+
1450,17,Female,6.11,8.86,8.94,77.52,FPS,1.43,9.22,251.66,11.54,Low,90.42716069114832,A-
1451,16,Female,5.97,3.78,8.75,71.76,FPS,3.62,11.63,249.65,14.57,Low,41.42,F
1452,16,Female,4.08,7.31,7.68,94.12,FPS,0.38,6.13,276.22,7.87,Medium,80.16,B-
1453,24,Female,7.22,8.76,8.86,78.26,Casual,1.01,12.9,223.77,20.96,Low,85.6362444209363,B
1454,16,Female,7.27,2.82,4.53,83.33,FPS,3.77,11.05,234.73,12.79,Low,24.34,F
1455,19,Female,4.19,4.21,5.4,77.72,RPG,4.38,6.01,266.63,10.22,Medium,53.32,F
1456,21,Female,4.86,9.82,5.27,63.25,RPG,3.64,9.54,258.08,14.62,High,80.30792739364614,B-
1457,22,Male,7.97,9.85,4.36,83.8,FPS,2.64,10.45,233.95,16.09,High,55.82318207579687,F
1458,17,Male,2.39,3.01,8.86,76.75,RPG,0.5,4.49,288.68,5.88,Medium,62.52,D-
1459,21,Male,2.6,1.6,4.3,63.47,Casual,4.14,4.46,289.8,8.24,Medium,36.79,F
1460,22,Male,1.46,3.44,8.28,83.83,FPS,0.62,2.61,305.76,1.28,Medium,83.59,B
1461,17,Male,7.17,4.58,7.84,60.39,RPG,1.93,11.99,243.4,18.02,Low,36.44,F
1462,17,Male,5.96,4.97,5.88,68.34,Casual,0.25,9.39,261.16,10.54,Low,49.17,F
1463,22,Female,0.85,6.57,4.09,91.24,FPS,3.55,6.74,309.95,1.45,Medium,89.63,B+
1464,16,Male,7.85,9.1,4.03,61.52,FPS,2.52,11.05,222.02,19,High,52.71126444257314,F
1465,23,Female,5.85,3.97,5.02,85.87,FPS,4.54,11.07,268.84,12.38,Low,35.1,F
1466,18,Male,6.8,8.65,6.47,97.99,Casual,0.69,12.64,212.6,16.88,Low,77.87417087604358,C+
1467,21,Male,0.39,1.84,6.29,66.85,FPS,4.1,1.5,323.99,-1.02,Medium,62.54,D-
1468,24,Male,4.04,1.38,6.93,76.68,FPS,2.55,5.57,270.08,9.41,Medium,39.61,F
1469,21,Male,5.59,5.54,7.86,83.02,FPS,1.83,8.33,258.63,9.23,Low,59.86,F
1470,24,Female,4.34,1.54,5.89,78.02,FPS,3.22,9.69,268.33,13.95,Medium,43.82,F
1471,22,Female,5.33,4.53,4.8,84.82,FPS,3.95,10.52,268.85,14.88,Low,48.912246009543054,F
1472,24,Male,6.54,9.07,8,76.16,RPG,2.2,9.37,245.71,13.29,Low,89.96797390666643,B+
1473,17,Male,2.99,3.17,5.66,65.94,FPS,1.16,4.99,269.91,3.25,Medium,48.01,F
1474,23,Male,6.79,7.35,5.43,63.56,Casual,4.58,11.8,223.86,15.68,High,59.60184849799595,F
1475,23,Female,1.3,3.72,7.82,89.78,Casual,1.56,5.28,302.25,3.87,Medium,97.89092164488488,A
1476,17,Female,2.17,1.4,8.67,69.54,RPG,4.99,3.33,300.04,3.83,Medium,55.14,F
1477,19,Female,0.35,6.01,8.57,93.9,Casual,3.84,5.37,328.87,5.31,Medium,98.7,A
1478,22,Female,2.92,8.51,4.69,89.72,RPG,3.44,8.7,278.27,11.16,High,91.91,A-
1479,19,Female,3.04,4.69,6.52,61.98,RPG,0.06,4.25,261.41,7.54,Medium,55.8,F
1480,19,Male,6.44,6.56,4.46,68.05,FPS,2.24,8.87,247.03,17.08,Low,56.195058153358666,F
1481,21,Male,5.23,9.1,8.8,71.68,FPS,2.51,10.33,257.66,7.4,Low,93.23497729297634,A
1482,21,Female,3.49,8.11,5.08,83.78,FPS,1.88,7.41,279.55,8.33,High,74.67,C
1483,18,Female,5.22,2.74,4.99,92.39,FPS,0.75,11.17,246.35,12.71,Low,37.8,F
1484,24,Female,0.42,7.6,8.44,62.41,Casual,1.84,6,326.89,5.31,Medium,97.85,A
1485,17,Female,1.44,5.52,8.84,69.98,FPS,0.37,3.33,294.56,3.19,Medium,92.22,A-
1486,21,Male,5.02,7.71,7.49,75.05,FPS,1.45,9.39,262.84,13.34,Low,80.52882382702813,B-
1487,22,Female,5.13,5.45,4.61,67.34,Casual,0.42,9.4,261.2,11.43,Low,47.02,F
1488,24,Female,6.19,2.15,6.43,81.81,RPG,3.76,7.74,251.22,11.81,Low,25.4,F
1489,18,Male,3.22,6.13,8.08,79.12,RPG,3.36,4.67,273.91,8.77,Medium,77.74,C+
1490,18,Female,5.78,5.43,6.86,72.66,FPS,4.7,9.63,241.41,13.48,Low,54.46479994623444,F
1491,22,Female,5.47,5.66,4.66,80.68,Casual,1.9,8.48,262.89,13.06,Low,50.82,F
1492,19,Male,7.71,8.91,4.86,74.23,FPS,3.93,11.44,233.01,14.8,High,56.603513858340094,F
1493,23,Male,1.72,9.05,8.32,73.73,RPG,2.94,3.91,302.71,5.89,Medium,100,A
1494,22,Male,4.41,5.08,6.64,70.62,RPG,3.23,8.19,278.34,8.56,Medium,61.62,D-
1495,20,Female,4.81,5.1,7.53,81.62,RPG,2.74,7.73,265.7,14.51,Medium,55.98,F
1496,22,Male,7.99,5.64,5.87,77.76,Casual,3.9,13.43,220.42,18.19,Low,31.75,F
1497,18,Female,1.61,5.68,6.66,67.85,FPS,0.21,4.14,305.86,3.66,Medium,85.5,B
1498,17,Female,4.19,9.55,8.89,60.52,Casual,0.4,9.54,274.22,12.84,Medium,95.09,A
1499,21,Male,2.77,6.84,5.65,66.04,RPG,0.48,5.72,291.52,6.91,Medium,66.38,D
1500,17,Female,4.21,3.5,7.37,61.71,RPG,1.44,8.1,260.65,11.8,Medium,47.78,F
1501,18,Other,1.86,5.78,4.86,77.26,Casual,2.96,4.29,287.89,4.34,Medium,80.44,B-
1502,21,Male,0.38,6.65,4.61,69,RPG,3.23,5.43,324.24,4.71,Medium,80.43,B-
1503,20,Male,4.58,6.76,7.92,76.82,Casual,3.56,9.8,263.56,11.62,Medium,78.56,C+
1504,23,Female,2.69,6.27,8.22,73.18,FPS,1.4,7.74,268.29,9.64,Medium,82.23,B-
1505,24,Female,1.46,2.6,7.34,81.52,Casual,3.25,5.66,288.77,7.32,Medium,66.6,D
1506,18,Male,2.59,1.3,4.79,88.95,Casual,0.59,5.11,275.73,3.27,Medium,38.93,F
1507,18,Male,0.39,4.04,5.2,79.17,Casual,0.05,4.57,325.99,3.59,Medium,73.05,C
1508,18,Male,7.6,4.85,8.56,62.48,Casual,3.47,13.4,228.32,21.76,Low,49.9,F
1509,21,Other,4.65,1.56,5.44,60.7,FPS,3.58,8.89,264.55,12.66,Medium,30.66,F
1510,16,Male,6.52,8.33,8.09,68.53,RPG,3.11,12.3,238.23,20.81,Low,84.93536396051547,B
1511,22,Female,3.38,4.1,5.43,77,Casual,1.29,5.9,268.85,6.16,Medium,53,F
1512,16,Female,7.23,9.22,8.7,61.8,RPG,4.64,12.46,240.84,17.59,Low,83.27144285271568,B
1513,20,Male,3.87,2.39,8.57,73.11,RPG,4.38,8.46,280.08,11.01,Medium,62.02468648511225,D-
1514,23,Female,4.59,1.51,4.22,95.48,FPS,2.58,9.69,257.87,10.68,Medium,36.84,F
1515,19,Male,3.93,5.34,7.85,63.6,FPS,4.95,8.48,286.86,7.66,Medium,67.33,D+
1516,20,Female,5.87,2.7,4.85,97.94,RPG,1.49,9.27,257.01,17.78,Low,59.05444219165794,F
1517,19,Male,4.53,9.44,5.08,94.27,Casual,2.46,8.96,257.1,13.52,High,89.96,B+
1518,19,Female,2.17,1.09,6.3,93.27,RPG,4.64,7.83,291.09,8.29,Medium,59.82,F
1519,23,Female,1.16,4.71,6.88,94.55,FPS,2.31,4.25,302.4,3.96,Medium,88,B+
1520,17,Male,4.85,9.34,5.63,63.2,RPG,2.36,10.61,264.92,12.86,High,65.53,D
1521,16,Male,3.91,4.46,6.88,66.05,Casual,0.4,5.16,258.79,9.7,Medium,60.87,D-
1522,18,Male,0.77,1.84,4.85,65.37,RPG,1.06,1.84,303.71,4.96,Medium,54.18,F
1523,24,Male,3.16,3.73,4.11,64.45,Casual,0.79,6.63,290.02,6.64,Medium,53.89,F
1524,19,Female,4.12,5.48,6.86,73.11,FPS,2.83,9.36,254.69,11.07,Medium,65.19,D
1525,20,Female,6.62,2.67,6.59,93.21,Casual,1.59,8.86,238.58,13.62,Low,29.1,F
1526,17,Male,0.61,5.2,7.45,70.08,Casual,0.39,5.08,300.42,1.34,Medium,79.62,C+
1527,19,Female,2.79,8.53,7.25,69.77,Casual,2.55,6.52,295.65,6.22,Medium,84.54,B
1528,17,Female,6.58,8.85,8.49,87.04,Casual,3.35,9.03,244.47,14.82,Low,95.62047694022296,A
1529,17,Female,5.19,1.44,6.3,63.88,FPS,3.68,7.62,243.04,11,Low,31.63,F
1530,19,Male,2.32,2.45,4.04,74.41,Casual,4.19,3.69,281.74,5.38,Medium,43.55,F
1531,21,Male,6.76,3.48,7.15,71.82,RPG,2.41,10.44,239.02,16.81,Low,39.58,F
1532,22,Male,3.95,6.35,7.38,93.89,FPS,1.95,7.2,249.53,11.84,Medium,87.43,B+
1533,18,Female,3.99,4.25,6.61,80.58,FPS,3.42,6.44,261.12,14.51,Medium,64.09,D
1534,18,Male,7.81,8.6,7.45,85.86,FPS,0.07,13.66,218.04,20.09,Low,79.98482054205815,C+
1535,21,Male,7.58,7.45,5.62,65.16,Casual,3.17,12.67,241.89,16.47,High,47.14545578188738,F
1536,18,Male,2.87,1.9,4.74,97.16,RPG,2.03,6.49,279.79,9.76,Medium,54.65,F
1537,17,Female,1.12,6.62,7.32,72.9,RPG,2.26,4.73,313.15,3.41,Medium,86.2,B
1538,23,Male,2.61,2.02,5.23,88.27,FPS,1.48,4.58,283.95,4.81,Medium,60.56,D-
1539,20,Male,0.24,3.3,6.28,98.19,RPG,0.64,4.49,324.57,3.85,Medium,77.78,C+
1540,16,Male,0.17,2.6,6.46,80.35,FPS,2.01,5.94,302.44,6.05,Medium,63.54,D
1541,18,Male,3.16,2.56,6.39,80.3,RPG,1.54,8.65,274.85,7.85,Medium,48,F
1542,23,Female,7.53,6.55,6.99,64.69,Casual,4.8,8.95,228.55,16.4,Low,42.64,F
1543,19,Male,6.97,6.07,4.15,75.61,Casual,4.72,8.24,238.14,15.49,Low,37.6,F
1544,22,Male,4.09,2.58,8.95,94.1,FPS,3.22,9.9,274.16,9.19,Medium,64.05,D
1545,17,Female,4.52,9.91,7.58,65.4,RPG,4.52,6.52,267.69,7.18,Medium,97.70506856663135,A
1546,22,Male,0.05,4.8,6.13,96.7,RPG,3.76,3.8,324.46,-0.83,Medium,79.14,C+
1547,20,Male,1.72,1.87,4.96,86.69,FPS,1.73,3.09,299.24,6.68,Medium,63.34,D
1548,20,Female,0.2,2.09,4.4,76.84,Casual,3.02,5.42,319.34,2.08,Medium,44.52,F
1549,21,Male,6.04,6.26,7.36,81.86,RPG,1.1,7.63,237.39,11.61,Low,64.74,D
1550,24,Male,1.17,9.81,5.58,66.02,RPG,3.44,5.39,289.78,5.09,High,100,A
1551,21,Male,6.95,6.15,5.15,68.7,RPG,0.22,8.23,225.42,17.14,Low,41.43,F
1552,23,Female,5.15,9.54,5.9,71.46,FPS,4.16,6.93,241.33,8.86,High,87.62000317099327,B+
1553,22,Female,1.84,5,6.96,75.39,FPS,2.92,5.4,300.16,1.68,Medium,77.13,C+
1554,24,Female,1.26,4.92,7.36,96.62,FPS,0.29,2.49,314.27,6.09,Medium,86.27,B
1555,19,Female,5.02,5.5,7.23,74.7,FPS,4.36,7,250.28,12.06,Low,60.39,D-
1556,17,Male,7.21,7.28,8.32,80.95,FPS,4.39,8.89,243.57,13.11,Low,72.29364247436102,C-
1557,22,Male,5.75,4.31,5.09,66.48,Casual,4.26,6.95,255.52,11.22,Low,37.4,F
1558,21,Female,2.79,8.77,7.18,89.44,Casual,3.87,8.64,280.98,6.5,Medium,100,A
1559,16,Female,4.7,1.26,4.51,82.41,Casual,3.39,7.95,260.11,12.3,Medium,37.78900129136842,F
1560,24,Male,2.49,4.96,6.74,77.6,Casual,1.98,7.78,301.27,9.67,Medium,79.89916324211427,C+
1561,24,Female,7.99,5.6,6.92,97.89,Casual,0.68,10.78,200.88,18.71,Low,46.63,F
1562,17,Male,5.99,6.46,5.08,95.63,FPS,1.44,7.2,259.23,12.92,Low,56.8,F
1563,18,Male,4.92,3.48,5.96,86.38,RPG,1.74,9.4,269.92,12.84,Medium,53.33,F
1564,20,Male,3.39,4.85,8.14,96.87,FPS,1.79,4.58,273.43,5.89,Medium,81.07,B-
1565,20,Male,4.95,5.36,4.74,82.59,FPS,2.83,8.71,259.67,10.89,Medium,53.9,F
1566,16,Female,2.73,7.18,6.17,93.08,RPG,1.04,4.43,303.51,6.32,Medium,81,B-
1567,23,Female,0.23,7.96,8.66,76.38,RPG,0.95,4.58,304.14,2.08,Medium,100,A
1568,23,Male,3.16,7.64,6.52,63.47,FPS,3.58,8.62,280.26,9.05,Medium,83.05,B
1569,19,Male,7.44,4.07,7.63,99.77,FPS,0.04,13.22,237.19,14.53,Low,47.12,F
1570,22,Female,5.01,10,8.13,66.63,FPS,0.75,8.65,261.98,13.6,Low,100,A
1571,18,Male,0.67,8.64,5.02,70.06,Casual,2.17,4.33,312.48,1.03,High,95.32,A
1572,21,Female,7.08,3.34,5.09,66.52,Casual,0.75,8.27,253.21,10.54,Low,22.44,F
1573,24,Male,2.15,2.76,7.79,73.5,Casual,4.8,7,283.12,5.29,Medium,60.91,D-
1574,16,Female,1.95,3.83,7.77,71.57,Casual,3.35,7.73,285.97,6.36,Medium,72.34,C-
1575,20,Male,2.38,5.07,4.3,84.04,RPG,2.16,5.57,266.31,10.39,Medium,66.87,D
1576,19,Male,4.62,8.66,5.61,99.86,FPS,0.56,9.59,253.77,10.75,High,89.33,B+
1577,23,Male,4.36,8.01,5.99,62.1,Casual,1.93,9.35,261.03,11.63,High,77.33,C+
1578,16,Male,3.93,8.66,8.15,91.14,FPS,3.25,8.86,276.04,10.97,Medium,89.42,B+
1579,24,Male,5.74,3.45,6.11,65.12,FPS,4.84,10.53,260.72,10.85,Low,41.79,F
1580,21,Female,2.53,6.34,8.63,60.79,Casual,2.36,4.61,280,5.89,Medium,81.27,B-
1581,19,Male,6.26,3.55,8.98,85.54,Casual,3.46,11.02,243.45,14.37,Low,55.300452126611795,F
1582,24,Male,1.4,1.98,7.9,94.93,RPG,0.98,3.12,317.16,3.83,Medium,81.30026281306888,B-
1583,20,Female,6.26,7.16,7.33,67.05,Casual,3.12,10.82,243.01,15.65,Low,79.19022842984805,C+
1584,20,Female,5.31,2.29,5.96,73.66,RPG,1.2,6.33,261.47,12.83,Low,38.13108894622554,F
1585,20,Other,5.47,7.01,4.34,66.75,FPS,0.99,11.06,265.57,12.02,High,63.0507052766736,D
1586,16,Female,3.85,6.83,6.87,96.26,RPG,2.55,8.99,264.5,11.24,Medium,74.12,C
1587,16,Male,5.34,8.29,5.81,70.81,Casual,1.06,9.75,244.59,11.43,High,86.4830740427617,B
1588,23,Female,0.64,2.26,5.75,77.79,RPG,3.61,2.11,328.53,0.19,Medium,53.33,F
1589,23,Female,6.81,8.05,7.44,95.79,Casual,4.69,11.93,244.07,19.69,Low,82.1621616942156,B-
1590,21,Female,0.44,9.99,6.32,82.11,RPG,1.97,5.82,301.45,-0.06,Medium,100,A
1591,19,Male,1.19,8.66,7.76,97.31,RPG,1.61,5.63,295.15,3.57,Medium,100,A
1592,17,Male,4.61,7.77,5.99,97.06,FPS,0.88,10.49,262.68,12.6,High,69.9,D+
1593,17,Male,5.92,6.96,4.75,78.46,FPS,1.95,7.38,262.9,11.37,Low,48.49,F
1594,24,Female,0.61,4.8,6.31,83.3,FPS,2.8,5.15,322.5,3.79,Medium,77.7,C+
1595,20,Female,7.37,7.57,8.76,69.21,RPG,1.86,10.99,242.23,13.86,Low,70.04654466186726,C-
1596,19,Female,7.79,7.52,8.01,99.62,Casual,3.12,9.52,222.16,12.75,Low,82.05433389969585,B-
1597,16,Male,4.85,6.68,5.03,71.13,Casual,3.31,9.14,261.72,10.1,Medium,56.24,F
1598,22,Female,3.85,8.17,5.96,91.33,FPS,0.49,8.85,265.82,10.5,High,83.76,B
1599,18,Female,5.93,5.04,8.64,72.52,RPG,3.49,7.75,244.68,12.43,Low,51.67,F
1600,21,Male,2.63,2.09,4.62,72.52,RPG,4.5,7.6,277.21,9.02,Medium,41.86,F
1601,20,Female,3.95,6.03,5.27,64.15,RPG,0.13,5.41,263.88,5.78,Medium,59.46,F
1602,20,Male,7.33,3.39,5.31,82.4,RPG,2.76,11.29,224.78,15.49,Low,26.76,F
1603,20,Female,7.65,4.46,6.85,69.79,FPS,3.02,12.64,226.75,17.65,Low,23.65,F
1604,16,Female,7.42,1.16,6.05,65.94,Casual,3.55,9.15,235.17,13.77,Low,10.77,F
1605,16,Female,2.1,4.45,4.4,69.07,Casual,1.93,5.96,311.46,6.41,Medium,53.38,F
1606,18,Female,1.86,8.28,7.15,70.04,FPS,4.09,4.98,294.02,4.72,Medium,92.39,A-
1607,19,Female,2.38,5.88,4.5,80.16,Casual,2.7,6.42,297.32,7.75,Medium,76.14,C
1608,20,Female,3.53,1.09,7.03,75.44,FPS,2.04,6.65,275.85,9.2,Medium,47.68,F
1609,17,Male,2.51,5.23,6.54,63.02,FPS,3.6,4.76,299.51,2.44,Medium,71.25,C-
1610,23,Female,2.99,3.62,6.47,81.44,Casual,4.64,5.26,271.57,10.06,Medium,60.59,D-
1611,17,Male,4.97,5.3,4.34,91.51,RPG,4.06,10.29,255,8.26,Medium,51.55,F
1612,24,Male,6.1,4.64,7.2,82.97,FPS,4.65,7.88,253.43,9.99,Low,58.84,F
1613,17,Female,5.88,9.39,6.16,98.98,RPG,1.33,7.5,255.26,12.42,Low,95.6972858670614,A
1614,24,Female,6.52,1.37,6.06,63.97,Casual,0.59,8.01,247.76,14.38,Low,13.86,F
1615,22,Male,0.26,7.15,6.98,92.85,Casual,2.67,1.63,330.97,0.64,Medium,93.44,A
1616,23,Male,0.38,8.66,7.03,80.23,FPS,0.22,1.45,298.1,0.21,Medium,100,A
1617,17,Male,6.32,9.63,4.08,80.86,Casual,3.37,8.12,231.62,13.38,High,77.85108379376705,C+
1618,22,Male,4.26,2.6,4.63,80.76,Casual,1.2,6.22,274.49,10.55,Medium,45.93,F
1619,21,Male,4.63,5.78,5.18,73.01,RPG,2.27,6.98,272.57,8.14,Medium,57.74,F
1620,19,Female,0.42,1.39,7.39,72.98,RPG,3.28,2.04,321.51,-0.58,Medium,53.25,F
1621,22,Male,2.04,5.49,6.88,85.27,FPS,2.42,3.51,322.61,3.08,Medium,89.52,B+
1622,19,Male,5.11,2.13,7.79,61.79,FPS,1.18,8.82,249.52,14.72,Low,34.27,F
1623,17,Male,6.87,8.54,7.7,83.55,RPG,4.4,11.46,241.25,16.78,Low,70.0364874940722,C-
1624,22,Other,7.34,2.02,8.27,88.98,Casual,3.82,11.49,231.21,17.9,Low,31.7,F
1625,23,Male,4,5.62,5.88,74.25,Casual,3.01,7.78,278.21,13.07,Medium,65.84,D
1626,17,Male,4.36,5.69,5.73,68.69,RPG,3.49,7.56,271.44,11.89,Medium,54.96,F
1627,20,Male,6.66,9.74,8.16,68.54,Casual,2.08,10.83,234.9,15.72,Low,90.78323443472377,A-
1628,16,Female,4.3,6.89,5.19,63.27,Casual,1.88,9.81,272.28,14.47,Medium,60.78,D-
1629,22,Female,4.13,3.59,6.31,63.59,RPG,0.8,8.27,271.27,8.39,Medium,69.54978723104247,D+
1630,23,Male,7.24,3.17,4.97,66.67,FPS,4.02,8.54,234.4,14.6,Low,21.61,F
1631,21,Male,6.32,2.15,8.57,60.77,FPS,1.91,10.17,255.5,16.88,Low,28.21,F
1632,20,Male,7.27,7.81,6.04,70.65,FPS,3.46,10.89,257.57,11.96,Low,56.44821179014262,F
1633,21,Female,1.75,7.22,5.06,72.26,FPS,1.5,5.01,279.86,3.54,High,88.07,B+
1634,17,Female,4.2,6.49,7.46,99.81,FPS,3.98,8.04,282.49,11.9,Medium,77.45,C+
1635,16,Male,6.74,1.37,5.22,99.67,Casual,0.53,11.1,245.54,15.87,Low,23.62,F
1636,22,Male,0.89,7.87,8.72,67.48,FPS,3.13,2.08,301.9,3.4,Medium,100,A
1637,22,Male,6.36,6.78,5.84,68.52,FPS,4.04,9.76,240.05,10.59,Low,55.72,F
1638,17,Male,1.46,9.67,7.32,79.68,Casual,3.3,6.55,311.3,3.78,Medium,100,A
1639,17,Female,6.46,6.28,5.73,65.95,Casual,3.48,10.11,242.99,16.04,Low,57.47,F
1640,16,Male,4.9,3.74,8.04,80.16,Casual,2.63,6.24,260.71,8.67,Medium,53.16,F
1641,23,Male,1.55,4.43,8.48,75.98,FPS,2.8,6.43,294.53,7.19,Medium,84.35,B
1642,23,Male,3.79,2.58,7.94,72.98,RPG,0.33,9.5,266.93,11.01,Medium,52.86,F
1643,16,Female,5.46,7.51,8.24,92.9,RPG,1.25,10.72,244.82,11.21,Low,85.62030008898354,B
1644,23,Female,5.07,7.37,4.51,93.12,RPG,3.61,7.88,254.06,12.24,High,75.1809678456687,C
1645,24,Male,3.42,2.81,8.62,99.52,RPG,4.73,7.09,277.67,10.17,Medium,66.27,D
1646,19,Male,7.19,2.43,7.12,68.92,RPG,2.71,11.15,237.26,17.08,Low,21.89,F
1647,16,Male,4.15,1.69,8.35,95.53,Casual,3.63,8.73,261.97,11.66,Medium,62.5421175763498,D-
1648,16,Female,4.05,9.21,7.42,81.51,FPS,3.42,8.38,278.96,6.81,Medium,99.27415635073766,A
1649,18,Male,0.5,3.1,5.01,83.66,FPS,5,2.5,304.92,6.51,Medium,64.65,D
1650,20,Female,7.38,4.1,7.05,95.85,RPG,3.98,12.6,239.13,23.01,Low,36.68,F
1651,20,Female,1.42,3.52,4.45,97.71,RPG,3.14,6.67,294.3,8.32,Medium,74.93,C
1652,24,Female,4.23,4.72,7.48,89.07,FPS,0.58,7.25,289.41,10.2,Medium,71.19,C-
1653,17,Male,6.43,7.43,6.05,73.91,Casual,1.81,8.08,249.32,12.88,Low,71.16960557712898,C-
1654,17,Female,1.72,8.84,4.76,79.59,RPG,1.25,5.76,307.77,4.69,High,94.15,A
1655,21,Female,4.22,2.64,8.9,84.6,RPG,4.27,7.01,267.64,11.4,Medium,59.7,F
1656,24,Male,1.93,7.18,8.51,93.15,RPG,2.23,6.64,302.91,8.35,Medium,100,A
1657,16,Male,6.08,4.17,8.47,86.32,Casual,2.68,8.66,234.52,12.15,Low,54.95,F
1658,24,Male,4.51,9.82,7.94,74.62,Casual,4.82,6.82,256.12,10.13,Medium,87.22,B+
1659,24,Male,6.85,3.69,7.46,76.72,FPS,4.18,12.19,234.73,18.88,Low,39.66,F
1660,24,Male,7.16,1.06,7.28,62.02,FPS,3.95,11.24,249.26,16.15,Low,17.39,F
1661,20,Female,5.19,5.64,4.53,96.97,FPS,0.71,6.62,267.79,11.32,Low,64.62,D
1662,24,Male,5.8,2.36,8.5,63.52,Casual,0.11,10.25,228.03,16.58,Low,44.17283956154585,F
1663,19,Female,4.39,1.4,8.41,83.2,RPG,0.63,9.15,257.46,13.59,Medium,42.68,F
1664,17,Male,3.08,7.28,7.74,94.87,Casual,3.7,5.26,282.17,8.86,Medium,97.21,A
1665,21,Other,5.18,7.59,8.64,76.83,Casual,2.05,11.02,270.4,11.14,Low,80.55556820012251,B-
1666,19,Male,7.27,5.15,6.77,92.01,RPG,0.59,10.13,235.2,13.86,Low,63.15608330204601,D
1667,21,Female,3.33,7.09,6.24,92.15,FPS,3.7,9.03,254.67,8.04,Medium,88.91,B+
1668,18,Male,2.52,5.84,8.84,62.39,FPS,0.97,4.99,278.03,5.23,Medium,84.02,B
1669,21,Male,3.11,6.67,6.32,76.49,FPS,2.95,7.16,289.88,8.68,Medium,69.69,D+
1670,17,Female,3.48,6.37,7.21,87.64,Casual,3.71,7.07,280.28,8.57,Medium,79.57,C+
1671,17,Male,0.59,6.99,5.87,76.89,FPS,3.04,6.55,314.27,3.84,Medium,87.32,B+
1672,24,Female,3.99,2.8,7.18,81.81,RPG,4.97,7.03,283.24,8.98,Medium,55.57,F
1673,22,Female,3.95,3.42,7.6,83.78,FPS,2.17,5.85,269.14,7.1,Medium,63.12,D
1674,18,Male,4.71,4.96,7.12,66.05,FPS,1.56,9.88,270.47,11.08,Medium,53.86,F
1675,16,Female,2.9,5.02,6.57,76.48,FPS,1.01,4.11,301.62,11.27,Medium,74.77,C
1676,23,Female,4.9,7.97,5.5,61.14,RPG,2.52,10.32,263.44,13.91,High,69.07,D+
1677,21,Male,7.03,4.31,7.22,65.99,FPS,4.26,8.58,226.7,14.88,Low,39.81,F
1678,22,Female,7.64,2.46,8.54,80.49,RPG,4.73,11.5,224.05,14.21,Low,29.72,F
1679,24,Female,4.67,3.26,4.03,82.94,RPG,4.86,9.24,254.93,9.64,Medium,42.32,F
1680,20,Male,0.34,2.93,4.67,65.85,Casual,2.66,3.02,293.51,1.94,Medium,44.9,F
1681,16,Male,7.75,7.58,4.6,90.22,Casual,3.03,12.97,219.09,20.83,High,61.227763024349386,D-
1682,22,Female,5.65,5.23,8.62,74.92,RPG,2.91,9.62,258.56,13.74,Low,76.29965047058526,C
1683,20,Male,2.69,7.38,7.31,96.83,Casual,2.33,5.67,287.81,7.3,Medium,97.65,A
1684,18,Male,1.18,4.75,8.76,75.51,FPS,0.76,3.81,319.43,5.9,Medium,91.95,A-
1685,24,Male,1.15,9.01,6.91,65.99,RPG,0.33,2.71,307.64,1.14,Medium,100,A
1686,16,Female,1.34,9.85,6.31,90.32,RPG,2.18,5.54,312.76,7.59,Medium,100,A
1687,16,Male,0.36,7.03,7.96,82.71,FPS,0.93,3.18,298.08,1.36,Medium,97.4,A
1688,16,Male,7.22,8.77,4.8,75.47,Casual,4.43,9.82,228.97,18.06,High,67.46459232741266,D+
1689,18,Female,4.33,5.57,5.91,74.24,FPS,3.81,10.08,265.35,14.88,Medium,63.6,D
1690,21,Male,5.6,9.41,6.33,66.03,FPS,3.09,7.96,244.55,10.57,Low,88.30906279905216,B+
1691,18,Female,6.62,8.48,5.49,73.63,FPS,0.24,12,255.82,15.93,High,78.63854946044593,C+
1692,23,Other,6.33,9.93,5.86,61.17,Casual,3.11,12.2,224.74,17.17,High,74.59773495795709,C
1693,17,Female,7.06,6.61,4.39,80.1,FPS,3.11,12.17,234.14,16.1,Low,40.48,F
1694,24,Female,7.74,8.01,4.99,95.87,FPS,2.2,8.84,238.45,15.51,High,52.24867624978114,F
1695,18,Male,3.51,5.89,5.68,91.81,Casual,3.29,8.85,285.51,8.89,Medium,67.81,D+
1696,20,Female,7.6,3.33,7.98,61.14,FPS,4.29,9.67,225,12.51,Low,26.14,F
1697,23,Male,5.79,4.19,4.91,95.25,Casual,3.79,8.56,241.52,15.08,Low,45.24,F
1698,17,Male,0.57,9.05,5.73,78.09,Casual,2.37,6.53,324.07,2.1,High,100,A
1699,21,Male,5.45,1.5,4.32,67.64,RPG,1.31,8.47,249.39,7.83,Low,25.53,F
1700,20,Male,5.49,6.32,6.79,90.1,RPG,2.39,9.76,245.81,15.21,Low,59.74,F
1701,24,Female,7.25,4.35,7.06,72.91,Casual,4.73,9.8,243,16.74,Low,37.72,F
1702,20,Male,2.98,4.48,8.33,70.13,RPG,4.1,5.83,287.31,4.75,Medium,66.03,D
1703,17,Female,4.68,8.96,8.1,66.45,FPS,0.14,8.67,260.32,13.53,Medium,88.57853207065945,B+
1704,20,Female,0.1,8.68,5.43,79.46,Casual,3.91,5.84,322.05,4.4,High,99.2,A
1705,19,Female,2.66,6.39,4.68,63.74,FPS,0.85,5.07,292.53,6.53,Medium,68.01,D+
1706,22,Male,0.5,3.46,4.78,91.42,FPS,2.86,2.74,313.46,1.42,Medium,69.07,D+
1707,21,Female,4.17,5.28,8.84,78.83,Casual,4.03,5.3,271.5,8.66,Medium,76.56,C
1708,17,Male,6.54,4.67,7.37,77.88,FPS,2.81,8.55,219.89,14.5,Low,45,F
1709,20,Male,1.65,4.18,4.21,60.07,Casual,2.02,3.96,299.14,2.88,Medium,66.17,D
1710,22,Other,4.22,1.93,4.68,92.71,RPG,1.61,5.53,262.96,11.33,Medium,43.107453045540765,F
1711,22,Male,1.63,5.89,6.43,79.71,Casual,1.53,5.45,292.45,6.28,Medium,80.53,B-
1712,20,Male,0.97,3.72,5.04,77.6,FPS,4.19,2.6,301.51,2.48,Medium,65.84,D
1713,24,Female,4.09,6.95,8.02,90.46,RPG,4.13,7.65,265.95,13.45,Medium,85.45,B
1714,19,Male,0.63,3.87,6.87,62.52,FPS,4.12,2.57,309.47,1.63,Medium,64.41,D
1715,18,Female,4.7,4.88,7.06,74.67,FPS,1.41,10.38,265.26,15.34,Medium,62.99627092908436,D-
1716,19,Male,0.25,1.47,6.31,83.03,FPS,3.99,2.79,309.66,2.36,Medium,60.62,D-
1717,20,Male,0.85,9.93,5.28,78.42,FPS,0.18,2.31,314.98,3.95,High,100,A
1718,21,Male,4.4,5.57,6.95,67.27,Casual,1.03,9.58,274.56,10.66,Medium,57.75,F
1719,18,Male,4.73,1.22,7.58,71.97,RPG,2.57,7.74,270.5,7.23,Medium,35.44,F
1720,17,Male,0.23,5.87,5.85,72.01,RPG,2.03,5.33,326.59,3.97,Medium,75.45,C
1721,19,Female,4.59,8.83,6.52,99.68,RPG,0.56,7.15,259.24,8.08,Medium,83.98685647617982,B
1722,20,Female,6.71,7.95,8.2,73.05,Casual,0.21,10.21,236.77,13.94,Low,83.50962321592839,B
1723,19,Female,5.78,7.31,4.74,68.21,RPG,3.06,9.01,253.11,13.33,High,70.42910439965196,C-
1724,18,Male,1.05,2.26,6.73,92.91,Casual,1.57,4.84,303.15,2.71,Medium,76.99,C
1725,23,Female,4.74,6.92,5.74,76.85,FPS,0.08,7.75,251.54,10.92,Medium,65.37,D
1726,19,Female,5.38,7.9,7.51,77.75,RPG,2.15,8.86,250.42,12.9,Low,81.41349935088861,B-
1727,17,Female,0.3,6.15,4.09,81.96,FPS,1.53,4.7,332.75,-0.15,Medium,73.15,C
1728,17,Male,6.84,9.03,7.35,83.83,RPG,2.88,9.91,230.49,15.76,Low,81.45614710643608,B-
1729,16,Female,7.25,3.49,4.51,83.62,FPS,4.65,11.67,225.06,15.47,Low,22.43,F
1730,19,Female,6.8,3.18,4.32,61.38,Casual,1.54,11.37,232.93,13.75,Low,11.57,F
1731,24,Male,6.6,8.83,7.62,92.75,FPS,4.99,11.34,246.37,11.57,Low,88.38932573583665,B+
1732,22,Female,5.96,6.63,7.2,67.79,RPG,0.43,9.31,251.96,10.49,Low,56.94,F
1733,22,Male,5.07,1.01,8.47,71.69,RPG,0.44,6.09,266.22,10.7,Low,42.98,F
1734,22,Female,5.43,4.18,6.6,66.94,FPS,3.56,10.2,280.17,13.33,Low,48.94,F
1735,23,Female,6.45,8.72,6.65,90.68,FPS,3.74,12,250.81,16.71,Low,83.78949463816865,B
1736,16,Female,5.3,1.25,7.54,83.35,FPS,2.11,9.56,265.4,16.16,Low,49.24108836510077,F
1737,23,Male,2.62,1.03,5.62,90.21,RPG,1.43,6.24,317.16,9.76,Medium,41.76,F
1738,19,Male,3.01,3.53,4.18,86.14,RPG,3.97,6.81,288.78,9.91,Medium,46.98,F
1739,19,Female,7.18,9.23,5.15,64.17,RPG,4.78,11.38,229.92,18.83,High,68.78802040000384,D+
1740,19,Male,0.14,9.11,5.19,72.06,RPG,4.95,6.13,315.29,3.64,High,97.44,A
1741,21,Male,5.59,5.67,5.68,80.29,RPG,3.17,6.9,263.49,12.16,Low,53.69,F
1742,22,Female,7.64,5.98,8.72,72.2,RPG,3.7,8.75,215.8,18.91,Low,56.96,F
1743,21,Female,5.65,3.99,8.02,68.29,FPS,4.11,11.47,232.73,14.64,Low,53.08,F
1744,16,Male,7.95,3.19,8.68,94.79,RPG,3.99,11.15,216.39,17.98,Low,42.64,F
1745,23,Male,5.5,8.34,8.99,89.91,FPS,4.97,9.56,262.2,15.36,Low,97.52475354238749,A
1746,22,Male,0.27,1.96,6.17,73.81,RPG,4.05,5.04,322.69,2.37,Medium,59.97,F
1747,21,Female,6.62,5.39,5.14,90.6,Casual,3.31,11.33,238.96,15.33,Low,40.8,F
1748,21,Female,2.28,6.71,6.8,85.1,RPG,1.88,6.52,303.33,3.96,Medium,82.45,B-
1749,20,Female,3.57,1.93,8.41,60.15,FPS,2.99,6.93,283.24,7.89,Medium,57.216317059033315,F
1750,21,Female,2.5,5.68,6.33,75.21,FPS,4.4,6.38,293.44,6.28,Medium,69.61,D+
1751,24,Female,2.15,6.2,6.53,71.62,FPS,1.53,6.8,294.03,6.08,Medium,74.54,C
1752,24,Female,3.45,7.68,4.67,68.72,RPG,0.15,8.7,287.56,11.15,High,74.71,C
1753,23,Male,3.03,3.11,6.1,70.06,RPG,1.64,4.67,291.19,4.86,Medium,49.71,F
1754,24,Female,5.07,3.64,5.93,97.69,FPS,4.8,7.46,256.43,14.31,Low,63.78889739066764,D
1755,23,Male,6.51,6.13,5.76,79.45,Casual,3.97,9.5,250.01,10.39,Low,49.36,F
1756,23,Female,2.38,9.85,8.44,93.91,FPS,0.94,6.71,284.9,8.12,Medium,100,A
1757,16,Female,1.71,2.96,4.3,68.57,RPG,0.06,4.69,301.83,6.54,Medium,57.32,F
1758,20,Male,5.34,9.87,8.86,66.98,RPG,3.35,7.53,259.92,13.16,Low,100,A
1759,19,Female,5.36,7.43,4.04,95.55,RPG,2.9,6.53,252.33,13.5,High,78.06807296965033,C+
1760,17,Male,7.21,8.43,8.73,79.83,Casual,0.41,12.42,234.82,16.6,Low,71.67959050988486,C-
1761,23,Female,0.13,1.81,6.74,95.81,FPS,4.83,3.22,324.52,4.31,Medium,52.86,F
1762,18,Male,6.82,3.7,7.51,62.52,FPS,3.09,9.47,227.34,13.58,Low,28.31,F
1763,19,Female,4.17,1.52,4.94,96.66,Casual,3.26,7.82,271.8,8.95,Medium,38.57,F
1764,22,Male,4.97,4.34,7.27,76.62,FPS,4.27,6.58,282.51,14.88,Medium,58.4,F
1765,24,Male,0.73,9.83,8.41,66.21,Casual,1.69,3.72,302.98,3.31,Medium,100,A
1766,17,Male,3.46,1.95,4.7,87.34,FPS,2.79,8.22,288.78,11.2,Medium,40.86,F
1767,18,Male,1.82,6.06,4.64,91.88,FPS,2.88,6.5,297.2,6.97,Medium,79.3,C+
1768,19,Male,2.03,1.05,5.52,61.89,RPG,4.84,6.89,307.47,7.94,Medium,42.85,F
1769,16,Female,4.03,7.41,4.81,99.49,FPS,0.66,7.37,264.41,5.72,High,78.47,C+
1770,22,Male,6.5,2.77,4.55,87.88,FPS,3.79,9.34,242.06,15.17,Low,29.32,F
1771,17,Male,5.95,2.17,7.39,72.86,Casual,2.88,11.11,270.71,14.51,Low,34.13,F
1772,20,Male,4.73,4.03,5.07,66.05,FPS,4.23,6.6,261.51,12.34,Medium,33.8,F
1773,16,Female,4.32,7.94,7.34,75.7,RPG,4.16,8.95,274.49,9.36,Medium,82.74,B-
1774,18,Female,3.42,1.96,8.31,68.82,FPS,0.06,8.86,284.91,11.95,Medium,52.76,F
1775,17,Female,7.78,3.07,7.26,79.77,FPS,1.28,10.21,206.35,14.36,Low,20.05,F
1776,16,Female,4.48,1.08,4.6,91.28,FPS,0.9,6.47,270.7,9.05,Medium,45.7428897944129,F
1777,22,Male,2.03,9.72,6.87,86.41,FPS,2.31,5.59,283.26,2.68,Medium,100,A
1778,20,Male,1.84,6.33,5.97,77.44,FPS,4.53,3.92,304.25,2.56,Medium,87.89,B+
1779,16,Male,4.89,7.48,5.72,64.76,Casual,0.03,10.24,262.5,12.47,High,63.53,D
1780,21,Female,4.18,6.86,5.59,98.29,RPG,2.44,6.4,258.69,12.21,Medium,77.02,C+
1781,20,Other,0.06,2.3,8.65,70.81,Casual,4.42,2.63,307.38,1.47,Medium,65.12,D
1782,18,Female,6.64,6.35,7.71,71.11,FPS,4.63,12.08,239.59,13.43,Low,49.13,F
1783,22,Male,5.63,2.18,4.67,85.82,FPS,3.29,7.66,277.25,8.05,Low,30.29,F
1784,24,Male,5.29,4.61,6.38,90.82,RPG,4.15,10.71,272.75,14.64,Low,48.58,F
1785,24,Male,0.55,6.12,5.59,99.37,Casual,1.62,2.6,317,0.81,Medium,87.41,B+
1786,24,Female,2.9,6.03,8.89,98.77,FPS,1.43,8.46,290.35,7.53,Medium,91.23,A-
1787,17,Male,7.48,2.07,8.89,96.55,FPS,0.25,10.07,236.26,18.41,Low,31.94,F
1788,18,Female,6.9,1.31,5.6,77.41,FPS,2.52,9.13,231.86,14.65,Low,26.94,F
1789,22,Male,2.28,8.18,5.76,66.67,FPS,2.28,5.67,285.71,5.66,High,82.24,B-
1790,20,Female,1.26,7.53,7,83.38,Casual,1.86,4.11,313.39,4.27,Medium,100,A
1791,17,Female,3.59,1.74,6.4,60.69,FPS,0.57,5.6,270.9,11.15,Medium,48.675062655222995,F
1792,18,Female,2.85,2.15,5.07,67.85,FPS,1.15,5.54,300.21,7.55,Medium,48.61,F
1793,21,Female,5.46,9.03,7.3,60.1,RPG,1.02,10.03,240.95,8.89,Low,85.69649071631166,B
1794,22,Female,7.73,7.92,5.67,67.22,FPS,4.72,12.89,218.22,16.4,High,50.870184080058834,F
1795,24,Female,2.9,9.97,7.27,78.99,Casual,4.83,8,299.36,7.78,Medium,100,A
1796,16,Female,0.5,3.29,5.92,75.73,Casual,0.02,5.28,311.13,5.12,Medium,57.92,F
1797,22,Female,7.18,5.39,7.5,74.77,FPS,0.85,8.21,232.61,12.39,Low,42.05,F
1798,23,Other,0.3,3.13,7.34,93.24,RPG,4.44,3.43,322.85,2.46,Medium,73.23,C
1799,18,Female,7.62,6.61,6.54,87,RPG,0.19,9.46,240.15,16,Low,47.49,F
1800,19,Female,5.32,2.04,7.52,97.46,FPS,4.72,6.69,262.26,13.36,Low,45.28,F
1801,21,Female,7.53,2.15,6.3,77.81,RPG,1.9,12.21,232.51,15.41,Low,17.99,F
1802,22,Male,1.6,1.65,4.58,70.89,RPG,2.69,6.57,308.81,6.02,Medium,51.07,F
1803,19,Male,0.33,7.24,4.91,64.91,RPG,3.82,5.4,320.13,6.26,High,78.77,C+
1804,23,Female,3.91,5.45,5.23,86.88,Casual,1.22,9.36,283.93,12.34,Medium,66.4,D
1805,20,Female,3.6,6.56,4.32,93.67,FPS,0.5,7.55,305.37,10.37,Medium,76.29625139027983,C
1806,16,Female,2.65,8.91,7.56,67.35,RPG,4.05,8.64,293.25,7.67,Medium,95.03531646867798,A
1807,19,Male,7.66,7.66,5.84,95.15,Casual,4.92,11.08,219.48,17.33,High,56.234026868010105,F
1808,18,Female,6.58,5.16,4.47,81.05,FPS,3.29,12,251.43,15.64,Low,37.34,F
1809,24,Female,5.29,9.86,8.1,65.76,Casual,4.13,6.85,255.06,13.07,Low,100,A
1810,23,Male,1.3,5.11,7.42,85.71,FPS,4.71,3.04,307.77,4.52,Medium,87.95,B+
1811,16,Female,5.87,2.01,6.26,80.8,Casual,1.14,9.82,253.23,12.46,Low,30.59,F
1812,21,Female,5.82,9.93,5.24,61.13,Casual,1.75,7.44,244.34,15.94,High,84.82341203973043,B
1813,24,Male,3.4,1.21,4.76,75.97,RPG,1.1,4.78,275.49,9.9,Medium,30.5,F
1814,22,Female,7.4,5.95,6.29,91.39,FPS,0.31,9.38,208.12,14.06,Low,39.48,F
1815,19,Female,1.34,3.78,8.43,82.22,FPS,3.66,6.28,302.91,4.46,Medium,78.03,C+
1816,16,Male,2.14,5.53,4.94,71.28,FPS,0.73,7.78,299.93,6.78,Medium,62.82,D-
1817,17,Male,0.51,6.03,6.84,97.15,RPG,0.46,3.18,314.03,3.99,Medium,100,A
1818,20,Other,6.36,3.16,8.81,69.51,FPS,1.79,12.23,239.08,14.04,Low,52.58,F
1819,20,Male,4.97,6.01,7.19,70.11,RPG,0.3,10.02,264.13,11.13,Medium,73.25,C
1820,23,Male,2.52,7.8,6.2,74.19,FPS,0.9,4.65,280.33,7.86,Medium,79.78,C+
1821,21,Male,1.31,3.4,7.58,95.78,FPS,0.35,5.24,293.7,5.7,Medium,90.23,A-
1822,23,Female,0.32,4.45,8.12,80.31,FPS,4.39,6.23,321.42,-0.3,Medium,79.35,C+
1823,17,Female,1.33,3.41,6.95,87.29,RPG,3.9,6.57,309.85,6.6,Medium,84.6,B
1824,18,Female,3.63,8.39,8.36,99.05,Casual,4.3,6.45,281.55,5.72,Medium,100,A
1825,21,Male,1.98,7.52,6.57,91.33,FPS,4.34,4.51,293.23,3.96,Medium,93.26,A
1826,18,Female,2.07,8.84,8.15,66.9,FPS,4.72,7.17,306.1,5.96,Medium,100,A
1827,21,Male,7,2.53,8.76,91.53,Casual,0.93,10.75,224.76,14.94,Low,48.71,F
1828,21,Male,4.12,1.66,6.51,89.93,FPS,4.5,5.94,267.59,7.85,Medium,40.95,F
1829,17,Male,5.83,2.07,7.03,69.3,Casual,2.63,8.47,257.52,10.9,Low,41.75484289923571,F
1830,22,Male,0.29,2.45,7.05,73.01,RPG,0.83,4.6,325.12,3.76,Medium,60.16314502573839,D-
1831,17,Female,2.92,5.8,7.91,88.41,FPS,3.28,4.69,277.24,3.5,Medium,81.01,B-
1832,21,Female,3.83,9.74,8.11,69.54,RPG,1.64,8.32,295.47,8.84,Medium,94.81,A
1833,16,Male,1.49,4.22,4.14,68.33,Casual,0.23,6.04,300.81,6.84,Medium,61.7,D-
1834,18,Female,0.96,9.63,7.67,88.14,Casual,0.39,3.31,309.36,3.89,Medium,100,A
1835,17,Female,6.96,1.34,7.92,95.22,RPG,2.12,9.95,246.26,12.65,Low,24.88,F
1836,22,Female,7.52,9.34,7.5,63,RPG,4.13,13.2,245.28,14.02,Low,76.34027309102665,C
1837,19,Male,0.63,2.63,7.57,77.84,FPS,1.56,5.38,313.06,1.46,Medium,72.19,C-
1838,23,Female,2.79,9.21,4.21,84.29,FPS,3.83,7.73,298.25,3.69,High,81.49,B-
1839,21,Male,7.67,1.51,6.21,87.05,FPS,0.28,11.25,223.4,17.31,Low,13.11,F
1840,19,Female,0.67,9.53,8.09,99.85,Casual,1.97,2.74,328.64,1.46,Medium,100,A
1841,20,Male,5.15,2.81,8.67,87.31,FPS,0.64,9.11,258.59,11.51,Low,61.08,D-
1842,24,Female,7.78,3.72,5.15,84.81,FPS,4.32,12.64,229.78,19.01,Low,22.8,F
1843,22,Male,7.83,5.42,6.9,99.59,RPG,4.84,8.85,222.57,17.92,Low,50.46,F
1844,24,Male,3.77,4.43,8.02,62.43,RPG,1.63,5.34,276.92,8.8,Medium,70.53,C-
1845,22,Female,1.3,7.01,7.76,62.98,FPS,4.94,4.67,297.1,3.84,Medium,91.99,A-
1846,16,Female,1.62,9.77,7.09,82.43,FPS,3.76,4.81,299.94,3.43,Medium,100,A
1847,23,Female,7.12,6.46,4.09,74.35,RPG,0.01,13.03,234.73,16.49,Low,37.31,F
1848,19,Female,7.29,7.49,7.62,63.87,Casual,2.43,8.75,221.96,15.72,Low,54.31366214021246,F
1849,18,Male,4.86,1.79,7.87,72.26,RPG,4.17,7.48,255.97,12.88,Medium,42.49,F
1850,22,Female,6.13,6.65,7.61,86.97,FPS,2.67,11.21,225.44,12.02,Low,64.85,D
1851,18,Male,5.92,5.08,7.83,95.22,RPG,2.75,9.98,236.55,11.61,Low,56.92,F
1852,23,Male,5.29,8.97,6.15,63.77,RPG,2.24,9.1,256.38,12.47,Low,80.92515263719457,B-
1853,21,Female,6.62,4.49,8.97,81.61,FPS,1.98,11.33,250.15,11.37,Low,52.1,F
1854,20,Female,5.48,7.12,7.85,71.84,FPS,0.14,6.68,250.67,12.13,Low,81.5054271615651,B-
1855,19,Female,4.27,3.05,6.89,86.69,Casual,3.11,10.01,268.45,13.52,Medium,59.42,F
1856,23,Female,1.9,3.33,8.67,81.98,RPG,3.83,3.86,308.82,9.5,Medium,84.22,B
1857,23,Female,5.95,4.39,8.54,97.07,FPS,3.95,7.36,256.93,12.77,Low,60.16,D-
1858,16,Male,3.79,3.74,8.07,61.51,FPS,3.12,6.48,282.71,10.64,Medium,55.68,F
1859,24,Male,2.36,3.28,6.82,78.8,Casual,1.71,6.87,292.87,7.02,Medium,75.78845954815377,C
1860,20,Female,6.42,1.45,6.64,67.71,RPG,0.11,8.58,238.06,17.16,Low,22.54,F
1861,19,Male,5.57,8.53,5.64,81.47,Casual,4.48,6.82,257.12,10.92,High,80.81076823101347,B-
1862,21,Male,7.5,1.58,5.25,94.14,RPG,2.15,8.79,242.83,16.3,Low,18.49,F
1863,21,Male,1.32,8.99,6.56,96.45,FPS,3.01,3.6,322.23,4.99,Medium,100,A
1864,17,Female,5.19,2.13,6.89,75.93,Casual,0.97,6.87,281.78,12,Low,37.12,F
1865,23,Male,1.95,1.59,5.22,92.47,FPS,0.71,4.81,311.9,3.79,Medium,55.03,F
1866,22,Female,7.23,6.07,8.61,71.22,FPS,0.43,9.1,233.68,12.65,Low,49.4,F
1867,16,Female,0.8,5.52,6.79,60.25,FPS,3.99,3.52,298.38,5,Medium,78.82,C+
1868,20,Male,5.25,5.42,6.63,94.21,FPS,3.23,8.47,263.02,12.61,Low,68.63,D+
1869,21,Female,6.33,6.17,6.18,64.78,Casual,3.11,11.04,255.01,15.17,Low,57.78,F
1870,19,Female,2.84,3.58,4.29,60.7,RPG,4.6,4.98,260.39,8.53,Medium,44.8,F
1871,17,Female,7.63,6.97,8.41,74.15,FPS,0.79,11.01,213.65,18.64,Low,54.14,F
1872,19,Female,6.81,5.52,5.58,75.18,RPG,0.85,11.89,233.71,16.88,Low,47.759651317438845,F
1873,16,Male,2.36,4.01,7.21,63.09,RPG,0.95,8.29,283.99,8.96,Medium,67.27,D+
1874,22,Female,0.06,8.44,7.04,92.57,Casual,2.12,3.85,303.19,0.96,Medium,100,A
1875,17,Male,2.37,7.55,6.92,76.22,Casual,4.37,5.53,295.36,7.39,Medium,86.6,B
1876,17,Female,2.25,4.54,6.63,79.6,FPS,4.41,6.41,305.41,3.44,Medium,72.35,C-
1877,24,Female,7.12,8.63,4.91,70.59,Casual,2.95,10.55,232.68,15.99,High,64.14594686982988,D
1878,20,Female,7.74,9.28,5.4,80.46,FPS,3.29,9.56,210.52,17.88,High,69.49489892713028,D+
1879,17,Male,0.56,5.83,6.62,90.67,FPS,4.49,3.86,315.34,1.33,Medium,92.78,A-
1880,24,Male,3.77,2.93,7.95,96.25,FPS,3.12,9.67,263.66,10.77,Medium,63.33,D
1881,24,Male,4.39,9.24,6.16,98.82,FPS,1.15,8.59,257.23,11.48,Medium,97.3,A
1882,16,Male,0.74,2.71,5.02,77.07,Casual,3.52,3.16,320.72,0.91,Medium,66.37,D
1883,18,Male,3.02,1.44,4.44,99.6,RPG,3.85,8.76,295.76,11.17,Medium,48.44,F
1884,19,Female,2.54,3.95,7.32,71.8,RPG,3.18,5.48,286.63,7.19,Medium,64.97,D
1885,22,Male,4.29,7.54,6.12,60.28,Casual,1.37,7.24,275.83,6.7,Medium,77.94,C+
1886,19,Other,5.29,9.31,4.63,90.7,FPS,2,9.37,245.78,12.8,High,75.58371762972082,C
1887,17,Male,5.63,6.74,7.37,67.14,FPS,2.35,9.47,257.73,16.09,Low,62.36536559524971,D-
1888,22,Female,1.09,9.57,5.04,62.1,RPG,0.73,3.54,303.08,3.4,High,100,A
1889,21,Female,6.5,1.83,6.55,96.96,Casual,2.26,9.84,228.74,13.37,Low,45.5,F
1890,18,Female,5.43,1.55,5.53,91.67,Casual,0.81,8.09,245.77,11.1,Low,37.03,F
1891,21,Female,7.11,6.44,8.66,64.11,FPS,2.5,11.8,238.78,16.24,Low,55.52,F
1892,21,Male,3.59,9.7,5.14,91.08,Casual,0.25,5.2,262.11,5.56,High,97.6056807496753,A
1893,20,Female,7.15,5.52,6.1,93.76,Casual,4.74,11.9,231.38,19.48,Low,50.19,F
1894,19,Male,6.93,1.46,8.8,96.21,FPS,1.23,8.74,247.52,16.61,Low,42.13,F
1895,16,Male,3.51,2.99,5.59,81.75,RPG,2.34,6.04,272.95,10.44,Medium,55.42,F
1896,21,Female,3.05,3.2,7.22,88.14,FPS,0.16,5.72,267.99,4.43,Medium,64.18,D
1897,17,Female,7.46,4.04,5.58,90.49,RPG,0.96,13.41,227.71,18.15,Low,38.12,F
1898,18,Female,5.72,1.39,4.55,87.55,Casual,3.47,9.67,258.14,15.57,Low,26.97,F
1899,23,Male,7.43,9.14,7.14,85.87,Casual,0.56,12.32,217.86,15.41,Low,85.03219261676732,B
1900,21,Male,6.38,5.64,8.58,81.9,RPG,3.14,10.16,255.31,14.51,Low,65.35,D
1901,18,Male,4.87,7.04,6.26,79.17,Casual,0.01,10.79,269.19,10.5,Medium,64.87,D
1902,22,Male,0.93,1.6,7.13,99.85,FPS,2.33,2.82,312.34,4.47,Medium,66.17,D
1903,19,Male,2.33,1.49,7.04,73.5,FPS,3.61,6.35,297.81,6.24,Medium,61.78630486274652,D-
1904,24,Male,7.75,6.28,6.08,63.53,FPS,4.63,12.74,228.27,17.81,Low,31.91,F
1905,20,Male,2.56,8.99,7.07,90.6,Casual,2.46,6.7,292.62,4.93,Medium,95.76,A
1906,18,Female,0.75,5.76,5.3,68.55,Casual,4.2,6.23,311.71,7.34,Medium,71.9,C-
1907,17,Male,5.66,8.9,5.89,81.31,RPG,4.01,9.66,260.91,13.42,High,90.19507071507132,A-
1908,17,Female,5.87,8.3,6.21,63.83,Casual,1.48,11,262.49,15.89,Low,69.60090515382194,D+
1909,18,Male,2.28,1.68,8.32,84.77,Casual,4.37,4.16,284.43,6.27,Medium,62.56,D-
1910,17,Female,2.38,2.82,5.74,97.76,RPG,3.2,4.69,284.42,4.1,Medium,63.41,D
1911,19,Female,3.75,6.92,7.18,88.91,RPG,0.52,6.97,271.09,5.83,Medium,95.48440846348372,A
1912,17,Male,0.17,4.99,5.07,68.58,Casual,4.7,5.43,311.87,2.59,Medium,73.16,C
1913,24,Female,6.31,3.62,5.26,98.85,FPS,0.88,9.44,255.62,16.4,Low,41.05,F
1914,17,Male,2.54,4.77,7.24,72.28,FPS,2.35,6.68,274.52,3.21,Medium,70.48,C-
1915,24,Female,6.83,5.01,7.81,77.46,FPS,2.33,9.81,243.47,19.05,Low,54.31,F
1916,21,Male,6.42,9.19,6.31,79.92,Casual,3.13,11.45,256.83,17.02,Low,78.94627919249139,C+
1917,16,Other,5.29,1.93,5.68,99.63,Casual,3.32,7.29,250.73,11.96,Low,46.66,F
1918,19,Male,2.6,3.52,8.55,62.76,FPS,1.16,6.57,303.52,6.95,Medium,62.91,D-
1919,16,Male,4.13,5.84,4.68,87.87,Casual,1.76,8.02,282.01,11.92,Medium,61.92,D-
1920,21,Female,3.56,7.28,7.6,74.48,RPG,0.72,6.58,273.79,6.19,Medium,86.53,B
1921,19,Male,2.71,6.68,7.45,63.13,RPG,0.63,7.24,295.67,8.57,Medium,91.72,A-
1922,18,Female,6.79,9.47,7.45,97.4,Casual,4.13,7.93,230.25,14.77,Low,77.38173713291891,C+
1923,18,Male,3.87,8.16,8.68,83.59,RPG,3.75,9.08,262.54,13.94,Medium,97.86,A
1924,24,Female,6.66,6.01,7.64,90.14,RPG,2.21,9.4,235.44,13.96,Low,61.65,D-
1925,21,Male,0.84,2.93,5.51,69.62,FPS,0.48,5.81,323.42,4.25,Medium,56.7,F
1926,24,Female,1.13,5.06,5.77,90.46,FPS,2.25,3.66,301.86,3.39,Medium,84.97,B
1927,20,Female,7.82,7.24,5.96,93.14,RPG,1.47,9.76,226.58,15.58,High,56.22092494588872,F
1928,17,Male,4.7,8.54,4.15,77.23,FPS,3.89,7.65,253.56,13.83,High,66.67,D
1929,23,Male,4.08,9.64,8.57,82.88,Casual,0.48,9.07,279.71,8.71,Medium,100,A
1930,20,Male,4.19,6.45,4.37,98.87,RPG,2.26,8.71,278.03,7.6,Medium,63.65,D
1931,17,Other,1.72,5.74,7.5,93.87,RPG,2.96,4.73,292.32,5.43,Medium,93.84,A
1932,19,Male,5.75,1.16,7.65,77.79,Casual,4.93,11.44,227.83,12.9,Low,30,F
1933,24,Male,0.68,1.65,8.22,86.58,Casual,0.45,3.72,308.22,3.39,Medium,65.37,D
1934,19,Male,4.59,2.4,6.77,91.37,FPS,0.57,7.34,269.35,11.82,Medium,54.6,F
1935,19,Male,4.57,1.49,7.63,60.97,RPG,4.94,6.29,265.03,10.29,Medium,32.39,F
1936,17,Female,7.31,4.61,5.51,83.53,Casual,2.03,8.66,233.08,15.34,Low,35.06,F
1937,21,Female,4.21,4.03,7.73,99.38,FPS,3.72,6.96,272.98,5.67,Medium,70.03,C-
1938,17,Female,1.1,6.74,5.72,97.89,FPS,3.92,2.56,301.69,4.05,Medium,96.67,A
1939,22,Female,4.58,5.82,8.51,93.3,RPG,1.57,7.89,252.49,11.21,Medium,74.39,C
1940,18,Female,0.73,6.36,4.82,64.25,RPG,1.07,6.03,318.63,7.86,Medium,77.29,C+
1941,18,Male,1.63,5.25,5.58,99.76,FPS,1.38,5.01,291.59,7.22,Medium,79.44,C+
1942,20,Male,0.25,3.5,6.49,84.38,RPG,3.82,3.65,304.98,-0.76,Medium,69.59,D+
1943,18,Female,4.11,9.58,7.88,68.92,RPG,4.2,6.38,275.68,11.48,Medium,100,A
1944,17,Female,0.68,1.78,7.74,86.97,RPG,3.5,2.51,300.78,-0.32,Medium,69.81,D+
1945,24,Female,3.76,9.45,5.05,94.26,Casual,2.21,5.87,266.7,10.24,High,90.61,A-
1946,17,Male,7.46,3.8,4.72,64.49,Casual,1.31,11.3,246.29,19.75,Low,27.84336164038511,F
1947,17,Male,5.76,5.61,5.52,96.66,RPG,2.13,9.72,266.77,17.23,Low,53.06,F
1948,23,Male,0.62,1.98,6.42,96.81,RPG,4.57,2.72,324.47,1.5,Medium,67.03,D+
1949,24,Female,1.79,1.64,6.7,60.54,Casual,4.32,4.78,306.11,6.49,Medium,58.041504175721336,F
1950,22,Female,5.39,4.87,6.15,96.01,RPG,1.62,9.23,266.88,14.72,Low,59.93208418900365,F
1951,18,Female,7.16,7.68,7.32,97.87,Casual,1.64,11.96,253.71,17.66,Low,77.58786029563846,C+
1952,24,Male,0.26,3.42,6.14,61.51,RPG,3.9,2.86,327.82,-1.52,Medium,60.26,D-
1953,18,Female,6.5,6.06,8.73,71.77,RPG,2.13,8.86,244.51,14.49,Low,60.37,D-
1954,20,Male,4.49,3.51,5.3,74.92,FPS,2.86,9.14,274.85,12.44,Medium,47.79,F
1955,24,Male,4.37,4.5,7.14,73.96,Casual,2.11,7.94,262.91,10.52,Medium,58.11,F
1956,18,Female,7.66,9.16,7.06,90.36,RPG,1.21,12.94,229.54,16.24,Low,65.46028943410288,D
1957,22,Male,5.98,8.7,5.41,74.32,Casual,0.94,8.04,250.15,12.59,High,72.45435308555344,C-
1958,16,Male,6.8,5.64,6.06,98.26,RPG,0.7,11.65,237.02,17.83,Low,46.69,F
1959,19,Female,2.83,3.14,5.83,99.8,FPS,0.06,4.64,282.89,7.35,Medium,64.43,D
1960,19,Female,4.43,2.74,4.86,72.67,RPG,1.4,8.35,279.72,11.75,Medium,35.38,F
1961,22,Male,4.92,9.59,6.39,80.35,FPS,0.86,7.34,251.43,10.55,Medium,82.87,B-
1962,23,Female,2.57,2.82,5.93,82.31,FPS,1.29,4.08,290.64,6.75,Medium,61.29,D-
1963,16,Male,4.56,8.27,4.89,83.18,FPS,0.38,8.64,252.39,6.95,High,70.76,C-
1964,20,Female,1.89,4.32,6.25,74.97,FPS,1.71,5.42,277.24,5.46,Medium,74.23,C
1965,22,Female,1.15,9.87,6.11,66.64,FPS,2.6,4.58,318.15,3.25,Medium,100,A
1966,19,Female,2.99,4.31,4.66,62.18,Casual,4.72,6.95,296.98,8.01,Medium,50.46,F
1967,19,Female,5.91,4.16,4.66,64.25,Casual,1.74,8.77,244.23,10.9,Low,28.32,F
1968,19,Male,7.33,6.74,7.24,96.05,FPS,0.16,11.68,232.55,17.58,Low,55.92,F
1969,21,Male,3.66,9.65,7.53,71.22,RPG,1.81,5.31,273.19,11.99,Medium,97.92,A
1970,22,Male,5.14,9.79,8.71,63.07,RPG,4.09,9.71,255.44,12.73,Low,96.53902745401682,A
1971,17,Male,0.82,7.36,4.44,84.94,FPS,1.7,4.72,305.28,3.68,High,82.34,B-
1972,20,Female,7.24,7.79,4.59,63.01,FPS,1.46,10.67,237.72,21.21,High,62.1333438051394,D-
1973,19,Male,4.55,6.07,4.26,62.8,FPS,4.59,6.19,261.59,8.02,Medium,54.17,F
1974,18,Male,6.24,7.8,6.66,84.86,Casual,1.49,8.63,249.27,14.66,Low,83.88754265210088,B
1975,22,Male,6.36,8.74,7.11,83.66,Casual,4.85,8.84,260.36,17.12,Low,84.2020665122245,B
1976,21,Other,2.05,5.37,6.02,61.66,RPG,4.16,4.22,299.3,4.4,Medium,74.14,C
1977,22,Male,4.23,6.58,7.99,78.42,Casual,3.42,10,270.49,13.05,Medium,93.3394839001055,A
1978,20,Female,7.68,5.84,7.43,77.43,RPG,2.99,13.26,222.13,18.48,Low,42.4,F
1979,21,Male,0.72,6.06,8.93,81.87,FPS,1.12,4.45,311.22,1.16,Medium,100,A
1980,20,Male,5.46,9.01,4.69,89.51,Casual,3.65,7.49,237.78,11.61,High,100,A
1981,22,Female,7.7,4.2,4.29,71.31,FPS,1.74,13.26,243,18.12,Low,10.67,F
1982,17,Female,2.4,2.87,5.37,77.31,Casual,2.43,7.15,281.62,5.9,Medium,58.76,F
1983,20,Female,6.89,5.11,4.1,91.71,RPG,0.52,8.08,218.13,11.16,Low,34.58,F
1984,21,Female,7.47,2.87,8.66,96.9,RPG,1.48,10.92,229.31,15.84,Low,46.72,F
1985,21,Male,5.98,5.49,5.52,95.65,RPG,2.65,10,251.78,10.98,Low,50.46,F
1986,20,Male,1.85,9.13,6.76,79.11,Casual,2.34,3.18,311.05,5.45,Medium,100,A
1987,22,Female,2.67,6.56,5.59,80.83,FPS,1.72,3.92,290.41,7.06,Medium,68.45,D+
1988,23,Male,0.29,8.7,5.23,81.16,FPS,2.36,3.61,325.77,-0.31,High,100,A
1989,22,Female,6.65,2.5,4.76,94.75,Casual,3.72,7.66,249.5,13.97,Low,28.53,F
1990,20,Female,6.8,9.11,5.6,93.6,Casual,2.3,8.03,246.72,11.53,High,81.46045914101558,B-
1991,16,Male,5.06,6.42,7.08,72.46,Casual,2.53,6.89,247.94,10.31,Low,62.23,D-
1992,20,Female,2.82,1.29,8.86,66.51,RPG,3.51,8.37,291.27,7.08,Medium,54.73,F
1993,17,Male,0.61,6.7,6.79,75.16,RPG,4.21,5.44,298.83,4.6,Medium,96.55,A
1994,20,Male,6.02,9.56,6.66,71.54,RPG,2.63,9.27,267.7,10.43,Low,83.08344385654743,B
1995,20,Male,5.81,1.71,4.18,98.03,FPS,4.74,9.21,257.26,15.29,Low,30.53,F
1996,17,Female,7.3,6.24,8.2,70.64,Casual,1.77,11.73,226.15,19.27,Low,55.48,F
1997,20,Male,5.84,9.24,4.22,67.25,Casual,1.26,9.21,253.68,13.08,High,62.502702364344735,D-
1998,19,Female,6.63,1.09,8.53,95.98,Casual,3.47,7.95,230.33,11.23,Low,39.53287210820626,F
1999,16,Female,5.97,6.68,6.69,63.46,RPG,0.88,10.66,232.81,10.1,Low,62.39,D-
2000,18,Female,5.05,5.27,4.84,70.41,RPG,4.5,6.34,268.17,12.94,Low,39.17,F
2001,16,Female,3.42,4.12,6.26,77.56,Casual,1.93,6.85,269.15,12.52,Medium,65.97,D
2002,20,Male,7.22,6.65,8.97,83.8,Casual,3.49,12.53,231.55,17.18,Low,59.18,F
2003,19,Male,5.21,1.47,5.53,73.11,Casual,2.85,6.8,259.54,8.89,Low,39.37,F
2004,22,Male,3.19,7.78,5.35,79.85,RPG,0.27,7.72,279.9,6.45,High,82.82,B-
2005,20,Female,0.67,1.04,4.59,67.95,Casual,3.55,1.9,301.68,4.32,Medium,39.89,F
2006,19,Other,2.33,3.76,6.99,82.97,FPS,3.95,8.3,292.65,7.98,Medium,73.2,C
2007,17,Female,4.35,5.54,4.45,76.31,RPG,4.91,8.76,269.28,8.97,Medium,62.95,D-
2008,19,Female,2.21,4.39,7.83,93.97,FPS,2.08,8.05,302.19,11.94,Medium,82.3,B-
2009,17,Female,1.77,3.77,8.6,76.63,Casual,2.51,6.11,323.21,7.8,Medium,78.07,C+
2010,23,Male,4.22,8.48,8.66,77.75,RPG,4.37,6.43,249.6,10.64,Medium,98.7,A
2011,18,Female,1.36,9.41,4.54,83.69,FPS,1.35,6.99,295.69,4.42,High,96.91,A
2012,24,Female,6.4,8.86,6.79,64.93,RPG,0.95,10.53,245.43,17.34,Low,86.42399769997512,B
2013,19,Male,3.87,5.7,4.49,66.27,FPS,0.66,7.75,283.67,11.44,Medium,44.77,F
2014,21,Other,4.59,8.96,6.86,91.61,FPS,4.89,7.74,268.38,10.54,Medium,89.6,B+
2015,20,Male,1.18,9.29,8.07,70.94,FPS,1.35,3.6,317.07,5.75,Medium,100,A
2016,16,Female,2.6,4.68,6.69,87.39,RPG,3.79,6.25,274,9.12,Medium,65.81,D
2017,24,Female,3.28,3.55,8.36,63.9,FPS,2.25,6.11,277.46,8.52,Medium,73.77786670872725,C
2018,16,Female,6.47,1.88,8.01,92.87,FPS,1.2,11.74,256.98,13.28,Low,27.53,F
2019,23,Male,6.16,5.31,5.38,99.53,FPS,4.57,7.3,237.48,10.85,Low,59.58,F
2020,24,Female,1.78,9.52,7.15,74.95,FPS,2.32,5.43,269.65,2.22,Medium,100,A
2021,24,Female,4.93,6.05,4.04,80.22,FPS,2.83,10.11,252.67,15.1,Medium,59.9,F
2022,16,Male,1.95,7.01,5.98,77.71,RPG,1.11,3.09,300.97,1.55,High,84.95,B
2023,17,Female,7.91,2.02,5.19,95.77,RPG,1.62,10.32,224.37,17.09,Low,7.35,F
2024,16,Female,7.62,2.29,8.69,60.4,Casual,3.74,8.88,215.71,12.69,Low,22.29,F
2025,17,Female,4.51,5.18,6.03,86.14,FPS,1.72,8.49,258.66,14.38,Medium,64.71,D
2026,23,Male,5.59,9.56,7.27,86.09,Casual,2.53,8.17,239.61,10.14,Low,93.83904298116155,A
2027,20,Female,6.41,4.25,7.66,75.3,FPS,0.57,12.21,230.95,16.37,Low,47.57,F
2028,22,Female,5.77,8.9,7.87,68.77,FPS,4.25,9.85,241.97,10.44,Low,87.20164816111901,B+
2029,17,Male,5.6,2.08,7.68,69.59,FPS,3.69,9.41,253.85,14.85,Low,45.04,F
2030,23,Male,7.67,6.55,5.45,92.02,FPS,3.8,13.26,204.08,20.3,Low,46.54,F
2031,21,Other,4.77,6.41,7.43,62.64,RPG,0.89,6.89,276.42,10.64,Medium,71.97,C-
2032,23,Female,5.09,8.74,6.75,82.55,Casual,2.48,8.9,257.88,11.95,Low,94.50081149330975,A
2033,16,Female,6.79,1.03,6.99,72.27,Casual,0.14,10.5,227.45,17.06,Low,19.97,F
2034,16,Male,5.36,2.71,4,70.61,Casual,1.58,6.77,245.94,10.21,Low,34.36,F
2035,22,Male,5.86,2.98,5.29,80.23,Casual,1.74,11.52,243.33,16.73,Low,39.21,F
2036,23,Male,1.87,9.55,8.65,95.91,RPG,4.57,6.37,297.62,6.58,Medium,100,A
2037,18,Male,2.97,2.38,5.45,84.72,RPG,4.96,8.41,285.87,5.51,Medium,54.83,F
2038,20,Female,1.18,1.33,6.19,91.54,Casual,3.09,7.09,303.9,9.01,Medium,64,D
2039,16,Female,4.05,5.81,4.93,84.03,Casual,2.58,7.45,263.85,10.17,Medium,66.23,D
2040,22,Female,3.65,5.76,4.69,87.91,FPS,2.2,8.67,276.09,9.13,Medium,75.16,C
2041,20,Male,7.98,8.6,5.04,77.3,RPG,0.09,11.87,203.5,18.24,High,55.95912097344082,F
2042,23,Female,4.89,9.54,6.77,97.04,RPG,4,10.78,249.17,11.29,Medium,93.08,A
2043,23,Male,6.29,5.85,8.6,80.08,RPG,3.36,8.53,237.76,13.39,Low,62.13,D-
2044,24,Male,2.67,9.37,5.63,82.07,Casual,3.25,3.74,274.54,7.45,High,98.58,A
2045,22,Female,6.65,7.53,5.62,81,RPG,4.05,8.58,238.01,15.64,High,67.55127893882569,D+
2046,16,Female,4.92,3.38,6.82,72.65,Casual,4.64,6.56,247.58,11.9,Medium,44.7,F
2047,18,Female,5.58,9.36,5.78,69.25,Casual,1.95,8.76,270.17,11.55,High,81.30417171616416,B-
2048,23,Male,2.36,7.01,8.55,62.95,FPS,2.13,3.75,277.1,3.69,Medium,90.27,A-
2049,18,Female,4.39,4.73,5.89,88.73,FPS,4.88,6.49,282.43,10.61,Medium,57.88,F
2050,23,Female,5.07,7.12,6.45,71.57,FPS,3.32,6.55,239.11,12.42,Low,61.794362141467346,D-
2051,16,Female,4.71,4.61,6.67,75.57,Casual,4.26,8.14,283.53,9.67,Medium,51.81,F
2052,20,Male,7.32,2.03,7.91,96.8,FPS,1.11,9.65,238,15.35,Low,40.32,F
2053,19,Other,7.19,7.47,6.82,82.66,RPG,1.59,10.55,241.64,16.84,Low,76.38644909045331,C
2054,20,Female,7.77,8.42,5.2,63.88,RPG,1.96,9.21,213.11,16.07,High,54.94571291748731,F
2055,23,Female,5.34,7.56,4.62,91.98,Casual,1.58,8.92,252.69,14.78,High,81.86154106874058,B-
2056,19,Male,7.78,3.06,8.69,70.25,FPS,4.42,9.43,224.07,13.77,Low,29.16,F
2057,19,Male,6.66,9.61,8.01,82.11,FPS,2.56,8.16,239.07,11.16,Low,84.40680321735825,B
2058,18,Male,2.17,1.23,4.11,80.4,FPS,4.77,4.72,306.69,7.81,Medium,40.02,F
2059,22,Male,3.42,3.99,8.11,69.52,RPG,1.61,8.79,285.87,10.76,Medium,68.21,D+
2060,18,Female,1.91,3.34,6.95,64.63,FPS,0.19,6.85,295.42,6.47,Medium,64.12,D
2061,18,Male,0.03,1.43,6.59,68.45,Casual,0.69,5.83,329.63,2.29,Medium,58.48,F
2062,20,Male,1.5,4.65,4.06,63.89,FPS,1.09,4.8,313.83,5.59,Medium,65.97,D
2063,20,Male,0.03,6.61,7.9,71.03,RPG,3.2,2.59,313.96,1.72,Medium,91.13,A-
2064,21,Male,5.76,8.94,4.99,99.89,Casual,0.91,11.61,244.91,15.04,High,86.58503219895216,B
2065,23,Male,3.4,9.91,7.64,76.08,RPG,1.91,6.31,300.82,8.12,Medium,100,A
2066,21,Female,2.5,8.27,4.08,94.56,FPS,3.98,3.55,287.6,6.6,High,87.31,B+
2067,16,Female,6.09,5.22,7.98,81.97,Casual,0.62,11.19,240.49,16.57,Low,60.72,D-
2068,23,Male,6.66,7.51,4.12,86.66,FPS,0.4,8.51,238.53,16.05,High,59.37849981658927,F
2069,23,Male,7.8,8.59,5.18,66.25,FPS,2.7,12.39,237.14,18.81,High,68.2519668407462,D+
2070,24,Male,5.14,5.19,5.34,70.99,FPS,3.49,6.22,265.5,10.81,Low,47.83,F
2071,24,Male,3.69,8.07,4.79,80.42,FPS,4.55,5.24,274.46,9.04,High,78.35677198110457,C+
2072,17,Female,2.44,5.34,6.41,95.25,RPG,3.31,5.86,296.84,8.98,Medium,83.07,B
2073,17,Female,1.78,4.48,5.42,61.72,RPG,4.73,3.12,301.14,3.92,Medium,65.41,D
2074,18,Female,1.7,5.73,8.97,80.28,RPG,1.22,7.14,298.18,5.58,Medium,91.44,A-
2075,16,Female,3.27,7.08,6.9,62.04,FPS,1.71,8.02,277.76,9.9,Medium,75.4,C
2076,19,Male,7.93,7.54,6.83,78.27,RPG,4.2,10.57,226.32,18.66,Low,60.10906780925567,D-
2077,19,Female,0.01,4.21,5.1,85.15,FPS,4.06,4,315.72,1.81,Medium,67.68,D+
2078,24,Female,1.58,6.14,6.04,89.79,FPS,3.32,6.16,301.75,6.35,Medium,94.08,A
2079,24,Female,1.51,9.19,4.62,65.54,FPS,2.53,6.29,301.38,3.73,High,100,A
2080,24,Male,5.74,9.79,7.81,66.66,RPG,0.09,8.72,236.61,12.95,Low,89.51078830944087,B+
2081,22,Female,2.82,3.05,5.66,78.8,RPG,1.4,8.31,280.87,11.49,Medium,51.71,F
2082,17,Female,3.66,2.74,7.76,99.92,FPS,0.79,9.37,273.5,11.39,Medium,65.52,D
2083,20,Female,1.19,7.09,5.86,74.24,Casual,0.26,3.17,324.32,2.08,High,81.17,B-
2084,19,Male,3.24,4.73,8.94,77.1,FPS,3.88,8.8,279.52,8.23,Medium,81.46,B-
2085,23,Female,0.83,1.22,4.86,77.3,Casual,0.66,5.39,312.77,1.45,Medium,48.09,F
2086,17,Female,4.26,4.12,4.01,63.23,FPS,1.79,9.7,290.39,14.49,Medium,36.97,F
2087,21,Female,0.78,8.26,6.97,90.97,RPG,4.89,3.9,294.85,1.13,Medium,100,A
2088,20,Female,6.32,8.18,8.76,70.12,RPG,2.05,10.63,228.82,9.74,Low,88.03504187821814,B+
2089,17,Female,4.53,5.45,7.24,88.15,RPG,0.71,6.71,257.86,7.34,Medium,66.69,D
2090,16,Male,5.79,5.25,4.43,79,FPS,3.45,10.55,247.19,14.07,Low,55.3,F
2091,23,Female,3.35,6.22,6.7,84.47,RPG,4.05,7.26,277.48,7.22,Medium,74.57,C
2092,17,Male,3.05,2.97,8.55,62.16,Casual,1.4,6.45,278.29,8.06,Medium,71.1238833576979,C-
2093,22,Female,0.79,5.73,4.03,95.6,Casual,4.05,5.25,298.18,4.49,Medium,90.0924636367911,A-
2094,24,Male,4.19,1.1,4.83,69.75,FPS,1.36,7.95,279.46,9.01,Medium,25.45,F
2095,24,Female,4.12,5.28,8.07,86.8,FPS,3.47,8.95,266.02,8.82,Medium,72.58,C-
2096,23,Female,3.74,4.02,8.47,91.92,FPS,0.62,9.03,286.96,11.95,Medium,69.85,D+
2097,24,Female,5.92,7.07,7.54,81.6,FPS,2.14,10.92,238.79,14.94,Low,71.74674070280149,C-
2098,17,Female,6.66,6.75,8.96,73.49,FPS,2.6,9.2,259.68,9.24,Low,54.19,F
2099,21,Female,6.01,4.43,4.45,99.12,FPS,3.63,11.89,231.22,11.89,Low,33.77,F
2100,19,Female,1.15,1.07,6.73,71.14,Casual,3.25,5.4,306.06,0.84,Medium,54.97,F
2101,19,Male,4.98,3.27,7.42,97.95,RPG,4.27,7.6,250.26,10.95,Medium,58.1179802018831,F
2102,20,Male,0.64,6.7,7.51,66.25,Casual,0.92,1.85,312.68,2.29,Medium,84.43,B
2103,18,Male,5.56,1.65,7.97,75.57,Casual,3.31,11.5,243.48,13.75,Low,36.13,F
2104,16,Male,3.05,1.97,8.59,65.54,RPG,0.64,7.05,261.95,6.84,Medium,55.21,F
2105,23,Female,1.06,6.82,5.81,60.09,RPG,2.39,3.2,299.47,5.23,Medium,83.44,B
2106,20,Female,6.9,7.8,4.21,70.41,Casual,2.62,10.36,253.16,16.17,High,58.802265848307144,F
2107,18,Female,4.91,3.89,5.81,63.49,RPG,0.14,7.9,251.08,9.49,Medium,53.52,F
2108,22,Male,2.84,5.41,7.36,99.45,RPG,0.35,8.6,291,6.87,Medium,81.16,B-
2109,22,Male,0.25,9.51,5.07,90.47,Casual,4.2,3.71,317.06,0.71,High,100,A
2110,16,Female,4.3,9.51,8.05,60.15,FPS,1.43,7.72,263.85,9.62,Medium,83.29,B
2111,24,Female,7.39,3.77,5.1,68.95,RPG,1.73,12.36,251.75,17.34,Low,30.2,F
2112,17,Male,4.77,8.29,4.05,86.8,FPS,3.2,7.72,259.61,11.84,High,68.4,D+
2113,20,Female,7.77,6.35,6.54,75.94,Casual,1.1,9.75,228.45,14.88,Low,57.73,F
2114,20,Female,1.09,9.78,7.63,93.27,Casual,0.96,5.93,307.78,1.89,Medium,100,A
2115,23,Male,4.55,5.3,5.75,80.19,RPG,2.11,10.1,281.15,12.66,Medium,60.568479673254515,D-
2116,23,Female,6.39,7.97,7.74,86.15,RPG,0.29,7.62,228.33,15.05,Low,76.7226448752761,C
2117,22,Male,4.2,7.91,6.19,83.88,Casual,4.58,9.5,292.04,14.47,Medium,88.17879044662666,B+
2118,22,Female,0.73,5.48,4.86,85.53,RPG,4.7,3.92,326.43,3.86,Medium,70.87,C-
2119,21,Male,4.66,8.16,4.45,69.2,Casual,2.24,7.11,268.06,9.09,High,74.77,C
2120,21,Male,4.89,3.35,7.55,74.93,RPG,1.05,6.09,267.5,11.6,Medium,58,F
2121,24,Female,5.83,2.1,5.93,62.03,Casual,2.35,7.86,247.76,12.37,Low,25.07,F
2122,21,Male,6.09,4.83,8.56,83.51,RPG,0.5,8.75,248.42,10.82,Low,63.26,D
2123,17,Female,6.17,9.49,6.7,78.37,RPG,1.99,7.52,250.16,12.92,Low,91.9191681521158,A-
2124,17,Male,5.31,5.51,5.74,90.43,FPS,0.37,7.25,247.19,12.16,Low,58.63,F
2125,20,Male,1.73,6.72,5.74,68.26,FPS,3.53,6.41,314.43,8.67,Medium,90.08143238157515,A-
2126,19,Male,3.23,6.62,4.66,77.47,Casual,1.38,7.66,283.48,8.82,Medium,76.4,C
2127,17,Female,6.21,2.19,6.97,67.23,RPG,2.6,11.06,246.9,13.21,Low,35.87,F
2128,18,Female,7.63,4.51,6.91,84.56,RPG,0.07,9.46,219.77,12.4,Low,31.65,F
2129,22,Male,0.63,7.36,8,93.92,RPG,2.62,1.85,324.14,-0.59,Medium,100,A
2130,23,Female,4.28,9.75,5.01,90.62,FPS,0.02,7.62,268.18,8.29,High,82.92,B-
2131,21,Female,2.5,2.51,5.45,97.77,RPG,4.63,5.21,284.75,9.69,Medium,60.18,D-
2132,20,Female,1.8,4.69,4.49,98.87,FPS,2.51,6.68,287.54,5.66,Medium,71.85,C-
2133,16,Female,4.05,1.86,5.48,90.88,Casual,0.5,7.74,269.78,9.77,Medium,44.86,F
2134,23,Female,4.85,3.18,6.14,71.47,RPG,1.71,10.51,250.1,14.73,Medium,44.3,F
2135,18,Female,0.08,4.39,8.82,68.77,Casual,0.23,1.39,322.5,2.02,Medium,93.37,A
2136,21,Male,6.24,5.87,7.27,77.9,RPG,2.65,9.06,252.86,13.37,Low,48.39,F
2137,18,Male,6.56,3.08,7.91,99.76,FPS,0.61,9.59,237.35,16.93,Low,42.59,F
2138,22,Male,7.72,3.05,5.63,76.51,Casual,2.37,9.35,229.72,14.89,Low,18.55,F
2139,22,Male,1.45,8,4.72,67.96,FPS,1.53,5.37,314.8,5.43,High,90.42,A-
2140,24,Female,4.76,9.66,5.28,97.77,RPG,3.81,5.96,261.15,7.61,High,86.08,B
2141,20,Male,3.41,3.91,5.28,75.44,FPS,2.41,7.97,278.03,9.62,Medium,43.63,F
2142,23,Male,2.68,7.19,6.92,87.64,RPG,4.24,3.87,287.9,7.99,Medium,99.97521716450136,A
2143,23,Female,4.53,3.32,5.71,91.53,FPS,4.71,9.9,261.23,13.49,Medium,57.61,F
2144,16,Male,6.26,9.35,8.29,93.73,Casual,4.85,7.59,241.36,14.99,Low,93.51470199624566,A
2145,20,Male,0.18,7.06,8.94,92.85,Casual,1.3,3.46,310.15,7.78,Medium,100,A
2146,18,Male,7.76,8.22,5.72,93.45,Casual,3.84,9.54,231.17,15.87,High,64.83929126636876,D
2147,16,Female,6.48,1.44,7.53,86.71,FPS,2.19,8.15,241.52,11.99,Low,25.7,F
2148,19,Male,6.01,6.39,7.29,76.15,RPG,2.13,10.62,253.87,15.24,Low,66.18,D
2149,23,Male,6.08,5.75,4.97,86.69,Casual,4.34,10.95,257.26,12.83,Low,52.89,F
2150,18,Female,3.11,3.64,8.59,93.47,FPS,0.73,7.81,272.17,6.3,Medium,70.6,C-
2151,17,Female,6.01,3.36,5,74.03,FPS,2.39,9.03,239.51,13.03,Low,33.31,F
2152,24,Female,3.09,6.22,7.68,71.86,FPS,2.96,9.04,289.84,13.12,Medium,83.89,B
2153,20,Female,7.19,7.36,5.74,73.75,RPG,0.33,9.89,231.18,17.11,High,70.3526789428805,C-
2154,22,Male,1.42,1.3,5.84,82.05,Casual,4.32,3.65,303.77,4.72,Medium,57.02,F
2155,17,Male,2.34,6.11,6.28,62.1,RPG,1.57,8.32,292.76,4.32,Medium,83.98,B
2156,24,Male,4.41,2.53,8.32,91.16,RPG,3.28,10.3,257.6,10.52,Medium,73.77716737669323,C
2157,24,Male,2.55,2.26,4.7,65.55,Casual,4.64,6.51,294.46,9.95,Medium,46.52,F
2158,19,Male,3.39,6.61,4.27,65.31,RPG,3.6,5.44,281.81,7.27,Medium,61.87,D-
2159,19,Male,3.94,3.8,6.01,67.91,RPG,4.43,6.13,262.64,13.36,Medium,49.75,F
2160,21,Female,6.85,4.97,4.28,83.08,FPS,0.35,10.45,236.15,16.4,Low,37.01,F
2161,21,Female,4.19,4.24,7.44,71.42,FPS,2.46,9.07,268.63,10.52,Medium,58.92,F
2162,16,Male,2.9,6.84,7.8,74.72,FPS,2.82,4.29,292.68,5.87,Medium,93.28,A
2163,24,Female,1.98,5.23,8.27,97.27,Casual,3.45,6.42,307.97,6.05,Medium,88.38,B+
2164,17,Male,3.27,9.67,7.72,93.89,Casual,0.58,4.79,280.68,4.4,Medium,100,A
2165,20,Male,4.13,4.17,8.58,94.09,FPS,3.28,9.35,253.63,12.82,Medium,60.77,D-
2166,24,Female,5.97,7.66,7.74,83.11,FPS,0.73,9.63,255.62,14.65,Low,83.67833125914267,B
2167,19,Male,0.97,3.32,8.68,94.66,Casual,0.34,6.92,330.34,4.4,Medium,85.49,B
2168,18,Male,1.77,5.58,4.97,91.14,RPG,2.35,6.53,305.94,5.7,Medium,96.02206411897188,A
2169,22,Male,3.04,5.97,6.5,98.13,FPS,3,6.53,280.79,9.44,Medium,77.7,C+
2170,21,Female,2.88,3.96,8.97,62.57,FPS,4.79,4.59,289.45,10.67,Medium,65.08,D
2171,23,Female,3.13,5.25,7.41,61.15,FPS,3.49,6.84,290.44,11.18,Medium,81.21058230213143,B-
2172,18,Male,6.35,3.51,8.39,67,RPG,2.96,7.92,244.93,13.86,Low,48.69,F
2173,20,Female,2.59,1.05,4.15,97.16,FPS,1.07,8.12,302.07,6.3,Medium,42.58,F
2174,19,Female,4.02,2.94,8.36,84.22,RPG,0.76,6.17,260.44,6.05,Medium,50.43,F
2175,19,Female,4.99,7.3,7.49,77.04,Casual,3.04,10.32,256.08,12.89,Medium,69.28,D+
2176,19,Female,1.86,7.94,4.85,80.51,FPS,1.11,4.38,302.27,3.41,High,90.66,A-
2177,23,Male,5.75,3.52,4.13,93.18,FPS,3.53,7.86,257.98,12.87,Low,30.93,F
2178,21,Male,4.38,4.67,5.3,97.16,FPS,0.57,6.9,261.97,10.6,Medium,63.68,D
2179,18,Female,3.57,1.34,8.58,89.19,RPG,1.7,8.11,272.63,10.84,Medium,51.76,F
2180,20,Female,6.48,3.13,7.34,90.39,RPG,3.87,10.11,235.57,12.43,Low,41.9,F
2181,21,Female,1.95,8.01,8.6,72.82,FPS,4.16,3.49,289.15,2.9,Medium,100,A
2182,20,Female,7.07,6.45,6.23,78.68,FPS,1.73,8.76,240.35,14.36,Low,51.46,F
2183,21,Female,4.49,2.85,8.68,95.41,Casual,1.03,7.38,265.74,10.95,Medium,71.14,C-
2184,23,Female,4.87,3.32,6.31,91.44,Casual,4.79,7.56,274.53,11.49,Medium,58.09,F
2185,22,Female,7,8.35,5.02,87.37,FPS,3.81,12.26,225.06,21.79,High,65.875028082106,D
2186,20,Female,6.54,2.88,4.76,62.61,FPS,4.04,10.4,239.95,10.49,Low,24.62,F
2187,21,Female,4.81,4.01,8.97,61.58,RPG,1.11,6.74,269.64,12.81,Medium,58.08,F
2188,19,Male,6.03,6.98,5.67,65.22,FPS,2.12,7.17,251.08,14.75,Low,60.45,D-
2189,24,Male,3.47,6.05,4.8,83.26,FPS,0.34,4.98,267.38,5.86,Medium,70.17,C-
2190,19,Female,4.38,5.15,4.04,81.46,Casual,0.55,8.88,278.96,10.07,Medium,59.869391538343905,F
2191,16,Female,0.5,9.1,5.43,97.71,FPS,1.1,5.74,314.96,7.14,High,100,A
2192,22,Female,0.72,2.98,8.45,87.79,Casual,1.52,5.63,330.53,2.65,Medium,74.95,C
2193,22,Female,6.64,7.67,6.67,71.76,RPG,4.99,11.59,239,14.54,Low,66.61915202431231,D
2194,19,Male,0.48,2.43,7.16,66.46,FPS,2.11,2.78,325.82,2.35,Medium,68.04948754139102,D+
2195,18,Male,1.36,6.54,8.61,93.98,RPG,3.49,7.31,300.1,6.72,Medium,100,A
2196,23,Female,6.37,8.84,6.56,78.38,RPG,4.52,7.8,241.2,15.45,Low,86.8763068014031,B
2197,20,Male,0.01,5.12,8.19,86.14,FPS,1.23,5.12,324.82,4.66,Medium,86.84,B
2198,22,Male,2.26,7.52,5.62,82.61,FPS,0.72,3.74,275.86,6.82,High,76,C
2199,19,Male,4.67,8.38,8.89,64.3,RPG,1.22,7.01,243.77,6.69,Medium,83.96,B
2200,19,Male,4.76,2.22,4.39,62.28,RPG,4.41,8.24,256.11,11.18,Medium,30.08,F
2201,23,Female,6.22,7.35,7.62,75.08,RPG,3.33,7.49,232.36,14.4,Low,78.48794126756569,C+
2202,23,Male,4.05,9.28,7.3,74.46,FPS,2.26,7.02,248.84,10.95,Medium,89.65,B+
2203,17,Female,4.08,6.19,4.96,86.95,Casual,4.1,6.83,278.47,8.12,Medium,71.33,C-
2204,17,Male,5.8,2.68,5.94,85.29,RPG,1.18,10.04,242.49,11.67,Low,39.05,F
2205,18,Female,3.99,2.14,5.56,98.76,RPG,1.2,8.58,268.68,8.09,Medium,51.78,F
2206,18,Male,4.87,3.34,4.47,94.32,RPG,2.84,6.32,262.95,11.4,Medium,35.54,F
2207,16,Female,7.18,1.93,6.92,79.86,FPS,3.95,8.37,238.89,16.97,Low,23.87,F
2208,18,Female,3.21,5.62,8.97,80,Casual,1.3,8.09,284.31,9.14,Medium,81.4,B-
2209,21,Male,3.08,1.63,6.8,86.97,FPS,1.05,6.72,285.06,5.84,Medium,68.53544948852071,D+
2210,23,Female,0.03,3.01,6.73,64.56,Casual,2.37,3.7,324.33,2.25,Medium,63.81,D
2211,21,Female,4.91,4.96,4.2,100,RPG,0.67,10.81,256.08,10.87,Medium,51.5,F
2212,20,Male,0.24,5.27,4.7,80.75,Casual,3.74,3.43,309.99,0.6,Medium,76.79394965702016,C
2213,19,Male,4.03,6.09,6.57,96.4,Casual,2.89,6.01,248.47,8.31,Medium,80.46,B-
2214,18,Female,6.43,7.35,8.93,98.69,RPG,2.56,10.83,249.22,13.46,Low,83.26780854878969,B
2215,19,Female,4.4,1.43,8.38,83.27,Casual,4.36,9.48,260.34,9.08,Medium,44.36,F
2216,22,Male,2.16,1.73,5.7,64.13,Casual,3.66,5.67,313.92,9.17,Medium,57.286971450516944,F
2217,16,Male,6.29,1.55,6.72,82.93,FPS,0.75,10.75,251.9,11.03,Low,31.47,F
2218,22,Female,2.16,4.81,6.76,83.91,FPS,2.1,5.73,303.58,4.92,Medium,73.54,C
2219,16,Female,5.86,1.38,7.43,91.57,RPG,1.61,8.9,256.74,12.81,Low,30.46,F
2220,17,Female,4.88,7.71,7.44,61.93,Casual,4.01,6.05,266.75,12.8,Medium,75.81,C
2221,19,Male,1.36,3.01,7.95,78.65,RPG,3.6,3.23,308.44,4.24,Medium,79.42,C+
2222,16,Female,7.24,9.45,4.12,96.91,FPS,2.36,10.64,238.81,15.62,High,63.72709051936707,D
2223,24,Male,1.61,5.38,8.72,99.65,RPG,4.12,4.59,302.43,3.23,Medium,99.79,A
2224,21,Male,7.92,5.02,4.35,67.66,FPS,2.05,13.13,218.8,20.74,Low,22.74,F
2225,16,Female,0.06,8.02,6.38,94.82,RPG,4.02,1.6,307.49,-0.72,Medium,97.64,A
2226,16,Other,2.11,7.42,8.6,65.85,FPS,0.16,3.36,298.91,5.27,Medium,96.3826359238185,A
2227,21,Male,1.6,6.47,6.44,93.65,RPG,0.67,3.04,313.72,3.58,Medium,93.39,A
2228,19,Male,0.11,9.42,4.32,71.09,Casual,3.78,4.5,317.43,3.38,High,88.46,B+
2229,19,Female,5.86,4.8,5.15,98.39,RPG,0.57,9.83,251.19,16.85,Low,53.4,F
2230,21,Female,5.55,8.28,6.89,87.82,FPS,3.42,9.71,240.22,14.59,Low,86.88515019935502,B
2231,22,Female,6.34,4.42,4.44,75.96,RPG,3.62,8.12,239.38,13.31,Low,31.79,F
2232,24,Female,2.05,8.55,6.12,71.24,FPS,3.31,5.63,283.11,9.24,Medium,93.81,A
2233,20,Male,3.55,3.34,5.65,69.41,Casual,4.09,8.39,265.81,12.68,Medium,47.82,F
2234,24,Other,5.27,3.6,8.08,87.23,RPG,2.56,9.69,257.75,15.03,Low,62.3117063816112,D-
2235,19,Female,3.52,7.1,4.55,95.83,Casual,4.49,6.71,277.18,9.2,High,84.95360160770095,B
2236,17,Female,5.58,2.91,7.41,90.2,Casual,2.85,7.1,260.92,10.38,Low,43.92,F
2237,18,Female,5.07,3.06,6.03,93.39,FPS,2.54,10.42,266.82,8.08,Low,45.08,F
2238,16,Female,0.92,3.75,6.94,91.26,Casual,2.55,4.55,300.22,4.08,Medium,75.78,C
2239,21,Male,6.25,7.11,5.03,99.17,FPS,4.56,11.7,225.64,16.77,High,68.93453452663778,D+
2240,21,Male,5.77,9,7.05,90.31,RPG,1.22,8.96,241.28,10.46,Low,95.92395626530254,A
2241,16,Female,5.25,7.07,7.37,68.41,FPS,3.48,7.44,249.89,12.43,Low,82.8016370894067,B-
2242,18,Male,1.24,8.45,4.35,91.66,FPS,1.21,3.78,310.64,2.86,High,100,A
2243,20,Male,2.14,5.89,8.12,72.88,RPG,0.46,5.23,300.44,6.85,Medium,75.89,C
2244,18,Female,3.15,1.62,8.31,99.83,FPS,4.77,7.22,281.73,7.1,Medium,66.29,D
2245,18,Female,2.24,1.9,4.32,75.07,FPS,0.65,7.08,300.52,5.45,Medium,42.79,F
2246,18,Male,1.82,5.99,7.02,71.71,FPS,3.43,4.03,323.78,4.62,Medium,88.91,B+
2247,20,Female,6.44,3.95,6.97,69.57,RPG,2.12,8.38,241.54,11.5,Low,41.46,F
2248,20,Female,5.11,2.99,4.06,86.34,FPS,4.19,7.12,256.35,13.15,Low,34.09,F
2249,19,Female,4.52,5.2,5.71,64.37,RPG,3.87,10.19,257.35,11.92,Medium,61.73,D-
2250,16,Female,1.81,7,8.84,98.14,RPG,0.72,3.63,301.47,2.24,Medium,100,A
2251,20,Male,7.34,4.46,6.78,71.77,RPG,2.34,10.07,243.29,14.81,Low,45.22579263242797,F
2252,20,Male,1.53,8.22,8.67,71.82,FPS,0.14,4.96,296.65,5.96,Medium,100,A
2253,19,Male,6.36,7.65,7.38,61.84,RPG,2.15,10.14,239.77,14.01,Low,63.46612121533737,D
2254,21,Female,7.73,7.61,4.14,69.84,RPG,3.5,13.02,222.02,19.52,High,46.956329837433216,F
2255,19,Female,5.82,9.87,4.39,76.76,RPG,1.16,7.38,238.65,10.43,High,84.0180425793852,B
2256,22,Female,7.94,3.66,7.61,74.78,RPG,4.05,9.48,226.06,16.09,Low,24.75,F
2257,22,Female,5.21,6.8,6.77,70.92,FPS,0.27,7.79,259.18,11.57,Low,62.05,D-
2258,17,Female,1.74,8.7,4.64,61.63,RPG,0.17,4.81,298.71,9.47,High,94.64,A
2259,18,Female,1.63,6.22,7.07,72.02,FPS,0.14,4.5,318.83,3.24,Medium,85.56,B
2260,16,Male,2.6,8.11,8.05,91.13,FPS,1.4,5.56,292.8,7.93,Medium,100,A
2261,23,Male,0.06,4.73,7.76,77.55,FPS,2.34,5.32,308.12,3.69,Medium,79.51,C+
2262,24,Female,5.45,6.31,5.23,71.63,Casual,0.54,10.63,260.92,16.99,Low,64.92,D
2263,19,Male,2.15,1.5,5.29,72.19,RPG,4.98,7.18,290.81,9.53,Medium,33.8,F
2264,21,Male,6.52,9.87,8.84,82.18,Casual,5,11.3,238.47,14.5,Low,99.3978533604424,A
2265,24,Female,2.87,8.2,8.44,72.09,Casual,2.6,4.07,283.83,4.24,Medium,96.12,A
2266,21,Male,3.84,8.82,5.59,85.23,Casual,2.84,5.59,271.07,5.72,High,78.15,C+
2267,24,Female,7.73,7.25,8.12,99.58,FPS,4.63,12.39,229.94,18.26,Low,69.49394362779913,D+
2268,19,Male,1.94,2.67,4.81,61.65,RPG,3.85,5.91,317.87,7.89,Medium,43.72,F
2269,23,Male,5.77,1.28,4.98,66.75,RPG,0.84,10.14,247.08,16.01,Low,21.67,F
2270,24,Male,6.04,8.78,4.91,67.16,RPG,3.96,10.62,248.41,13.85,High,73.1091798427579,C
2271,19,Female,1.77,4.57,4.44,77.88,FPS,1.15,7.33,301.1,6.41,Medium,59.09,F
2272,20,Male,4.01,3.37,8.27,61.66,FPS,2.15,8.19,266.75,12.96,Medium,56.57,F
2273,23,Female,2.8,6.06,6.89,79.1,Casual,2.66,5.18,282.39,5.26,Medium,79,C+
2274,21,Female,6.18,4.79,5.29,97.16,Casual,3.58,7.6,255.78,8.12,Low,58.86,F
2275,22,Female,4.98,6.86,8.24,60.46,RPG,0.75,8.14,255.14,13.85,Medium,82.7491850474774,B-
2276,18,Male,3.81,5.35,8.01,74.6,FPS,0.38,8.36,265.4,7.57,Medium,59.71,F
2277,22,Male,6.23,7.28,4.5,90.44,Casual,4.33,8.64,263.07,13.08,High,62.61444692572346,D-
2278,23,Female,1.88,8.68,7.22,66.18,FPS,4.13,3.48,285.39,5.47,Medium,100,A
2279,21,Female,6.03,2.76,7.61,63.1,Casual,2.62,12.02,256.47,14.13,Low,28.18,F
2280,24,Other,6.92,3.96,7.58,85.23,Casual,3.31,10.01,234.95,17.55,Low,39.38,F
2281,21,Male,7.03,4.93,7.62,60.4,RPG,3.6,9.11,223.49,20.44,Low,40.91,F
2282,24,Female,6.27,9.66,4.85,92.07,RPG,2.38,8.09,240.99,11.84,High,77.04743336795718,C+
2283,19,Male,3.26,4.29,5.58,62.67,Casual,1.29,8.57,278.62,9.44,Medium,63.04,D
2284,23,Male,7.85,4.43,8.22,80.97,RPG,2.41,12.95,209.5,18.26,Low,40.68,F
2285,19,Male,3.04,6.88,8.49,89.61,FPS,4.75,7.11,287.8,8.74,Medium,91.69,A-
2286,17,Male,5.11,4.77,5.4,69.68,RPG,4.19,8.85,261.95,10.88,Low,43.44,F
2287,24,Female,1.29,9.56,4.12,64.14,FPS,2.33,7.05,301.04,4.16,High,89.64,B+
2288,20,Male,7.84,9.05,8.3,67.02,Casual,1.13,9.98,230.65,15.5,Low,78.72143827795067,C+
2289,19,Female,5.63,5.62,5.89,94.19,RPG,4.45,8.71,254.48,11.88,Low,58.42,F
2290,17,Male,6.03,6.8,5.65,88.23,FPS,3.19,7.15,260.58,11.73,Low,61.11478722888699,D-
2291,16,Female,0.53,1.52,5.73,67.92,Casual,2.02,3.62,302.86,-2.41,Medium,52.81,F
2292,22,Male,6.11,7.26,6.08,88.64,RPG,0.56,9.03,243.75,13.86,Low,78.35030347407397,C+
2293,21,Male,6.2,7.36,5.89,88.34,RPG,3.76,11.95,255.61,14.67,High,74.95873659375118,C
2294,17,Male,5.37,4.23,6.83,99.91,FPS,1.58,8.16,260.97,10.7,Low,63.75,D
2295,23,Male,2.34,2.98,4.39,75.66,RPG,3.03,7.51,268.9,7.45,Medium,50.92,F
2296,19,Female,3.92,9.24,8.86,94.59,FPS,2.85,8.75,256.27,10.24,Medium,100,A
2297,23,Male,0.88,4.84,8.68,77.86,FPS,3.5,2.62,309.45,1.83,Medium,91.12,A-
2298,22,Female,3.77,6.88,8.67,95.91,FPS,2.69,9.58,291.16,10.46,Medium,89.34,B+
2299,20,Male,1.95,1.3,8.4,63.66,FPS,3.15,6.1,292.28,4.81,Medium,58.04,F
2300,23,Female,2.79,4.73,7.3,67.01,RPG,0.41,6.77,293.01,5.23,Medium,62.51,D-
2301,24,Female,1.3,8.36,5.11,94,RPG,3.33,2.36,305.23,7.05,High,100,A
2302,20,Male,1.84,4.49,4.25,92.77,RPG,0.97,6.34,303.71,4.94,Medium,76.44,C
2303,20,Male,0.61,6.43,4.5,72.22,RPG,1.96,1.89,323.39,2.39,Medium,75.21,C
2304,17,Male,7.36,2.89,5.62,83.87,Casual,2.56,9.29,241.12,20.88,Low,18.4,F
2305,20,Female,4.24,4.75,6.52,75.31,FPS,3.43,5.73,278.21,8.4,Medium,64.77,D
2306,18,Male,3.17,9.35,8.97,60.41,RPG,3.71,6.06,275.81,8.71,Medium,100,A
2307,22,Female,4.28,6.1,6.18,61.04,Casual,3.52,9.26,267.13,15.7,Medium,70.94880727216021,C-
2308,20,Female,5.03,9.12,6.62,62.17,FPS,0.48,9.57,264.83,9.03,Low,87.71277062261544,B+
2309,23,Female,7.38,9.12,7.48,83.76,RPG,1.93,8.91,236.26,18.19,Low,79.9680362129994,C+
2310,16,Female,1.43,9.5,4.9,71.17,RPG,1.4,6.42,308.79,5.8,High,91.78,A-
2311,18,Female,2.36,9.06,8.66,65.76,FPS,1.99,5.66,273.99,5.36,Medium,98.57,A
2312,18,Male,7.81,1.03,6.65,97.65,FPS,3.23,8.97,238.25,16.3,Low,27.235954286043103,F
2313,24,Female,2.97,9.41,5.38,64.85,Casual,0.96,5.09,267.33,6.28,High,88.89,B+
2314,20,Female,0.18,2.24,8.68,86.96,RPG,2.51,5.11,310.33,5.98,Medium,78.61,C+
2315,24,Male,1.18,1.36,7.13,95.77,FPS,4.42,5.85,307.79,4.66,Medium,75.52,C
2316,24,Female,0.21,1.5,6.42,66.55,Casual,3.66,2.15,317.19,2.79,Medium,48.28,F
2317,16,Male,7.92,4.14,6.9,68.59,Casual,3.63,9.11,239.15,15.38,Low,30.86,F
2318,17,Female,2.23,6.59,7.74,82.95,FPS,4.24,4.71,281.53,6.28,Medium,87.43,B+
2319,20,Female,7.39,4.62,4.77,80.34,RPG,2,12.36,227.68,16.5,Low,28.49,F
2320,19,Male,7.97,1.23,8.32,80.84,RPG,3.8,13.66,204.67,15.95,Low,32.27,F
2321,24,Female,4.8,5.29,8.8,82.19,FPS,0.29,8.66,263.72,14.15,Medium,72.58048876292067,C-
2322,22,Male,0.27,4.98,6.83,98,RPG,0.28,1.73,314.68,1.97,Medium,85.41,B
2323,21,Male,0.65,7.81,7.41,62.15,FPS,1.66,4.16,299.8,4.6,Medium,92.92,A-
2324,22,Male,3.85,3.52,8.3,90.42,FPS,0.98,9.84,286.89,9.24,Medium,66.58,D
2325,16,Female,3.25,2.96,5.87,69.3,FPS,2.59,8.94,291.8,11.71,Medium,40.45,F
2326,16,Male,4.85,3.3,8.96,74.95,Casual,0.92,10.82,262.52,13.62,Medium,51.86,F
2327,23,Male,3.51,3.73,7.4,63.57,Casual,4.88,8.01,289.26,9.57,Medium,58.14,F
2328,17,Female,7.47,6.39,6.12,77.83,RPG,4.26,10.6,229.44,18.56,Low,38.36,F
2329,24,Male,4.28,5.24,7.39,92.17,RPG,4.91,9.75,275.78,10.64,Medium,75.71,C
2330,22,Male,5.55,4.03,6.61,63.95,FPS,4.04,11.03,262.03,16.43,Low,46.55,F
2331,21,Male,7.17,4.37,4.56,71.02,RPG,4.76,8.89,223.27,13.88,Low,19.43,F
2332,16,Male,1.17,4.34,7.98,74.92,FPS,1.84,6.05,310.28,4.85,Medium,81.75,B-
2333,16,Male,1.84,9.75,6.82,64.16,RPG,2.49,7.44,299.6,4.61,Medium,100,A
2334,17,Male,0.86,3.1,7.98,90.49,Casual,1.2,6.35,299.44,2.17,Medium,69.19,D+
2335,21,Other,1.12,8.36,4.77,91.48,FPS,3.18,5.65,293.79,3.57,High,91.43,A-
2336,21,Female,4.1,7.37,6.69,93.44,RPG,3.94,7.79,275.78,9.72,Medium,77.62,C+
2337,17,Male,2.57,1.05,7.83,83.36,RPG,2.49,7.45,286.34,8.68,Medium,67.83,D+
2338,16,Male,3.39,9.94,8.94,80.29,FPS,1.48,6.97,264.67,7.28,Medium,100,A
2339,20,Male,7.86,7.81,8.42,70.5,RPG,2.54,10.47,231.47,18.2,Low,66.43708853857973,D
2340,20,Female,1.25,7.14,8.32,86.21,RPG,0.31,3.54,314.35,3.01,Medium,97.53,A
2341,17,Male,4.33,4.65,5.24,77.78,Casual,3.61,8.03,256.33,9.52,Medium,50.05,F
2342,21,Male,0.79,6,8.19,98.83,FPS,2.26,4.07,310.5,4.48,Medium,100,A
2343,24,Female,2.55,3.28,4.85,98.73,RPG,4.49,6.17,304.58,5.82,Medium,76.08061476987622,C
2344,17,Male,4.22,1.32,4.99,96.21,Casual,4.62,6.52,260.25,13.24,Medium,35.35,F
2345,17,Male,7.57,8.52,4.55,74.4,RPG,0.63,11.52,246.23,17.98,High,57.63146764567644,F
2346,18,Female,3.13,9.07,8.29,74.72,RPG,4.98,7.44,279.2,5.68,Medium,100,A
2347,22,Female,0.52,2.46,4.54,94.11,FPS,4.85,5.55,313.06,3.32,Medium,66.75,D
2348,21,Male,3.11,8.08,4.69,89.17,FPS,3.14,7.06,268.73,6.9,High,77.55,C+
2349,23,Female,1.17,7.67,5.23,88.17,Casual,4.13,5.95,292.38,1.45,High,100,A
2350,23,Male,1.84,2.61,6.86,71.18,FPS,0.09,3.69,291.36,6.72,Medium,57.76,F
2351,21,Female,4.94,4.8,8.4,93.33,Casual,4.85,6.55,269.58,12.85,Medium,73.18,C
2352,18,Female,0.54,4.8,6.09,83.18,FPS,2.28,2.44,336.93,0.58,Medium,73.07,C
2353,18,Female,3.72,7.84,6.73,77.87,FPS,4.55,8.95,301.42,11.48,Medium,81.4,B-
2354,16,Female,4.88,8.54,4.83,94.62,FPS,1.93,8.66,260.21,13.4,High,74.16,C
2355,22,Female,3.37,1.85,5.33,75.77,RPG,3.94,6.65,276,8.35,Medium,52.58,F
2356,20,Female,0.15,6.07,4.67,86.16,Casual,2.09,4.96,308.36,4.61,Medium,85.8,B
2357,19,Female,7.88,7.86,6.05,78.64,Casual,1.81,9.5,236.59,17.16,Low,54.665699731411515,F
2358,19,Male,2.94,8.08,6.95,83.71,FPS,4.73,3.97,277.46,8.69,Medium,87.19,B+
2359,19,Male,6.23,2.33,5.42,61.62,FPS,3.5,8.78,242.87,11.39,Low,29.61,F
2360,21,Female,2.61,5.73,8.23,78.44,RPG,4.2,4.85,293.65,6.64,Medium,65.41,D
2361,23,Female,3.8,8.72,8.91,82.26,Casual,2.72,6.34,278.91,9.27,Medium,100,A
2362,23,Male,3.11,3.87,4.6,79.71,FPS,4.59,8.98,276.57,6.84,Medium,49.77,F
2363,20,Female,2.74,4.83,4.09,93.9,FPS,3.7,6.58,286.17,5.28,Medium,75.71,C
2364,21,Female,0.17,8.24,7.95,72.44,FPS,0.36,4.12,312.12,-0.85,Medium,100,A
2365,19,Other,2.88,1.8,4.95,95.36,RPG,3.83,7.16,277.12,7.99,Medium,55.465163744438726,F
2366,24,Female,7.12,8.74,5.77,76.14,RPG,0.09,10.11,224.31,14.85,High,64.95137588236416,D
2367,23,Male,5.52,3.8,5.97,87.78,Casual,4.15,11.41,239.04,11.4,Low,47.42,F
2368,16,Male,1.16,1.01,8.58,63.47,FPS,1.66,7.03,309.7,7.69,Medium,58.81,F
2369,17,Male,4.73,3.11,7.29,68.01,Casual,2.99,9.58,260.83,12.69,Medium,43.68,F
2370,24,Male,7.14,1.81,4.2,90.45,FPS,3.75,9.2,222.96,13.86,Low,17.81,F
2371,23,Female,5.6,1.83,4.07,60.49,FPS,3.18,11,240.52,14.31,Low,22.02,F
2372,18,Female,1.19,7.24,5,98.74,RPG,3.36,2.69,293.28,2.65,High,96.13,A
2373,23,Female,6.94,2.93,5.59,67.63,Casual,4.46,11.09,230.6,12.83,Low,25.11,F
2374,16,Female,2.41,9.41,6.42,96.05,FPS,1.87,5.7,302.34,7.01,Medium,100,A
2375,19,Male,3.63,5.65,8.19,80.64,Casual,2.74,4.83,269.63,11.14,Medium,72.35,C-
2376,18,Male,4.21,5.14,5.57,82.58,Casual,0.87,9.73,275.06,14,Medium,55.9,F
2377,21,Male,6.8,4.91,5.88,63.37,FPS,2.34,12.61,254.01,16.71,Low,40.39,F
2378,22,Male,7.45,7.23,5.65,74.61,Casual,0.75,12.99,232.28,16.8,High,60.010792203154836,D-
2379,19,Female,7.44,5.07,4.04,66.25,RPG,3.17,9.4,223.07,16.99,Low,26.88,F
2380,22,Male,0.06,2.16,8.78,81.04,Casual,1.62,2.72,318.39,1.98,Medium,74.07,C
2381,24,Male,7.38,8.92,4.69,82.03,Casual,4.3,13.16,231.01,17.37,High,69.71547784837485,D+
2382,17,Male,0.44,4.86,5.44,88.39,Casual,1.72,1.97,332,5.37,Medium,77.4,C+
2383,18,Female,2.13,1.67,4.65,95.13,FPS,1.43,6.05,277.12,5.43,Medium,57.42,F
2384,20,Male,4.12,5.76,6.45,78.73,Casual,2.46,7.55,281.72,11.87,Medium,77.25369756185535,C+
2385,18,Female,3.84,6.83,8.66,69.33,RPG,0.88,5.6,256.49,8.85,Medium,80.51,B-
2386,23,Male,4.84,3.48,4.5,73.34,RPG,1.02,10.27,270.04,12.69,Medium,37.23,F
2387,23,Female,3.84,8.2,6.2,93.88,FPS,3.92,5.51,269.83,5.21,Medium,92.25,A-
2388,23,Male,7.48,7.03,4.11,65.83,Casual,2.49,11.44,248.5,19.14,High,54.51116852058784,F
2389,24,Female,1.92,6.85,7.85,85.09,RPG,1.03,4.51,303.7,6.81,Medium,96.17,A
2390,19,Female,2.19,4.79,7.21,60.52,RPG,0.16,5.28,299.45,6.3,Medium,62.8,D-
2391,20,Female,7.37,9.66,7.5,69.83,RPG,2.33,9.43,222.14,17.84,Low,84.04656595776112,B
2392,20,Female,0.61,3.47,6.36,83.66,Casual,3.71,4.73,330.73,4.11,Medium,64.77,D
2393,23,Male,4.88,6.2,8.54,78.26,FPS,1.76,10.82,289.59,10.14,Medium,74.7,C
2394,22,Male,5.45,3.78,6.05,79.74,Casual,1.24,10.62,274.71,11.54,Low,54.48,F
2395,24,Male,4.04,7.7,6.57,86.42,FPS,1.98,8.46,261.49,10.17,Medium,80.46,B-
2396,23,Female,5.55,1.43,7.48,69.38,Casual,4.8,10.33,251.5,10.11,Low,32.94,F
2397,17,Male,1.38,1.41,6.6,71.23,RPG,2.12,6.58,291.55,7.6,Medium,71.96696461468457,C-
2398,19,Male,6.82,8.3,4.95,87.38,RPG,1.3,10.18,232.06,14.89,High,62.59797621519901,D-
2399,21,Female,1.12,4.91,5.59,81.53,RPG,2.85,4.96,309.4,4.43,Medium,70.56,C-
2400,17,Female,3.21,4.07,4.46,60.58,FPS,4.05,8.69,288.78,7.2,Medium,47.15,F
2401,22,Male,0.6,6.47,6.16,86.81,RPG,0.11,5.08,318.13,4.73,Medium,94.90639463630816,A
2402,18,Female,4.36,7.32,7.05,84.8,Casual,2.79,6.04,250.47,9.27,Medium,79.7,C+
2403,18,Female,5.36,2.81,4.59,63.14,Casual,4.18,10.26,255.32,12.52,Low,36.43,F
2404,17,Male,7.53,2.67,7.15,89.9,FPS,1.08,8.64,234.82,18.44,Low,25.53,F
2405,23,Male,5.91,9.62,8.46,80.88,Casual,4.61,11.15,258.57,17.06,Low,99.59929798789648,A
2406,21,Female,4.33,6.31,5.69,68.19,Casual,2.89,9.27,272.32,12.63,Medium,70.59,C-
2407,16,Female,7.46,4.51,5.11,82.37,FPS,2.58,12.61,235.37,17.91,Low,30.07,F
2408,16,Male,3.83,8.21,8.47,83.82,RPG,4.82,4.95,271.66,7.19,Medium,100,A
2409,22,Male,4.49,5.73,7.46,96.8,RPG,0.65,10.35,268.84,11.33,Medium,73.06,C
2410,23,Female,4.77,3.17,4.53,89.69,FPS,3.7,8.84,288.61,10.91,Medium,39.74,F
2411,20,Female,3.28,2.86,6.04,72.08,Casual,4.09,8.28,292.71,9.84,Medium,50.87,F
2412,20,Female,6.71,4.57,7.37,64.73,FPS,2.44,10.54,243.13,15.27,Low,49.479279270023234,F
2413,19,Male,1.48,8.74,6.87,94.13,RPG,0.03,4.18,309.53,4.3,Medium,100,A
2414,21,Male,4.44,1.55,7.09,93.84,Casual,2.62,6.92,267.48,13.2,Medium,49.09,F
2415,21,Female,5.78,2.97,6.84,67.01,Casual,0.77,7.13,251.35,14.52,Low,36.74,F
2416,18,Male,7.23,9.04,7.99,62.49,FPS,2.81,10.94,242.74,14.75,Low,82.53592577673548,B-
2417,24,Other,7.07,2.1,5.6,88.47,FPS,3.69,8.79,229.17,15.59,Low,26.48,F
2418,22,Female,4.07,6.67,7.54,88.9,RPG,2.66,7.91,269.87,8.51,Medium,80.48,B-
2419,16,Male,5.15,2.92,8.96,67.09,Casual,3.15,9.27,244.5,13.57,Low,48.53,F
2420,22,Female,3.15,6.45,5.95,86.73,Casual,0.52,6.36,289.96,11.76,Medium,81.35,B-
2421,20,Male,3.75,4.45,7.96,71.16,FPS,0.49,5.53,285.7,7.68,Medium,70.73989121887698,C-
2422,20,Female,7.25,1.92,5.23,70.42,RPG,4.25,10.41,239.03,17.66,Low,12.26,F
2423,17,Male,7.45,6.24,5.41,72.98,FPS,0.25,12.84,228.26,20.82,Low,36.69,F
2424,19,Male,7.16,7.15,8.67,80.82,Casual,1.42,10.45,233.64,15.69,Low,76.52124448857927,C
2425,21,Female,1.11,7.12,4.13,92.18,FPS,4.69,3.82,308.15,4.56,High,87.2,B+
2426,22,Female,6.8,6.73,5.09,79.95,Casual,2.29,10.95,249.35,19.1,Low,47.76,F
2427,20,Male,7.59,5.5,6.41,71.92,FPS,3.37,11.68,239.28,15.35,Low,41.16,F
2428,24,Female,2.89,5.68,6.01,95.36,Casual,1.11,4.34,270.97,4.43,Medium,82.26,B-
2429,18,Male,4.15,6.72,7.15,62.2,FPS,1.35,6.33,261.42,6.9,Medium,73.65,C
2430,16,Male,6.23,7.21,4.96,91.88,RPG,2.55,9.7,249.58,15.7,High,75.42079833510243,C
2431,19,Male,4.5,6.89,4.35,91.38,RPG,3.19,7.33,252.62,8.39,Medium,70.61,C-
2432,24,Male,7.95,6.28,5.85,70.14,FPS,4.8,10.55,233.79,18.32,Low,37.33,F
2433,19,Male,3.65,2.4,6.62,67.93,FPS,2.87,6.88,273.45,11.63,Medium,49.29,F
2434,17,Male,5.71,2.9,6.81,94.99,FPS,0.48,8.16,258.55,11.32,Low,54.98,F
2435,20,Male,6.34,3.34,7.01,82.35,FPS,1.83,9.08,244.26,12.53,Low,39.88,F
2436,18,Male,3.95,9.28,6.74,61.84,FPS,1.22,8.82,271.61,11.67,Medium,80.03,B-
2437,24,Male,6.86,7.83,5.23,95.63,RPG,1.27,10.41,226.81,15.59,High,56.567290952151225,F
2438,19,Female,4.37,5.98,7.82,73.96,Casual,2.53,9.73,262.09,6.69,Medium,80.76,B-
2439,21,Male,3.29,3.27,4.44,73.69,Casual,1.58,9.03,279.37,12.51,Medium,57.46,F
2440,17,Female,0.86,2,4.99,85.73,FPS,1.45,6.47,308.2,5.63,Medium,51.13,F
2441,21,Female,3.15,9.09,7.7,86.45,FPS,4.84,5.42,289.44,6.67,Medium,100,A
2442,18,Female,5.87,9.03,5.4,74.13,Casual,2.92,9.23,243.13,12.58,High,79.78307992896916,C+
2443,24,Female,7.37,2,6.47,65.73,RPG,1.31,11.05,231.26,17.98,Low,27.515229466679713,F
2444,17,Female,2.01,8.17,5.64,82.09,FPS,1.38,7.27,310.92,6.56,High,93.02,A
2445,24,Male,2.84,5.02,6.53,85.01,FPS,4.06,6.64,294.14,7.69,Medium,68.45,D+
2446,20,Female,1.23,3.92,5.73,94.41,FPS,4.43,3.49,306.29,3.89,Medium,77.68,C+
2447,23,Female,5.53,7.65,8.97,79.38,FPS,3.4,9.27,239.06,11.29,Low,100,A
2448,17,Female,7.68,6.53,5.79,85.83,Casual,2.16,8.9,214.1,15.25,Low,45.87,F
2449,21,Female,5.13,8.02,7.14,62.18,FPS,3.82,10.3,264.81,12.47,Low,83.92584634877663,B
2450,18,Male,4.94,1.67,8.44,95.78,Casual,4.69,8.77,268.12,10.27,Medium,57.06,F
2451,20,Female,4.43,3.87,7.19,73.09,Casual,0.83,8.69,247.39,11.54,Medium,60.34,D-
2452,23,Female,0.71,3.87,6.83,85.29,Casual,4.31,2.71,318.48,3.39,Medium,79.3,C+
2453,16,Male,5.84,3.97,6.85,96.64,FPS,4.24,9.63,244.3,16.95,Low,56.65,F
2454,20,Male,4.82,5.52,6.48,92.42,FPS,1.83,8.47,258.11,9.94,Medium,73.75521000341844,C
2455,18,Female,5.29,3.55,8.04,85.51,RPG,1.46,9.39,265.41,14.41,Low,60.61,D-
2456,19,Female,7.19,5,4.25,88.14,FPS,2.83,12.43,241.04,19.85,Low,28.89,F
2457,17,Female,6.27,4.31,8.43,96.84,Casual,1.36,11.09,243.77,16.85,Low,57.58,F
2458,24,Female,6.25,7.62,6.93,92.48,FPS,0.73,9.98,251.88,13.37,Low,88.05029953509907,B+
2459,18,Male,7.42,6.43,8.24,84.39,Casual,4.77,12.89,227.32,16.96,Low,67.30146806350834,D+
2460,17,Male,7.92,6.88,4.05,86.35,RPG,2.46,10.71,217.06,20.27,Low,40.68,F
2461,24,Male,4.65,2.9,8.35,65.89,Casual,2.36,8.11,276.8,10.66,Medium,61.84694840810263,D-
2462,22,Male,0.87,3.93,4.6,78.81,RPG,0.63,5.12,322.82,3.8,Medium,71.21,C-
2463,21,Male,3.67,1.19,7.61,72.04,RPG,2.52,6.87,269.52,7.97,Medium,39.81,F
2464,16,Male,6.3,1.98,6.08,77.28,Casual,3.71,9.11,239.06,15.55,Low,29.26,F
2465,20,Female,0.22,3.39,7.41,86.49,FPS,1.24,1.78,326.27,-3.7,Medium,72.11,C-
2466,18,Female,0.46,1.59,7.14,65.97,FPS,1.84,4.64,307.55,1.39,Medium,62.62,D-
2467,16,Male,0.54,6.42,4.82,60.7,FPS,0.89,2.5,321.53,0.1,Medium,78.84,C+
2468,19,Male,5.85,9.98,6.57,75.88,RPG,1.78,7.54,239.56,15.72,Low,89.27038501167127,B+
2469,17,Male,4.01,1.91,5.39,72.89,FPS,4.31,5.92,269.01,9.44,Medium,38.79,F
2470,17,Female,2.95,8.39,6.8,76.82,FPS,1.19,7.39,294.39,7.72,Medium,82.95,B-
2471,18,Male,0.84,2.07,7.69,97.25,FPS,0.15,2.53,300.23,2.12,Medium,75.56,C
2472,23,Male,5.86,7.03,4.41,88.28,Casual,2.68,11.74,243.8,11.9,High,63.98939510281005,D
2473,23,Female,2.57,6.79,6.58,73.1,RPG,2.9,7.36,292.92,10.25,Medium,75.1,C
2474,22,Female,2.12,9.12,7.09,67.17,Casual,1.64,5.08,276.58,5.02,Medium,95.33,A
2475,21,Male,5.22,2.03,5.48,84.74,FPS,3.21,9.19,258.09,13.61,Low,38.59,F
2476,24,Male,4.47,3.84,8.77,86.3,Casual,0.19,5.51,277.97,8.15,Medium,66.54,D
2477,19,Male,2.9,1.82,6.6,79.34,RPG,1.7,8.12,293.85,8.29,Medium,48.8,F
2478,16,Female,5.13,4.67,4.91,68.51,RPG,0.72,7.49,257.94,9.6,Low,44.45,F
2479,23,Female,2.17,9.2,4.54,61.14,FPS,1.15,3.53,294.17,4.52,High,83.85,B
2480,22,Male,6.36,8.03,6.71,70.63,FPS,1.91,11.15,258.6,17.2,Low,68.24612868918379,D+
2481,22,Female,1.83,7.51,5.88,78.29,Casual,2.47,4.48,311.75,5.2,High,82.79,B-
2482,18,Male,1.27,5.8,4.96,91.52,Casual,0.47,5.11,303.81,5.21,Medium,93.2216897380731,A
2483,19,Male,6.26,8.95,4.15,94.15,FPS,0.51,11.48,238.58,15.26,High,76.59212692092966,C
2484,24,Male,5.66,5.04,6.83,76.52,Casual,3.37,10.54,260.65,17.02,Low,53.51,F
2485,21,Female,1.46,2.35,6.99,91.84,FPS,2.02,4.14,313.79,2.63,Medium,81.33,B-
2486,20,Male,0.93,8.54,4.71,99.73,RPG,0.88,6.27,322.63,4.25,High,95.23,A
2487,18,Male,6.71,3.52,7.01,88.66,Casual,1.17,9.65,245.32,15.27,Low,40.79,F
2488,24,Male,6.21,1.48,8.76,89.14,FPS,3.6,9.71,241.92,12.18,Low,42.14,F
2489,20,Male,2.62,2.13,8.89,96.38,FPS,0.26,6.68,271.86,7.52,Medium,70.98,C-
2490,20,Female,5.27,6.48,8.44,73.53,RPG,2.54,6.62,276.14,11.27,Low,77.91892688147765,C+
2491,19,Male,0.99,6.46,8.04,60.45,RPG,1.8,4.98,324.15,4.2,Medium,86.81,B
2492,19,Male,4.06,3.34,5.05,99.48,FPS,4.06,7.95,263.61,10.3,Medium,53.31,F
2493,16,Female,0.15,7.54,4.78,79.62,FPS,3.95,5.52,320.11,1.64,High,91.55,A-
2494,22,Female,3.13,7.96,6.22,91.43,Casual,3.45,5.9,280.23,4.4,Medium,85.52,B
2495,24,Female,0.6,9.28,7.1,92.5,FPS,1.92,2.81,313.46,2.67,Medium,98.73,A
2496,18,Female,3.8,6.26,8.25,75.9,FPS,3.16,7.18,270.4,7.5,Medium,76.8,C
2497,17,Male,3.37,8.01,5.16,81.65,Casual,3.2,7.81,286.48,8.78,High,89.26,B+
2498,18,Female,3.56,7.78,6.4,81.6,FPS,1.66,7.37,265.94,7.53,Medium,87.33,B+
2499,16,Female,0.36,3.32,7.24,68.81,FPS,4.4,2.05,311.74,-1.4,Medium,61.25,D-
2500,21,Male,2.89,3.79,6.23,64.71,Casual,4.92,5.63,294.06,7.87,Medium,70.13780044288845,C-
2501,22,Female,6.05,5.31,6.27,81.74,Casual,1.57,7.37,227.66,14.16,Low,52.74,F
2502,17,Male,2.95,1.17,5.13,64.81,FPS,4.01,7.65,287.69,10.46,Medium,34.97,F
2503,23,Other,5.72,3.68,8.93,73.84,Casual,2.5,11.13,245.88,13.25,Low,47.2,F
2504,21,Female,2.96,5.26,6.38,67.44,Casual,2.32,4.19,300.63,6.61,Medium,63.06,D
2505,19,Female,3.39,1.97,6.66,88.28,RPG,1.93,7.02,282.61,9.28,Medium,55.496904979440274,F
2506,20,Female,4.51,2.14,5.09,94.88,RPG,1.46,8.34,258.01,12.98,Medium,51.68,F
2507,23,Female,7.61,5.17,6.57,83.12,FPS,4.6,10.8,243.2,13.31,Low,43.45,F
2508,18,Male,0.87,7.58,5.28,76.41,FPS,3.7,4.38,309.78,0.56,High,84.35,B
2509,18,Male,0.26,8.5,5.01,99.87,RPG,2.2,4.81,318.19,5.57,High,98.03,A
2510,19,Male,4.86,5.92,5.38,60.85,Casual,3.76,8.28,270.55,8.06,Medium,53.68,F
2511,16,Male,7.59,5.27,4.01,72.17,RPG,3.59,13.19,222.86,19.81,Low,25.32,F
2512,24,Female,7.92,4.46,6.85,71.15,FPS,1.34,11.62,239.43,20.35,Low,31.01,F
2513,23,Male,3.87,2.74,5.94,74.25,FPS,0.88,5.23,279.33,10.03,Medium,46.52,F
2514,23,Male,3.74,2.32,8.49,69.22,RPG,4.18,9.51,268.71,8.36,Medium,54.67,F
2515,21,Female,5.16,8.13,4.2,70.57,RPG,4.06,6.89,253.76,9.4,High,66.39297404184482,D
2516,22,Female,4.45,5.19,4.22,70.31,FPS,4.98,9.37,254.04,11.24,Medium,54.34,F
2517,21,Male,5.07,8.11,8.43,80.23,RPG,0.1,8.7,262.24,15.46,Low,92.01712075502287,A-
2518,24,Male,6.99,7.34,4.63,75.64,Casual,2.7,11.69,234.34,19.82,High,65.96695533136885,D
2519,18,Male,5.97,2.75,4.01,85.57,FPS,3.51,9.54,251.49,14.32,Low,40.02,F
2520,18,Female,3.98,5.59,4.89,80.58,FPS,2.91,5.27,255.22,5.42,Medium,54.13,F
2521,18,Male,3.69,5,8.12,67.34,FPS,3.55,6.56,270.48,9.14,Medium,69,D+
2522,18,Female,5.12,4.81,8.01,92.4,Casual,0.69,9.22,248.74,11.87,Low,63.35,D
2523,24,Male,3.65,5.88,5.7,78.89,RPG,0.01,7.79,281.13,9.42,Medium,69.77,D+
2524,19,Male,3.66,9.84,7.34,66.13,RPG,0.47,9.53,270.06,6.94,Medium,83.7,B
2525,22,Female,0.13,8.32,6.54,66.68,Casual,1.9,4.16,323.14,2.76,Medium,94.2,A
2526,24,Male,1.39,9.13,8.52,91.88,FPS,1.64,3.82,297.99,0.99,Medium,100,A
2527,22,Male,3.91,1.27,4.28,88.12,FPS,4.37,5.13,289.34,3.37,Medium,43.85,F
2528,24,Male,6.58,2.26,8.07,80.26,RPG,0.42,11.52,241.56,16.08,Low,45.46,F
2529,18,Female,2.23,1.76,4.85,72.24,RPG,2.21,7.68,302.4,11.02,Medium,53.32768514713702,F
2530,19,Female,4.18,3.37,5.96,78.42,FPS,4.79,8.25,268.71,8.72,Medium,44.76,F
2531,23,Male,2.76,4.98,4.96,85.46,FPS,2.51,6.17,296.11,6.28,Medium,61.99,D-
2532,21,Male,0.84,6.78,7.51,95.17,RPG,0.66,6.14,302.19,6.12,Medium,97.93,A
2533,20,Male,7.67,5.51,7.39,82.23,Casual,1.46,9.87,227.54,18.77,Low,37.8,F
2534,19,Female,6.84,9.13,6.74,71.07,FPS,3.13,9.83,233.27,15.39,Low,84.48037862507898,B
2535,23,Female,0.63,9.46,7.49,61.71,RPG,0.06,4.17,331.13,1.61,Medium,100,A
2536,16,Female,5.76,2.47,7.2,67.02,Casual,4.84,7.01,238.99,14.8,Low,37.86,F
2537,24,Female,2.78,8.68,7.88,86.01,FPS,2.83,7.22,307.34,5.32,Medium,100,A
2538,16,Male,7.96,5.34,5.2,66.42,RPG,3.52,9.9,210.74,15.85,Low,34.75,F
2539,23,Male,2.42,5.08,6.14,79.26,RPG,2.49,5.09,298.32,7.35,Medium,74.46,C
2540,19,Male,1.91,8.06,4.76,87.96,FPS,4.79,4.98,290.86,2.22,High,94.97,A
2541,24,Male,4.54,1.84,6.15,72.33,Casual,2.95,8.73,268.07,11.95,Medium,39.24,F
2542,20,Male,6.68,8.94,7.51,86.76,Casual,3.31,8.01,238.13,16.3,Low,77.96803814272724,C+
2543,18,Female,1.54,7.04,7.46,83.24,Casual,4.3,4.24,293.22,7.78,Medium,99.13,A
2544,24,Female,5.68,8.88,7.55,77.56,FPS,4.31,8.05,252.65,11.76,Low,96.55591487914546,A
2545,24,Female,0.49,9.95,5.54,95.89,Casual,0.14,1.5,309.95,0.6,High,100,A
2546,19,Male,7.35,5.66,7.31,87.68,RPG,1.42,11.81,237.51,18.36,Low,57.98,F
2547,19,Female,0.65,1.84,5.84,74.42,FPS,1.23,2.83,302.15,1.15,Medium,48.25,F
2548,23,Female,7.31,2.5,8.72,92.17,FPS,0.03,9.14,237,14.92,Low,34.3,F
2549,17,Female,3.93,3.91,5.72,89.52,Casual,4.38,8.92,281.48,11,Medium,54.44,F
2550,24,Male,3.58,1.93,7.02,91.67,RPG,1.59,4.78,275.96,8.5,Medium,53.66,F
2551,21,Male,7.79,8.34,7.75,85.64,Casual,1.73,13.29,213.29,14.52,Low,73.31661823610779,C
2552,24,Male,7.92,3.67,8.53,75.17,FPS,0.5,12.35,242.28,15.72,Low,27.91,F
2553,23,Male,5.2,9.78,6.19,73.94,Casual,4.95,7.06,262.27,7.66,Low,91.05579986828936,A-
2554,22,Female,1.02,7.32,5.8,86.17,FPS,4.13,3.77,300.55,0.08,High,100,A
2555,16,Male,4.05,2.56,6.15,65.24,FPS,2.86,9.8,276.34,8.74,Medium,56.06115485945377,F
2556,18,Male,4.23,5.28,5.62,92.8,Casual,3.86,8.32,252.48,10.06,Medium,61.13,D-
2557,17,Female,4.12,5.2,7.27,74.81,FPS,3.89,8.16,282.32,10.01,Medium,64.13,D
2558,20,Female,4.56,5.43,8.66,85.21,RPG,3.28,8.83,286.52,6.95,Medium,69.42,D+
2559,20,Male,0.15,5.82,4.63,79.96,Casual,0.87,3.46,326.44,0.09,Medium,71,C-
2560,20,Female,5.69,1.28,6.8,80.77,Casual,3.6,7.53,241.69,9.26,Low,43.66276867122591,F
2561,19,Male,5.7,7.18,8.49,89.52,RPG,2.85,7.45,231.71,11.87,Low,85.17863089272731,B
2562,20,Male,0.92,5.38,4.5,85.07,RPG,3.62,5.36,322.6,2.75,Medium,77.35,C+
2563,18,Male,4.56,8.12,6.47,70.01,RPG,2.72,9.98,263.81,14.35,Medium,85.22,B
2564,16,Female,4.55,8.34,8.33,62.97,FPS,4.78,7.05,261.49,10.07,Medium,84.72,B
2565,20,Female,5.46,3.07,8.5,93.61,FPS,3.14,8.98,266.13,11.47,Low,58.1,F
2566,24,Male,0.68,1.44,6.57,95.4,FPS,2.87,6.64,305.94,3.82,Medium,74.17959432393532,C
2567,24,Female,5.01,7.33,4.12,66.58,FPS,4.21,7.3,267.5,9.88,High,64.05454833082683,D
2568,19,Male,2.25,9.8,4.53,72.38,FPS,1.9,5.2,293.24,8.66,High,93.73,A
2569,18,Female,4.06,5.02,6.93,71.29,FPS,1.58,6.88,273.75,8.86,Medium,64.43,D
2570,16,Male,6.19,3.34,4.62,97.5,FPS,2.52,7.35,262.01,13.87,Low,33.84,F
2571,17,Male,5.65,2.41,4.75,68.19,FPS,2.92,9.2,247.31,14.65,Low,14.48,F
2572,23,Female,0.95,3.59,7.86,66.66,RPG,1.1,2.99,302.8,1.6,Medium,65.89,D
2573,16,Female,4.73,3.95,7.75,67.27,FPS,3.41,6.37,261.22,6.67,Medium,59.33788002746097,F
2574,23,Male,7.75,4.81,8.21,89.19,Casual,4.01,12.3,214.97,16.81,Low,47.81,F
2575,22,Male,1.25,6.9,4.53,95.52,Casual,2.89,6.08,314.36,6.19,Medium,82.99,B-
2576,23,Male,6.82,3.46,4.99,75.73,FPS,2.61,12.26,246.2,12.97,Low,37.17,F
2577,21,Male,5.62,1.46,8.16,65.44,FPS,1.47,11.29,252.47,14.58,Low,42.53,F
2578,24,Female,6.19,4.36,7.61,83.43,Casual,4.55,11.54,236.48,16.73,Low,56.09,F
2579,18,Other,2.26,8.7,8.03,68.4,Casual,3.77,3.87,265.43,8.11,Medium,95.49,A
2580,19,Male,2.3,5.49,8.95,62.57,FPS,2.4,4.42,284.06,7.02,Medium,70.14,C-
2581,21,Male,7.25,9.68,8.32,95.45,FPS,3.3,8.86,230.69,15.89,Low,94.14368861149572,A
2582,23,Female,2.88,5.53,6.6,94.83,FPS,1.68,5.65,266.45,7.52,Medium,74.51,C
2583,20,Male,0.5,3.48,5.55,99.04,RPG,0.3,2.12,338.95,-0.61,Medium,76.02,C
2584,18,Female,4.8,2.74,6.85,78.96,Casual,1.02,9.07,266.56,9.84,Medium,49.5,F
2585,21,Male,1,7.25,7.19,71.76,Casual,0.4,5.58,313.44,0.83,Medium,94.59,A
2586,19,Female,6.37,5.83,5.68,90.79,RPG,2.54,8.17,242.06,13.78,Low,46.68,F
2587,24,Female,5.13,6.44,7.85,67.22,Casual,3.11,9.24,265.82,13.2,Low,67.9,D+
2588,18,Female,7,7.8,4.46,69.73,FPS,1.9,8.11,232.99,14.79,High,51.0410003710849,F
2589,19,Female,6.28,7.53,7.9,70.23,RPG,2.65,9.45,243.02,14.71,Low,73.22539477135086,C
2590,22,Male,0.9,1.39,4.16,98.06,FPS,0.43,3.33,323.25,4.53,Medium,60.88418877051268,D-
2591,22,Female,3.05,8.22,6.49,89.19,FPS,3.85,9.04,294.38,6.44,Medium,88.09,B+
2592,19,Female,6.2,5.79,8.31,65.35,FPS,0.16,11.81,245.49,15.33,Low,49.19,F
2593,21,Male,3.34,4.53,4.43,63.71,RPG,3.17,5.08,300.14,8.04,Medium,59.95,F
2594,18,Male,7.78,5.84,6.59,93.71,Casual,2.17,13.37,225.82,17.42,Low,43.44,F
2595,21,Male,5.89,6.51,4.8,92.09,RPG,0.92,8.98,244.26,9.07,Low,56.26,F
2596,17,Male,0.12,2.35,8.47,86.84,FPS,2.62,4,319.83,0.13,Medium,79.41,C+
2597,23,Male,7.04,4.76,8.16,67.84,FPS,3.9,10.71,238.53,14.9,Low,41.35,F
2598,17,Female,0.81,4.02,8.67,79.21,FPS,2.07,5.44,298.36,4.23,Medium,85.80097484701058,B
2599,22,Male,1.12,4.15,8.37,84.11,FPS,1.84,3.79,311.43,3.64,Medium,96.29,A
2600,24,Female,5.88,1.82,7.68,97.29,RPG,0.71,7.23,270.59,16.28,Low,38.65,F
2601,16,Male,6.92,2.44,4.92,66.78,FPS,2.97,10.01,246.46,17.27,Low,24.03,F
2602,23,Male,4.29,2.46,5.51,80.62,Casual,4.14,8.01,275.16,10.39,Medium,43.98,F
2603,22,Female,2.31,4.36,6.48,66.31,Casual,2.81,6.08,297.08,6.75,Medium,65.61,D
2604,21,Female,2.81,9.05,6.94,77.75,FPS,0.83,7.77,276.3,10.64,Medium,93.43,A
2605,21,Male,2.74,2.85,7.91,68.01,RPG,3.31,3.96,277.16,8.71,Medium,59.07,F
2606,21,Male,2.61,4.75,5.13,93.45,FPS,0.15,8.55,290.31,8.86,Medium,77.56,C+
2607,24,Male,1.94,3.8,4.64,70.19,RPG,4.19,7.89,292.44,10.32,Medium,66.29,D
2608,17,Female,4.87,8.09,6.41,76.68,Casual,4.61,6.37,247.09,8.69,Medium,68.88,D+
2609,16,Female,7.2,1.45,4.79,76.31,RPG,2.99,9.92,230.09,15.7,Low,7.16,F
2610,21,Male,2.46,2.77,7.47,94.65,FPS,4.41,6.41,294.99,13.23,Medium,69.09,D+
2611,23,Female,1.49,2.9,6.88,90.31,Casual,0.42,4.36,307.92,5.84,Medium,76.57,C
2612,18,Female,6.71,9.94,7.71,62.3,RPG,1.14,10.15,231.15,14.86,Low,85.49837818759713,B
2613,16,Male,5.93,6.14,4.32,62.68,RPG,1.59,8.56,248.38,13.38,Low,43.66,F
2614,24,Other,7.45,2.25,8.82,82.05,RPG,3.87,12.01,234.75,17.54,Low,28.48,F
2615,16,Female,1.32,3.45,4,77.11,FPS,2.42,4.14,291.48,7.39,Medium,57.75,F
2616,18,Male,1.15,2.51,5.63,71.02,RPG,1.74,4.3,298.48,5.48,Medium,49.92,F
2617,23,Male,4.33,2.12,7.4,91.7,RPG,0.79,8.21,267.91,10.44,Medium,59.98,F
2618,18,Male,4.92,8.17,4.23,65.15,Casual,4.05,10.77,251.87,9.41,High,57.63896348405606,F
2619,19,Male,3.84,5.46,4.42,98.96,FPS,0.1,8.05,270.64,8.33,Medium,63.87,D
2620,23,Female,4.79,6.68,4.38,60.96,FPS,1.69,6.27,287.48,10.44,Medium,55.571482008003045,F
2621,16,Male,1.44,3.98,6.91,64.73,Casual,1.21,4.03,287.65,3.92,Medium,69.56,D+
2622,21,Female,3.84,5.98,8.48,72.45,FPS,0.65,6.94,288.17,11.42,Medium,79.37,C+
2623,16,Female,5.26,3.32,6.78,80.37,Casual,0.86,9.96,260.3,12.41,Low,35.59,F
2624,16,Female,3.46,3.77,7.02,68.65,FPS,2.47,6.69,266.24,10.21,Medium,60.19,D-
2625,23,Female,5.44,6.87,5.73,89.45,FPS,2.13,9.74,261.51,10.09,Low,69.96,D+
2626,19,Male,3.61,2.35,4.09,74.3,FPS,2.59,8.81,277.11,8.77,Medium,36.95,F
2627,16,Male,2.67,6.55,4.11,61.54,Casual,3.64,4.19,300.01,7.49,Medium,79.17,C+
2628,22,Female,2.43,8.67,8.44,95.11,FPS,4.46,7.26,297.44,11.41,Medium,100,A
2629,20,Male,3.29,2.08,4.51,97.75,FPS,0.59,8.02,282.48,8.66,Medium,39.35,F
2630,20,Male,0.18,9.08,9,84.74,FPS,0.41,5.28,314.78,4.57,Medium,100,A
2631,16,Female,5.35,1.72,4.82,92.26,FPS,1.6,11.13,267.49,16.26,Low,31.11,F
2632,21,Female,6.76,4.14,7.37,64.84,RPG,2.73,9.31,234.96,16.7,Low,39.19,F
2633,24,Male,2.84,6.49,8.74,70.75,FPS,0.5,5.99,271.92,8.75,Medium,90.19,A-
2634,24,Female,0.37,6.03,5.81,73.01,FPS,3.58,2.68,296.6,1.19,Medium,74.59,C
2635,23,Female,7.89,1.87,7.67,98.43,FPS,2.78,10.53,212.96,20.14,Low,27.51160935050821,F
2636,20,Male,2.11,8.19,5.75,80.49,Casual,3.74,4.76,302.71,2.91,High,93.81927771668728,A
2637,16,Male,1.01,9.76,5.52,60.3,FPS,1.79,6.36,304.25,2.16,High,100,A
2638,24,Female,2.96,2.63,5.01,75.21,RPG,2.01,4.27,276.76,10.31,Medium,57.480485504354725,F
2639,16,Male,5.91,9.06,8.1,60.31,FPS,4.04,7.92,244.74,13.55,Low,83.99889364351083,B
2640,23,Male,2.35,6.01,5.29,69.51,FPS,1.34,6.4,300.09,4.25,Medium,68.32,D+
2641,20,Female,4.6,9.42,5.42,78.19,Casual,1.91,9.43,271.13,8.75,High,86.4024761620395,B
2642,18,Female,3.32,2.58,8.99,72.94,Casual,0.07,7.81,281.78,5.93,Medium,63.03,D
2643,22,Male,0.94,8.13,5.64,61.31,FPS,2.78,2.17,302.72,6.56,High,88.41,B+
2644,22,Male,2.64,1.54,6.11,64.65,RPG,4.26,5.91,284.41,6.75,Medium,37.45,F
2645,24,Male,5.8,8.95,8.95,82.04,RPG,0.14,7.72,249.08,11.53,Low,83.87262701516076,B
2646,22,Other,4.9,7.07,5.85,87.82,Casual,3.07,10.84,252.25,16.03,High,69.18,D+
2647,18,Male,0.96,4.33,5.83,76.18,Casual,4.23,6.95,307.37,5.42,Medium,73.9,C
2648,16,Female,1.31,2.71,8.14,89.26,RPG,2.47,2.56,294.81,2.59,Medium,72.3,C-
2649,23,Female,5.13,8.35,5.56,66.53,Casual,1.57,9.47,262.1,14.55,High,79.25729131796389,C+
2650,18,Male,6.51,6.43,5.17,64.88,Casual,4.98,11.58,246.66,16.75,Low,36.56,F
2651,23,Other,2.8,4.24,6.12,93.58,RPG,0.32,5.42,297.57,8.11,Medium,68.98,D+
2652,23,Female,4.76,4.99,7.5,73.57,RPG,1.05,9.23,265.48,11.21,Medium,66.89768982968918,D
2653,20,Female,1.37,8.44,4.22,77.29,RPG,4.43,3.31,305.85,1.92,High,82.05,B-
2654,16,Male,2.49,4.05,5.87,97.9,FPS,1.49,4.13,281.76,3.78,Medium,66.56,D
2655,22,Female,0.16,1.81,5.73,76.96,RPG,4.1,5.79,317.6,3.34,Medium,50.42,F
2656,20,Female,6.15,9.2,5.22,60.14,RPG,1.67,10.36,235.97,14.42,High,72.69303396022511,C-
2657,23,Other,3.21,4.49,7.27,97.52,FPS,4.06,8.29,264.44,9.93,Medium,75.84,C
2658,24,Male,6.53,4.14,5.45,60.56,Casual,3.43,10.19,238.99,14.04,Low,33.72,F
2659,22,Female,5.67,2.84,7.03,86.49,Casual,2.34,7.44,246.92,14.79,Low,34.22,F
2660,22,Male,6.63,9.08,6.52,72.92,FPS,2.61,9.51,246.55,12.05,Low,76.36284380941089,C
2661,16,Male,2.29,2.96,5.09,78.82,Casual,0.89,7.7,282.9,8.12,Medium,56.9,F
2662,19,Male,1.48,6.73,5.33,81.89,FPS,0.58,2.56,330.37,1.68,Medium,93.56051152983478,A
2663,17,Female,7.78,8.93,4.85,76.34,RPG,3.58,9.82,221.84,16.09,High,56.45831823009436,F
2664,17,Male,5.74,1.31,4.28,90.97,RPG,4.24,8.01,250.42,10.77,Low,22.73,F
2665,17,Female,6.67,8.46,7.1,97.23,RPG,3.61,8.98,234.29,13.76,Low,94.92768856639016,A
2666,19,Other,0.11,4.7,7.36,63.46,RPG,4.56,1.6,326.46,-1.18,Medium,79.59,C+
2667,16,Male,2.84,6.92,4.83,92.01,Casual,4.45,8.08,283.78,6.3,Medium,83.73,B
2668,19,Female,5.94,4.35,7.08,65.15,RPG,3.89,7.74,238.93,14.71,Low,40.07,F
2669,17,Male,0.62,7.26,8.91,63.21,RPG,4.49,5.77,294.23,1.04,Medium,100,A
2670,20,Male,4.54,3.29,4.37,98.23,RPG,0.84,7.32,271.26,11.77,Medium,40.86,F
2671,18,Female,3.43,1.2,6.45,79.57,Casual,3.66,6.72,285.34,10.21,Medium,40.84,F
2672,23,Female,0.14,9.53,7.67,66.1,FPS,3.77,3.45,321.75,3.4,Medium,100,A
2673,19,Female,1.89,1.15,4.23,82.8,FPS,0.77,6.46,295.17,6.01,Medium,46.22,F
2674,16,Female,2.28,8.42,7.89,70.53,Casual,4.55,6.94,289.45,4.71,Medium,92.91,A-
2675,16,Male,0.89,2.52,8.9,78.57,Casual,0.04,5.09,317.1,0.79,Medium,73.81,C
2676,18,Male,5.05,4.53,4.44,84.99,Casual,2.17,9.92,258.39,10.17,Low,44.87,F
2677,24,Female,1.94,8.4,8.11,94.77,FPS,0.11,2.98,307.97,2.05,Medium,100,A
2678,22,Male,2.22,2.85,5.89,60.12,Casual,2.62,5.74,292.37,6.75,Medium,49.24,F
2679,17,Male,7.19,8.79,4.72,68.57,Casual,2.06,10.81,232.37,13.36,High,61.05053316663829,D-
2680,24,Female,3.74,5.48,6.47,63.85,Casual,3.12,5.94,278.83,8.17,Medium,61.55,D-
2681,17,Male,3.14,4.3,4.36,63.88,RPG,3.83,6.92,296.24,8.25,Medium,45.69,F
2682,18,Male,5.79,6.96,6.61,97.83,FPS,3.84,9.13,262.29,12.64,Low,74.96,C
2683,17,Female,7.28,4.07,4.1,97.44,RPG,3.61,10.64,232.16,15.7,Low,39.86,F
2684,18,Female,0.2,4.13,7.64,89.97,RPG,0.51,1.79,313.86,3.75,Medium,84.64,B
2685,21,Female,3.59,7.6,6.44,85.72,RPG,2.09,6.77,264.84,9.77,Medium,75.96,C
2686,24,Female,4.89,3.79,6.29,93.92,Casual,4.08,9.72,268.24,13.6,Medium,53.31,F
2687,24,Male,2.55,2.81,4.98,62.34,RPG,3.27,5.6,271.56,5.88,Medium,48.56,F
2688,22,Female,6.18,8.27,5.81,64.78,FPS,3.41,9.62,262.89,15.65,High,67.7540139324898,D+
2689,18,Female,7.77,8.25,4.91,72.68,RPG,1.13,13.61,235.19,19.07,High,59.73612467815817,F
2690,19,Male,7.55,5.48,7.68,93.3,FPS,1.63,12.91,221.94,18.2,Low,43.08,F
2691,21,Male,2.13,5.74,5,78.89,FPS,4.78,7.77,306.75,6.3,Medium,66.74,D
2692,20,Female,1.81,7.26,7.08,80.14,RPG,4.23,3.2,303.76,4.79,Medium,97.75,A
2693,17,Female,7.66,5.58,5.4,69.17,Casual,0.82,11.75,232.76,21.58,Low,33.18,F
2694,21,Female,3.67,4.75,7.28,85.94,Casual,2.72,5.79,273.29,9.61,Medium,63.87,D
2695,18,Female,1.67,9.95,6.7,95.51,RPG,2.45,4.69,305.49,8.27,Medium,100,A
2696,23,Female,5.66,2.33,6.12,73.18,Casual,2.22,10.06,237.91,9.75,Low,31.67,F
2697,17,Other,2.28,6.33,7.37,84.77,FPS,2.35,6.17,293.27,6.65,Medium,90.42,A-
2698,16,Female,2.14,8.97,6.08,73.28,Casual,3.21,5.67,287.52,7.69,Medium,83.49,B
2699,24,Male,7.03,7.18,8.11,91.71,Casual,4.84,12.1,232.76,17.37,Low,71.43325776235503,C-
2700,18,Female,1.3,8.93,7.65,79,RPG,4.38,5.71,297.51,5.84,Medium,100,A
2701,16,Male,0.52,4.03,6.7,73.58,FPS,4.38,5.63,307.38,2.82,Medium,66.48,D
2702,22,Female,2.15,3.45,8.39,76.8,RPG,3.52,7.81,307.08,9.55,Medium,65.59,D
2703,20,Female,4.86,8.66,8.14,63.65,FPS,0.09,9.42,247.35,8.8,Medium,79.6,C+
2704,20,Female,0.98,4.55,6.66,94.64,RPG,2.2,3.96,312.33,3.15,Medium,86.74,B
2705,16,Female,3.77,7.39,4.34,98.32,FPS,2.56,5.83,263.45,8.82,High,78.57,C+
2706,24,Male,5.02,2.33,6.83,79.1,RPG,4.21,7.37,272.98,10.07,Low,37.22,F
2707,22,Male,6.79,7.8,5.78,68.85,FPS,4.61,9.77,242.8,15.13,High,64.9179606049263,D
2708,23,Male,1.84,5.94,6.7,86.59,FPS,2.26,6.54,283.87,2.1,Medium,86.67,B
2709,24,Female,6.54,3.42,7.24,78.1,FPS,1.5,7.74,244.87,11.09,Low,41.71,F
2710,21,Female,1.88,5.45,7.22,70.09,FPS,1.69,6.95,290.48,8.84,Medium,82.24,B-
2711,20,Female,5.41,7.27,7.37,61.54,Casual,2.89,10.2,257.35,13.7,Low,76.3116704499441,C
2712,21,Male,3.45,1.11,7.4,95.59,FPS,1.37,6.95,265.32,7.89,Medium,50.51,F
2713,17,Female,0.92,6.74,4.55,91.87,RPG,4.55,3.92,321.27,5.3,Medium,91.05,A-
2714,19,Female,5.71,5.87,4.96,93.16,RPG,2.09,7.27,231.51,14.97,Low,55.51,F
2715,18,Male,1.74,2.98,7.15,77.59,FPS,4.95,4.19,291.04,8.32,Medium,67.03,D+
2716,22,Female,1.41,7.78,6.04,90.13,FPS,0.55,2.96,292.26,-0.18,Medium,100,A
2717,24,Female,2.87,3.73,7.81,83.25,RPG,0.94,7.96,289.35,11.05,Medium,71.82,C-
2718,20,Female,5.23,3.49,4.62,74.99,Casual,2.56,8.78,252.31,9.91,Low,33.45,F
2719,21,Male,1.87,5.24,4.96,93.71,RPG,4.34,4.1,295.72,5.46,Medium,59.58,F
2720,17,Female,1.47,7.09,6.79,99.95,RPG,1.77,2.56,295.94,4.71,Medium,100,A
2721,18,Male,0.08,9.36,6.5,95.97,Casual,4.19,3.7,305.36,5.19,Medium,100,A
2722,18,Other,3.77,2.27,5.33,91.05,Casual,2.13,8.53,272.47,10.86,Medium,47.83,F
2723,24,Male,3.43,4.57,6.04,89.9,Casual,4.26,8.26,265.81,9.83,Medium,71.76,C-
2724,22,Male,1.87,1.6,4.17,86.01,RPG,1.39,3.94,279.24,3.1,Medium,47.2,F
2725,23,Female,0.43,7.83,4.19,94.14,FPS,2.36,6.41,321.1,0.47,High,85.79,B
2726,24,Male,3.43,5.03,4.47,79.72,Casual,1.39,7.27,266.45,7.05,Medium,52.29,F
2727,21,Female,6.31,7.36,6.88,67.27,FPS,1.08,8.97,258.85,16.76,Low,82.70377419795211,B-
2728,19,Female,5.72,3.9,8.32,90.72,RPG,2.11,8.68,265.54,12.99,Low,62.49,D-
2729,16,Female,6.89,8.6,5.3,96.78,RPG,1.67,8.51,246.18,17.91,High,75.79920165065329,C
2730,23,Other,0.08,5.81,4.17,73.65,RPG,3.94,3.55,307.68,0.46,Medium,69.47587293441899,D+
2731,22,Male,7.73,9.49,7.54,91.32,Casual,3.74,12.5,248.46,19.42,Low,78.59406562128649,C+
2732,17,Female,2.73,1.71,8.28,70.95,FPS,1.79,5.78,263.72,7.32,Medium,59.16,F
2733,23,Male,7.92,5.63,4.69,97.7,Casual,4.96,13.25,216.13,21.1,Low,44.677671904828046,F
2734,20,Male,2.02,7.9,5.93,87.34,FPS,4.87,5.4,304.09,5.28,High,90.22,A-
2735,22,Female,3.77,6.4,4.79,82.77,FPS,4.59,9.27,282.31,10.03,Medium,60.99,D-
2736,19,Male,2.83,1.21,4.53,91.19,RPG,2.93,7.35,278.79,10.35,Medium,48.49,F
2737,20,Female,2.85,9.75,7.24,92.53,Casual,2.06,4.13,277.94,2.16,Medium,100,A
2738,23,Female,6.74,3.68,8.84,95.69,RPG,1.57,8.08,236.97,13.86,Low,53.34,F
2739,16,Female,5.97,3.24,7.39,96.04,RPG,0.08,10.97,247.49,11.12,Low,44.86,F
2740,16,Other,7.94,5.37,8.92,62.11,RPG,3.16,10.72,220.03,17.21,Low,49.41,F
2741,19,Male,4.91,5.88,6.17,64.92,FPS,2.77,6.86,277.66,9.95,Medium,58.52,F
2742,18,Female,3.71,7.9,8.49,93.04,RPG,3.15,9.04,268.64,11.29,Medium,100,A
2743,17,Female,0.72,4.54,5.03,97.84,FPS,2.88,6.64,326.02,5.33,Medium,73.7,C
2744,18,Female,7.97,4.96,4.59,72.31,Casual,0.69,13.01,228.42,17.89,Low,35.12,F
2745,16,Male,4.41,5.81,7.51,60.34,FPS,3.48,9.04,277.27,9.21,Medium,62.24,D-
2746,16,Female,5.6,4.55,5.86,72.91,FPS,1.8,6.6,237.85,11.86,Low,42.8,F
2747,21,Male,3.25,9.23,5.59,75.31,RPG,2.58,4.78,291.28,9.88,High,92.76,A-
2748,20,Male,4.38,8.66,7.36,90.44,RPG,1.83,8.73,277.37,8.97,Medium,89.83,B+
2749,23,Female,7.54,5.09,5.67,61.9,RPG,0.11,10.59,222.86,13.6,Low,32.32,F
2750,17,Female,1.33,1,6.86,68.51,FPS,4.38,2.43,312.52,-0.48,Medium,50.83,F
2751,19,Female,2.34,9.11,5.5,95.76,FPS,0.74,7.04,277.12,3.96,High,93.23,A
2752,23,Female,1.22,2.12,7.92,66.19,Casual,2.91,4.31,300.61,3.97,Medium,64.65,D
2753,21,Female,6.34,3.2,5.56,90.37,RPG,4.42,10.63,255.59,12.01,Low,38.42,F
2754,16,Male,0.5,2.37,6.67,74.45,RPG,1.11,3.84,312.18,1.92,Medium,58.64,F
2755,19,Male,0.65,2.62,4.12,86.51,RPG,2.06,1.78,309.56,2.79,Medium,62.45,D-
2756,16,Male,2.39,8.23,7.96,62.95,RPG,1.89,6.57,305.37,2.61,Medium,92.18,A-
2757,17,Female,4.11,6.22,7.1,71.46,Casual,0.45,9.05,251.15,12.66,Medium,85.83020035636137,B
2758,20,Male,3.25,9.6,4.96,76.99,RPG,2.12,5.03,279.22,10.24,High,83.56,B
2759,23,Male,0.36,3.08,5.08,94.29,FPS,2.4,5.82,315.02,7.18,Medium,68.37,D+
2760,23,Female,7.66,5.37,5.31,82.54,RPG,0.13,9.57,220.11,19.22,Low,38.12,F
2761,18,Male,7.62,9.8,6.88,61.81,FPS,2.44,10.73,242.3,21.62,Low,77.83318092658962,C+
2762,19,Male,2.23,8.44,6.74,92.07,RPG,0.47,5.87,284.14,6.74,Medium,98.32,A
2763,21,Female,5.85,7.56,5.37,62.18,RPG,4.46,8.42,240.82,14.6,High,72.87769897681379,C-
2764,18,Male,4.63,2.7,7.47,97.37,FPS,3.25,8.13,239.72,10.51,Medium,49.19,F
2765,17,Male,1.9,7.92,8.45,68.47,Casual,0.28,6.49,308.31,7.42,Medium,100,A
2766,21,Male,2.1,4.13,4.22,79.52,FPS,4.14,6.67,291.51,6.76,Medium,60.22760500552311,D-
2767,20,Female,3.93,5.77,6.09,62.89,Casual,1.81,9.54,269.56,7.34,Medium,59.37,F
2768,20,Female,3.35,6.48,6.97,82.47,FPS,1.13,8.66,277.67,6.35,Medium,80.58,B-
2769,20,Male,2.33,6.48,6.93,79.89,Casual,1.27,8.26,303.97,11.24,Medium,88.19,B+
2770,20,Female,6.46,7.54,4.1,76.41,RPG,2.99,10.44,258.61,15.22,High,57.753568789668726,F
2771,18,Male,3.85,6.96,5.05,61.42,FPS,0.41,6.85,256.48,12.04,Medium,73.53,C
2772,22,Female,5.24,1.62,4.31,95.16,FPS,0.29,7.44,252.49,10.45,Low,36.53,F
2773,21,Male,1.51,5.12,6.84,92.11,FPS,3.14,3.73,290.53,2.35,Medium,87.22,B+
2774,19,Female,4.27,6.98,7.23,85.32,FPS,4.91,6.02,266.52,9.24,Medium,73.41,C
2775,17,Female,2.54,3.66,4.8,82.89,FPS,2.42,7.17,288.61,8.97,Medium,65.58,D
2776,24,Female,4.21,3.82,5.67,87.8,FPS,2.07,8.48,252.29,13.34,Medium,56.98,F
2777,16,Male,6.25,2.12,5.65,65.76,FPS,4.74,8.71,248.69,14.1,Low,26.11,F
2778,19,Male,6.15,4.77,8.1,97.31,RPG,1.2,11.61,241.71,16.34,Low,56.32,F
2779,16,Female,2.83,9.88,4.97,71.39,FPS,1.2,6.59,293.84,7.25,High,92.03,A-
2780,21,Male,5.55,3.57,6.74,86.26,RPG,4.53,6.9,253.7,14.69,Low,44.98,F
2781,19,Female,7.53,5.78,7.91,84.27,FPS,3.23,8.84,212.48,18.66,Low,56.35,F
2782,20,Female,5.01,7.69,8.15,85.46,Casual,0.27,6.73,266.03,9.31,Low,100,A
2783,20,Female,1.19,1.12,7.33,95.16,RPG,3.37,3.25,292.32,4.18,Medium,66.22,D
2784,24,Male,5.44,9.1,5.5,71.84,RPG,4.1,10.88,242.41,11.61,High,79.59380363842534,C+
2785,16,Female,0.84,4.48,8.12,89.96,FPS,1.37,5.73,306.75,5.76,Medium,88.76,B+
2786,17,Female,6.98,8.82,7.71,83.94,RPG,1.91,8.99,233.39,14.18,Low,81.87589181377322,B-
2787,21,Female,4.13,1.35,7.52,63.04,FPS,0.99,6.37,252.91,7.79,Medium,34.47,F
2788,20,Male,3.08,2.31,4.34,76.57,Casual,3.17,7.26,281.56,4.17,Medium,48.36295716678066,F
2789,22,Male,0.46,3.9,4.22,93.52,Casual,3.32,5.82,313.59,5.77,Medium,78.68,C+
2790,18,Male,3.05,4.11,7.48,72.61,RPG,0.34,5.63,282.12,7.78,Medium,65.67,D
2791,18,Male,7.23,8.63,8.72,79.29,Casual,3.39,10.86,216.36,16.78,Low,80.98226752360662,B-
2792,17,Female,0.17,1.1,7.87,79.55,RPG,3.29,5.62,319.4,4.73,Medium,64.53,D
2793,18,Female,3.8,6.77,8.16,84.72,FPS,0.18,8.65,280.6,8.5,Medium,81.07,B-
2794,16,Male,7.45,2.18,6.72,95.36,Casual,2.78,12.91,217.13,15.79,Low,31.73,F
2795,20,Female,3.16,8.41,5.52,66.94,FPS,3.07,5.55,271.32,8.61,High,83.28,B
2796,20,Male,3.43,8.01,7.39,80.18,RPG,2.15,7.88,286.71,11.4,Medium,94.6,A
2797,22,Male,4.63,5.5,7.56,76.97,FPS,4.51,6.2,280.24,11.11,Medium,66.84054471557441,D
2798,19,Male,3.7,2.91,7.38,71.84,FPS,1.64,7.78,273.94,12.65,Medium,56.07,F
2799,18,Male,1.35,6.71,8.73,96.78,RPG,0.34,3.87,299.3,5.09,Medium,100,A
2800,16,Female,0.15,2.41,5.84,60.33,FPS,3.36,4.66,320.18,3.57,Medium,48.72,F
2801,23,Male,4.88,2.71,4.2,64.88,RPG,3.03,6.59,275,12.26,Medium,29.63,F
2802,18,Female,7.37,6.64,8.54,89.33,RPG,4.95,11.7,223.06,16.44,Low,62.75,D-
2803,17,Male,0.85,9.92,4.8,70.54,Casual,1.16,5.39,304.96,1.49,High,98.57,A
2804,19,Female,1.69,9.02,7.49,88.93,FPS,1.98,6.98,294.62,6.06,Medium,100,A
2805,18,Male,2.96,6.34,8.37,93.29,Casual,2.31,7.4,270.31,9.57,Medium,89.25,B+
2806,16,Male,6.47,5.85,5.55,70.18,Casual,4.31,10.08,250.89,13.03,Low,43.11,F
2807,18,Male,2.15,9.99,8.15,67.68,FPS,2.07,7.07,296.81,3.95,Medium,100,A
2808,17,Male,7.06,5.93,5.66,65.81,Casual,3.86,9.48,215.11,13.88,Low,42.09,F
2809,23,Male,0.44,4.78,7.97,68,FPS,0.78,4.83,314.61,5.75,Medium,81.93,B-
2810,21,Female,7.53,9.19,4.35,70.69,FPS,2.05,12.15,246.26,18.36,High,69.40010862943153,D+
2811,24,Female,4.49,3.11,7.28,94.75,FPS,0.77,7.45,268.87,10.21,Medium,55.6,F
2812,23,Female,5.27,1.88,7.39,90.8,Casual,4.75,11.21,272.8,11.57,Low,41.24,F
2813,18,Female,2.94,6.71,6.46,60.07,FPS,0.89,5.72,279.12,7.82,Medium,73.88,C
2814,20,Male,6.26,1.86,7.44,94.96,FPS,2.1,7.68,254.54,13.6,Low,36.48,F
2815,22,Male,1.33,4.36,8.62,63.15,RPG,0.41,3.85,317.19,4.83,Medium,78.43,C+
2816,20,Other,0.39,4.81,7.67,86.21,FPS,4.61,1.89,314.59,6.54,Medium,83.77,B
2817,23,Female,3.16,5.93,8.81,66.06,RPG,3.12,5.86,277.97,8.66,Medium,82.8927068041039,B-
2818,20,Female,6.83,9.92,6.24,62.49,FPS,4.81,8.47,249.04,13.09,Low,82.15862050201862,B-
2819,16,Female,6.04,2.99,6.64,90.39,FPS,0.21,9.24,252.92,10.91,Low,45.95,F
2820,20,Male,4.14,4.38,5.32,78.69,RPG,0.87,9.03,279.86,9.61,Medium,56.81,F
2821,19,Male,4.58,2.19,8.93,83.96,RPG,1.9,5.92,269.17,8.92,Medium,58.72,F
2822,21,Male,1.04,6.47,4.28,77.01,Casual,3.11,4.86,306.72,5.65,Medium,85.85,B
2823,18,Male,6.73,7.55,5.79,62.69,RPG,1.65,7.95,238.35,12.83,High,59.58288194216652,F
2824,20,Male,6.3,5.34,5.49,89.58,Casual,3.56,11.72,240.85,13.33,Low,56.71,F
2825,17,Male,5.25,3.21,5.93,92.81,FPS,0.83,10.86,261,14.38,Low,51.11,F
2826,21,Female,3.73,6.59,8.59,61.66,RPG,3,7.19,273.47,7.95,Medium,68.44,D+
2827,21,Female,7.72,5.85,5.84,75.03,RPG,1.99,12.57,229.89,19.02,Low,34.27,F
2828,20,Female,7.03,2.54,8.58,82.29,Casual,2.54,10.99,227.71,14.35,Low,30.8,F
2829,21,Female,5.16,4.65,6.12,84.21,Casual,2.85,7.86,249.56,10.73,Low,56.37,F
2830,22,Male,2.97,4.92,8.27,83.13,RPG,0.3,5.2,290.2,5.89,Medium,74.63,C
2831,20,Male,4.94,9.84,6.61,87.72,FPS,4.62,9.73,264.6,13.1,Medium,89.96,B+
2832,16,Female,4.6,8.64,5.56,98.67,Casual,3.93,7.75,260.5,10.49,High,92.62,A-
2833,23,Male,3.15,7.61,6.25,75.62,FPS,2.21,8.75,295.97,6.66,Medium,89.39,B+
2834,19,Male,2.45,9,6.12,82.26,FPS,2.74,8.33,282.39,5.23,Medium,90.7,A-
2835,24,Male,3.26,7.62,5.3,87.96,RPG,0.16,5.31,285.25,6.91,High,89.08710313742662,B+
2836,21,Male,4.59,9.13,5.45,83.7,FPS,2.49,8.4,269.5,8.25,High,91.16,A-
2837,16,Female,3.43,1.49,4.93,75.47,FPS,2.13,7.11,279.37,7.87,Medium,34.02,F
2838,18,Male,2.11,5.1,5.68,84.96,Casual,1.87,7.45,307.34,7.4,Medium,77.52,C+
2839,18,Female,6.09,7.72,7.12,86,FPS,4.08,10.54,263.19,12.04,Low,83.47853300893276,B
2840,19,Female,4.25,6.25,5.93,83.4,Casual,0.91,8.29,257.49,12.22,Medium,64.01,D
2841,21,Male,0.54,2.58,7.56,68.2,FPS,0.88,4.94,290.77,6.05,Medium,72.96,C-
2842,22,Male,2.95,4.06,8.93,80.24,FPS,2.61,5.9,279.71,9.54,Medium,71.88,C-
2843,19,Male,7.08,3.86,5.89,95.37,FPS,3.44,12.88,225.21,18.4,Low,36.91,F
2844,21,Male,6.04,3.35,6.31,94.74,RPG,0.11,7.33,243.15,13.57,Low,42.3,F
2845,16,Female,2.59,4.09,4.82,90.03,FPS,2.73,3.74,307.12,6.23,Medium,67.76,D+
2846,23,Female,7.51,5.63,5.96,87.89,Casual,1.49,10.59,256.85,17.3,Low,47.74,F
2847,22,Female,0.61,8.69,7.63,66.13,RPG,3.78,2.38,303.2,0.9,Medium,97.84,A
2848,24,Male,7.69,7.68,5.09,78.38,RPG,2.34,11.41,229.96,17.19,High,58.15265903542986,F
2849,18,Female,1.97,8.52,4.91,64.44,FPS,4.17,3.02,298.38,4.76,High,91.41,A-
2850,17,Female,0.07,8.95,5.88,92.69,FPS,1.98,3.37,322.62,3.07,High,100,A
2851,16,Female,3.47,4.75,8.09,71.64,RPG,4.14,5.94,264.66,4.99,Medium,66.39,D
2852,18,Female,2.87,4.11,7.12,90.67,Casual,3.58,4.88,297.92,7.17,Medium,77.53,C+
2853,20,Female,4.31,1.52,8.79,92.58,RPG,4.14,7.53,277.3,12.35,Medium,58.23,F
2854,17,Female,6.37,9.37,8.52,95.7,RPG,4.06,11.64,238.76,14.17,Low,91.47527535833684,A-
2855,18,Female,6.74,1.59,4.76,90.15,Casual,2.43,11.02,251.43,15.4,Low,23.05,F
2856,19,Male,3.21,7.67,4.21,82.59,FPS,1.84,5.01,267.06,3.59,High,78.58,C+
2857,22,Female,3.44,4.4,6,83.93,FPS,3.83,6.93,261.79,8.76,Medium,59.27,F
2858,18,Male,1.19,9.54,6.61,72.82,RPG,1.81,6.85,308.37,2.23,Medium,100,A
2859,24,Male,0.38,4.78,6.58,67.08,FPS,0.45,3.58,319.75,1.25,Medium,74.67,C
2860,23,Other,5.13,8.35,4.67,65.23,Casual,4.29,8.48,256.8,11.84,High,66.74304018708538,D
2861,19,Female,0.52,3.54,4.62,67.28,RPG,1.99,6.23,324.83,2.68,Medium,43.17,F
2862,16,Male,5.87,3.69,4.23,97.36,FPS,0.66,7.55,242.99,12.25,Low,50.07,F
2863,16,Male,4.31,6.36,8.25,66.58,FPS,3.23,8.99,280.32,11.71,Medium,72.62,C-
2864,16,Male,1.59,9.98,8.74,88.95,RPG,4.45,4.09,308.8,4.35,Medium,100,A
2865,16,Female,4.32,5.66,4.58,67.39,RPG,4.3,9.65,286.79,11.59,Medium,49.41,F
2866,23,Female,1.46,9.43,5.07,99.01,Casual,2.77,2.73,284.75,-0.18,High,100,A
2867,18,Female,3.51,8.08,4.45,74.66,RPG,0.44,9.46,273.02,9.68,High,86.37,B
2868,21,Female,6.4,8.16,8.39,76.49,RPG,3.48,11.24,234.14,10.78,Low,94.62021725862692,A
2869,18,Male,3.7,4.92,8.79,76.18,FPS,3.04,6.12,283.37,7.82,Medium,64.02,D
2870,20,Female,1.19,4.48,5.31,92.66,FPS,1.05,5.99,321.45,8.46,Medium,78.61,C+
2871,22,Male,5.79,2.73,5.52,68.73,RPG,4.5,11.4,246.8,16.26,Low,40.56,F
2872,17,Female,1.49,9.68,5.81,93.24,Casual,0.43,3.05,308.11,0.9,High,100,A
2873,21,Female,5.91,9.63,6.51,86.28,RPG,1.87,11.48,263.52,13.52,Low,98.85193594769356,A
2874,21,Female,3.83,7.72,7.41,68.81,RPG,0.47,6.63,277.3,8.71,Medium,80.76,B-
2875,18,Male,3.63,3.67,6.52,62.62,RPG,4.56,4.66,283.45,8.79,Medium,55.63,F
2876,21,Male,6.81,3.21,8.76,91,RPG,0.18,8.37,218.45,16.1,Low,53.29,F
2877,20,Male,5.67,9.9,4.5,68.76,FPS,2.13,11.09,267.62,17.31,High,80.13305869729906,B-
2878,17,Female,0.26,1.6,7.99,95.56,Casual,4.31,6.17,313.89,1.57,Medium,63.88,D
2879,24,Male,2.37,8.59,5.67,65.19,RPG,1.26,7.85,318.26,7.92,High,83.33,B
2880,23,Male,6.97,4.2,5.89,84.65,FPS,0.53,10.18,227.85,12.02,Low,41.22,F
2881,18,Male,0.15,4.77,7.54,87.69,RPG,0.64,5.96,322.95,4.02,Medium,84.63,B
2882,23,Female,4.36,8.49,8.65,86.31,FPS,2.02,7.39,275.94,11.22,Medium,90.5,A-
2883,24,Male,5.82,1.82,7.58,72.64,RPG,2.14,7.39,225.14,12.47,Low,29.5,F
2884,18,Female,4.97,4.19,7.88,95.02,RPG,3.59,7.67,278.13,12.6,Medium,58.02,F
2885,18,Female,6.08,9.57,7.75,90.79,FPS,1.19,12.07,254.47,13.43,Low,88.61792038840149,B+
2886,17,Female,5.81,7.29,5.6,80.41,Casual,3.51,9.94,235.34,11.05,High,73.41231660172447,C
2887,23,Male,5.54,7.79,7.78,84.13,RPG,4.99,8.24,257.22,10.53,Low,92.72324036280374,A-
2888,16,Male,6.57,7.82,7.92,82.65,Casual,4.32,10.69,244.8,15.94,Low,84.12232028447713,B
2889,23,Male,5.17,1.55,6.67,97.87,Casual,3.18,8.32,256.62,14.54,Low,42.62,F
2890,22,Male,3.22,2.83,6.68,95.86,RPG,4.7,4.47,275.4,5.35,Medium,64.75,D
2891,22,Male,3.78,5.42,7.8,69.42,FPS,4.96,5.79,273.96,7.2,Medium,65.74,D
2892,18,Female,5.73,4.31,8.09,70.51,Casual,2.85,6.83,259.85,12.24,Low,60.02,D-
2893,16,Male,7.01,4.7,5.69,99.26,RPG,1.37,9.28,244.09,22.05,Low,34.82,F
2894,19,Female,2.18,8.03,8.01,69.46,RPG,4.57,6.88,293.92,5.81,Medium,92.99,A-
2895,24,Male,2.74,1.13,8.07,98.14,FPS,4.22,4.71,289.41,8.39,Medium,57.31,F
2896,20,Female,7.45,6.94,5.17,85.99,RPG,0.42,11.09,229.33,16.36,Low,43.5,F
2897,16,Female,4.63,1,7.58,62,FPS,4.68,9.14,254.71,10.43,Medium,23.97,F
2898,20,Female,1.43,1.57,4.93,73.43,FPS,1.83,5.17,302.27,2.07,Medium,58.82,F
2899,23,Female,5.31,4.67,4.47,79.05,Casual,1.61,6.39,248.93,10.55,Low,49.29,F
2900,23,Female,7.93,8.57,6.87,93.32,RPG,1.72,10.75,214.88,18.97,Low,77.98478069453441,C+
2901,20,Female,6.59,2.3,8.54,73.14,RPG,1.6,9.8,216.73,13.05,Low,32.44,F
2902,24,Male,5.97,5.99,4.18,72.42,RPG,2.58,8.68,244.27,13.49,Low,42.68,F
2903,16,Female,1.66,7.11,8.13,96.81,FPS,2.9,5.39,307.93,3.48,Medium,100,A
2904,19,Male,7.01,3.07,6.53,63.16,Casual,2.13,10.58,248.11,14.97,Low,25.17,F
2905,18,Male,4.21,5.61,8.3,82.06,FPS,2.06,6.15,273.94,6.36,Medium,78.18,C+
2906,17,Male,7.11,9.2,8.22,80.17,Casual,3.69,11.87,221.72,21.24,Low,82.56011356669995,B-
2907,23,Male,2.64,5.61,8.38,62.29,RPG,0.02,4.45,286.77,6.8,Medium,73,C
2908,22,Male,0.5,2.42,7.84,63.51,FPS,4.73,3.79,302.45,1.99,Medium,64.96,D
2909,24,Male,3.81,6.65,8.21,75.28,FPS,3.57,8.59,293.37,12.59,Medium,80.66,B-
2910,17,Male,2.16,6.33,4.88,65.37,Casual,3.54,6.65,290.21,6.38,Medium,73.28,C
2911,19,Female,5.72,1.24,5.52,79.12,RPG,2.11,8.88,246.42,13.94,Low,32.84,F
2912,21,Male,7.66,1.82,5.21,84.36,RPG,4.83,12.6,237.31,20.91,Low,12.63,F
2913,18,Female,5.53,2.41,7.71,87.66,FPS,0,10.1,253.25,16.29,Low,50.25,F
2914,23,Male,7.1,2.23,4.77,81.86,Casual,0.38,10.02,245.52,13.37,Low,19.89,F
2915,18,Female,3.62,3.34,4.91,75.19,FPS,4.02,9.1,265.33,10.01,Medium,53.58,F
2916,17,Female,6.17,5.09,8.39,65.19,RPG,3.69,7.88,246.85,15.75,Low,66.58686502259286,D
2917,18,Female,6.74,4.35,7.53,69.9,FPS,1.36,9.53,244.19,12.71,Low,38.41,F
2918,21,Female,5.69,9.02,8.38,76.78,FPS,2.97,10.18,225.54,13.11,Low,100,A
2919,17,Male,4.06,6.51,4.7,96.96,RPG,2.66,9.42,264.45,10.21,Medium,71.49,C-
2920,23,Other,5.01,8.89,5.99,68.1,FPS,2.64,7.62,253.74,12.33,High,76.49782381203988,C
2921,16,Female,5.6,5.74,5.42,76.53,Casual,2.98,9.41,253.35,14.71,Low,46.88,F
2922,22,Female,2.02,1.81,4.05,89.29,RPG,4.97,3.08,292.66,6.87,Medium,55.47,F
2923,17,Female,6.48,5.17,5.42,88.21,Casual,4.94,9.33,245.2,14.55,Low,52.74,F
2924,21,Male,7.6,8.4,5.9,98.62,FPS,4.91,10.25,226.46,14.44,High,78.15649158375106,C+
2925,17,Female,3.72,2.75,4.46,67.64,FPS,2.74,8.93,286.83,9.34,Medium,37.58,F
2926,17,Male,5.61,1.82,6.83,60.66,RPG,1.59,6.98,273.79,9.79,Low,27.99,F
2927,23,Female,5.9,3.96,5.92,72.89,FPS,2.8,7.21,234.19,11.09,Low,32.77,F
2928,17,Male,5.3,4.5,4.23,65.99,RPG,3.11,8.51,256.65,13.62,Low,37.85,F
2929,22,Female,4.38,3.76,7.52,81.94,RPG,1.56,7.42,278.3,7.41,Medium,59.74,F
2930,18,Male,7.05,2.22,7.65,95.95,Casual,3.16,8.86,228.37,13.9,Low,42.77,F
2931,23,Male,3.59,3.26,8.17,87.53,FPS,3.11,5.91,279.72,10.12,Medium,63.52,D
2932,22,Female,0.49,7.14,6.43,65.43,Casual,4.52,6.36,310.32,5.28,Medium,85.83,B
2933,23,Female,6.76,4.47,8.84,64.64,RPG,1.19,10.33,228.85,13.7,Low,47.87,F
2934,22,Female,5.39,6.69,8.57,96.46,RPG,3.49,6.83,245.15,9.7,Low,82.58,B-
2935,21,Male,6.79,5.83,6.76,79.5,FPS,2.25,8.04,213.81,17.36,Low,58.25,F
2936,22,Male,1.11,5.94,6.22,96.95,RPG,0.65,2.32,308.34,3.57,Medium,88.77,B+
2937,20,Female,0.25,3.24,4.02,89.45,Casual,1.58,3.2,319.32,0.35,Medium,61.25,D-
2938,22,Other,7.47,5.69,7.55,99.73,Casual,0.29,12.8,220.84,17.52,Low,59.82748611356174,F
2939,16,Female,1.18,1.21,6.82,94.85,FPS,1.6,6.34,303.04,7.11,Medium,64.1,D
2940,16,Male,6.48,4.89,8.69,76.57,RPG,0.35,9.32,227.82,12.59,Low,50.98,F
2941,24,Female,6.59,6.15,6.97,90.33,FPS,4.63,11.46,246.25,13.79,Low,56.76,F
2942,20,Male,5.67,2.64,8.96,78.85,Casual,0.51,10.43,247.95,14.16,Low,47.24520354223039,F
2943,20,Female,1.05,3.31,8.27,69.32,RPG,4.09,4.46,315.11,1.1,Medium,73.55,C
2944,18,Male,5.34,2.98,8.77,69.64,Casual,4.53,8.36,252.7,10.84,Low,43.01,F
2945,20,Male,7.11,1.64,5.64,75.89,RPG,2.34,9.01,224.8,14.3,Low,17.31,F
2946,18,Female,3.4,4.13,4.75,64.46,FPS,0.27,5.79,273.84,2.68,Medium,48.62,F
2947,24,Female,3.31,9.81,7.98,67.11,RPG,2.98,6,295.36,8.13,Medium,96.14,A
2948,24,Male,3.54,4.18,7.93,80.02,FPS,1.17,8.6,298.48,10.84,Medium,67.56,D+
2949,21,Male,0.66,5.14,5.06,98.16,FPS,0.88,4.42,297.01,7.1,Medium,67.09,D+
2950,16,Male,7.14,6.88,7.82,83.11,FPS,2.83,9.14,243.38,16.47,Low,57.75,F
2951,22,Female,6.95,6.84,6.91,76.34,Casual,1.78,8.43,225.52,12.59,Low,55.91,F
2952,22,Male,7.98,9.55,4.55,69.71,FPS,3.65,11.46,216.64,16.8,High,64.48548630712503,D
2953,19,Male,4.68,8.72,6.51,67.84,Casual,2.96,9.01,265.93,15.25,Medium,81.51,B-
2954,23,Female,6.01,8.15,8.66,86.34,FPS,4.15,11.1,252.77,15.47,Low,94.06098016059136,A
2955,21,Female,1.62,9.56,6.53,93.93,Casual,0.29,6.61,293.28,7.83,Medium,100,A
2956,19,Female,5.34,3.08,7.94,75.95,Casual,1.17,10.46,262.02,12.09,Low,53.58,F
2957,19,Female,5.2,6.55,4.14,82.03,FPS,2.83,8.44,269.44,11.59,Low,64.31082842886778,D
2958,17,Female,7.21,8.98,7.64,88.27,Casual,4.4,12.54,240.76,16.95,Low,75.51643136050814,C
2959,17,Female,6.65,6.62,8.73,62.33,Casual,4.07,9.87,230.54,16.75,Low,68.91816468504278,D+
2960,19,Female,7.51,9.8,6.5,74.04,FPS,3.4,9.35,225.43,15.08,Low,90.12798407487033,A-
2961,20,Female,6.95,1.9,5.69,89.19,Casual,2.87,9.94,245.35,16.6,Low,32.074743655960816,F
2962,23,Male,6.95,4.95,7.23,87.38,FPS,3.16,9.65,252.11,15.25,Low,53.70876744169692,F
2963,21,Other,0.51,9.8,8.58,62.13,FPS,1.07,3.47,301.17,0.07,Medium,100,A
2964,19,Male,6.77,4.42,4.88,69.51,RPG,2.98,11.06,241.79,15.68,Low,30.57,F
2965,22,Male,4.86,7.66,6.02,87.2,FPS,2.47,9.14,269.02,14.07,Medium,70.81,C-
2966,23,Male,3.04,1.27,4.78,70.86,FPS,1.92,5.16,269.55,7.15,Medium,53.933715912128825,F
2967,17,Male,0.45,7.25,6.48,92.58,Casual,4.44,3.03,324.79,1.53,Medium,97.30683781817638,A
2968,22,Other,5.42,9.41,6.7,61.18,Casual,4.15,9.4,276.11,15.68,Low,90.9531923968591,A-
2969,17,Female,2.63,4.44,8.72,67.61,Casual,0.38,4.05,295.08,6.75,Medium,72.95,C-
2970,17,Female,3.74,1.19,6.06,71.25,RPG,4.93,8.18,280.78,6.94,Medium,34.12,F
2971,23,Female,5.45,1.25,6.83,97.01,Casual,1.15,7.34,247.09,11.27,Low,31.89,F
2972,17,Female,7.29,9.03,8.43,91.85,FPS,1.08,12.54,227.62,17.74,Low,83.9737330656425,B
2973,24,Male,6.6,7.5,5.61,95.37,Casual,4.72,9.61,234.33,15.18,High,73.71816953566093,C
2974,16,Female,3.6,1.96,7.37,77.62,FPS,2.22,5.7,267.96,9.27,Medium,56.1,F
2975,24,Female,3.1,1.49,7.79,92.9,Casual,4.03,7.44,280.38,8.05,Medium,53.2,F
2976,16,Male,1.92,8.24,5.65,94.14,RPG,1.44,5.69,300.05,5.3,High,96.04,A
2977,17,Female,2.98,8.29,4.82,76,Casual,4.37,4.84,275.66,6.92,High,89.16,B+
2978,21,Male,0.89,2.08,6.51,99.78,Casual,4.16,6.03,305.85,5.94,Medium,64.44,D
2979,21,Male,7.77,3.71,5.78,94.05,Casual,2.6,11.04,229.95,15.81,Low,28.61,F
2980,16,Male,4.59,8.02,5.33,98.96,RPG,3.53,6.35,243.75,9.92,High,85.55,B
2981,22,Male,1.02,5.73,8.87,94.66,Casual,4.82,6,317.25,5.03,Medium,98.9715185926912,A
2982,23,Female,2.82,9.61,6.51,91.05,Casual,2.26,4.49,288.29,5.4,Medium,95.54,A
2983,17,Female,4.38,5.33,8.28,97.75,FPS,2.47,10.22,269.71,12.6,Medium,83.05,B
2984,23,Male,4.26,7.09,4.98,76.79,RPG,3.61,7.47,280.44,10.82,High,64.9,D
2985,24,Female,0.28,5.59,8.7,91.33,FPS,1.93,4.92,326.02,-1.26,Medium,92.77,A-
2986,21,Female,7.61,9.49,7.97,68.52,Casual,4.81,10.87,234.75,16.92,Low,73.71778697457705,C
2987,20,Male,2.2,4.59,8.04,89.31,FPS,0.2,4.14,296.4,8.2,Medium,78.37,C+
2988,24,Male,0.13,3.07,5.95,91.41,Casual,2.02,4.92,318.34,5.65,Medium,67.25,D+
2989,24,Other,0.61,3.94,6.43,88.66,RPG,3.57,3.06,306.87,3.81,Medium,75.72,C
2990,16,Female,4.64,8.67,6.97,93.99,FPS,2.15,9.05,254.71,14.03,Medium,94.37,A
2991,18,Other,1.1,5.48,7.95,76.53,Casual,1.3,3.39,310.67,3.04,Medium,86.31,B
2992,24,Male,0.33,4.19,8.25,81.79,FPS,2.07,2.54,319.98,2.9,Medium,79.34,C+
2993,17,Female,3.04,5.9,4.39,60.43,RPG,4.41,6.33,284.93,8.05,Medium,60.65,D-
2994,19,Male,4.98,2.2,8.52,65.84,Casual,2.74,10.06,246.8,13.84,Medium,52.66,F
2995,19,Male,0.89,1.05,8.69,85.77,FPS,1.68,4.96,282.77,7.5,Medium,63.63,D
2996,17,Female,2.51,3.53,6.96,82.49,RPG,3.36,3.83,290.44,7.68,Medium,61.32,D-
2997,18,Male,3.34,6.45,4.93,67.89,Casual,3.06,8.01,261.58,8.33,Medium,56.48,F
2998,18,Male,1.28,7.41,8.09,69.74,Casual,2.8,5.18,307.82,7.67,Medium,100,A
2999,16,Male,4.05,8.44,6.74,73.76,FPS,1.96,8.17,290.89,10.66,Medium,79.09,C+
3000,21,Male,0.68,9.34,8.09,88.66,FPS,0.36,3.45,315.15,4.05,Medium,100,A
3001,23,Female,0.37,4.71,8.07,84.39,RPG,3.1,4.15,311.19,2.16,Medium,85.76,B
3002,18,Female,4.16,7.66,4.43,62.78,RPG,2.1,7.02,259.62,11.22,High,64.23,D
3003,20,Male,1.98,1.67,7.04,90.4,RPG,2.14,3.39,290.47,5.46,Medium,71.86,C-
3004,16,Male,0.76,1.52,6.42,70.51,FPS,1.17,5.98,310.51,6.39,Medium,55.71,F
3005,22,Male,3.39,2.12,8.73,86.87,RPG,1.25,7.78,290.05,7.97,Medium,66.26,D
3006,16,Female,7.32,5.04,5.48,64.93,Casual,3.94,11.67,233.56,18.72,Low,31.17,F
3007,24,Male,5.79,2.9,5.03,99.92,FPS,2.4,7.76,247.6,7.69,Low,43.951731072016074,F
3008,23,Female,6.52,3.58,8.49,63.21,FPS,0.55,10.84,248.49,13.97,Low,44.2,F
3009,22,Male,6.98,6.83,4.74,89.67,RPG,0.23,9.14,251,12.35,Low,44.31,F
3010,22,Male,7.78,4.23,7.43,81.65,FPS,1.12,12.22,229.78,18.45,Low,41.98,F
3011,20,Female,6.11,6.02,5.5,63.44,RPG,2.44,8.78,248.59,15.48,Low,43.21,F
3012,20,Female,4.87,4.71,6.84,61.07,FPS,3.09,6.66,244.96,10.62,Medium,56.15,F
3013,20,Male,2.92,2.52,7.08,74.51,FPS,0.72,8.45,271.34,11.32,Medium,57.69,F
3014,16,Female,1.45,1.67,6.09,92.09,RPG,2.17,2.97,287.7,2.11,Medium,58.66,F
3015,23,Female,5.49,3.13,8.87,61.65,FPS,0.36,10.3,252.21,10.58,Low,53.08,F
3016,16,Female,7.96,1.52,4.66,88.18,Casual,0.19,9.47,216.14,18.12,Low,18.9,F
3017,19,Female,3.74,6.57,5.96,86.22,Casual,4.32,8.16,270.16,12.03,Medium,70.91,C-
3018,24,Female,5.79,8.16,6.15,70.62,RPG,3.29,7.34,242.06,12.57,Low,76.32204055668582,C
3019,24,Other,3.96,4.06,7.16,63.1,RPG,3.91,7.5,264.9,13.33,Medium,56.51,F
3020,20,Male,3.46,4.48,6.04,96.61,FPS,0.91,5.4,259.94,8.91,Medium,71.49,C-
3021,19,Female,3.28,8.35,4.49,72.01,Casual,1.61,8.61,282.84,10.02,High,83.9,B
3022,18,Male,4.04,3,8.74,64.46,RPG,2.22,7.05,278.52,8.72,Medium,54.27,F
3023,18,Male,2.94,2.07,6.08,87.26,FPS,3.29,4.02,285.42,3.81,Medium,53.53,F
3024,20,Male,5.99,5.51,5.71,68.67,FPS,2.67,10.13,251.77,13.52,Low,45.42,F
3025,16,Male,6.99,6.82,6.23,79.03,FPS,2.76,10.22,240.77,18.76,Low,50.52,F
3026,20,Female,7.06,6.4,5.08,62.02,FPS,0.78,12.36,239.53,17.15,Low,37.15,F
3027,21,Female,1.82,7.42,4.5,99.72,RPG,2.37,4.99,306.63,4.44,High,85.71,B
3028,22,Female,7.17,1.51,4.74,77.9,Casual,4.12,10.23,245.87,14.06,Low,17.31,F
3029,24,Male,2.73,4.85,4.83,99.96,Casual,2.55,6,303.02,8.17,Medium,78.39419349277571,C+
3030,18,Male,2.47,3.15,4.99,75.43,RPG,1,7.77,271.1,5.34,Medium,61.35,D-
3031,17,Female,5.81,7.83,6.1,73.91,RPG,2.07,9.74,254.95,14.3,Low,77.47747639876994,C+
3032,18,Male,2.44,8.85,7.12,96.58,FPS,3.77,6.79,278.62,6.13,Medium,100,A
3033,24,Female,0.42,3.53,7.14,73.18,RPG,0.67,5.02,329.02,2.62,Medium,65.44,D
3034,22,Female,2.99,1.86,4,77.28,FPS,2.9,8.68,284.78,10.11,Medium,49.34,F
3035,24,Female,5.77,3.28,8.6,63.12,FPS,4.83,10.96,253.52,12.24,Low,36.8,F
3036,17,Female,2.62,1.94,8.11,98.22,RPG,1.9,8.26,289.73,8.07,Medium,63.35,D
3037,20,Female,5.04,3.9,8.82,63.41,FPS,0.22,7.76,261.62,8.39,Low,53.44,F
3038,19,Male,5.28,5.84,5.8,90.85,FPS,3.17,7.35,273.11,11.37,Low,57.99,F
3039,17,Female,5.87,9.76,7.32,81.54,FPS,0.24,7.89,261.96,13.74,Low,85.34892064554813,B
3040,24,Male,7.18,4.59,4.84,62.46,FPS,0.96,12.47,249.88,18.59,Low,21.05,F
3041,24,Male,3.46,2.98,8.09,60.07,RPG,0.24,8.61,276.53,11.76,Medium,51.76,F
3042,21,Male,1.33,2.5,4.81,97.42,FPS,0.85,5.58,282.79,6.1,Medium,65.14,D
3043,21,Female,2.55,2.56,5.63,89.69,FPS,4.27,3.86,296.87,4.94,Medium,58.17,F
3044,23,Male,3.46,2.73,6.45,87.46,FPS,3.67,6.05,267.32,4.59,Medium,52.92,F
3045,21,Male,5.71,7.86,6.97,77.54,FPS,1.71,10.38,247.86,15.74,Low,75.35149360478843,C
3046,16,Male,0.1,1.55,6.8,69.54,Casual,4.49,2.34,318.18,0.27,Medium,52.09,F
3047,19,Female,2.53,9.98,4.51,87.19,FPS,3.33,6.65,289.66,4.23,High,100,A
3048,22,Female,6.24,5.7,6.11,84.33,FPS,2.24,9.95,251.56,18.08,Low,53,F
3049,17,Female,5.37,5.9,8.61,89.05,RPG,0.34,7.68,246.33,11.77,Low,73.56,C
3050,24,Female,5.85,4.22,8.36,74.63,FPS,3.65,11.52,256.07,15.51,Low,50.14,F
3051,23,Male,6.49,7.21,6.95,99.48,RPG,1.88,8.77,240.22,14.58,Low,76.48063962776587,C
3052,23,Male,6.27,5.24,6.86,62.68,FPS,1.51,11.74,270.78,15.25,Low,46.19,F
3053,22,Female,5.46,3.96,4.56,63.19,Casual,1.44,9.16,238.58,12,Low,38.04,F
3054,19,Male,3.52,3.39,5,96.68,Casual,0.04,4.98,279.03,6.6,Medium,51.7,F
3055,17,Male,7.87,9.33,5.26,85.91,RPG,3.71,13.04,231.71,22.78,High,66.85916312853499,D
3056,18,Male,4.55,3.62,6.44,73.05,Casual,0.73,9.51,261.29,8.66,Medium,43.86,F
3057,21,Female,1.62,4.93,7.66,90.48,RPG,2.6,6.77,294.82,4.95,Medium,88.19547453164512,B+
3058,20,Male,2.34,4.15,6.3,78.11,Casual,0.08,6.53,305.17,4.99,Medium,63.64,D
3059,23,Female,5.55,1.78,4.63,60.84,RPG,3.14,10.11,261.81,14.42,Low,17.1,F
3060,21,Male,7.4,2.67,6.2,86.04,FPS,1.85,12.94,223.21,16.74,Low,30.37,F
3061,21,Female,1.43,2.71,4.81,69.72,FPS,3.15,3.07,288.01,2.68,Medium,58.15,F
3062,16,Male,0.66,7.24,7.76,64.61,FPS,0.45,2.08,317.96,3.31,Medium,99.12,A
3063,19,Male,7.05,4.66,4.83,69.01,RPG,1.33,8.68,238.63,18.79,Low,41.94590701798832,F
3064,20,Male,7.32,8.04,6.41,79.05,FPS,0.55,12.67,237.87,15.65,Low,68.83284538115231,D+
3065,18,Female,2.21,7.38,7.47,61.99,RPG,3.23,6.02,292.17,3.22,Medium,81.58381206586522,B-
3066,24,Male,3.02,2.73,5.14,95.33,FPS,0.54,4.9,292.35,7.11,Medium,57.03,F
3067,16,Female,5.28,6.07,4.38,82.4,Casual,3.09,6.99,272.64,13.09,Low,60.12,D-
3068,21,Female,2.64,7.69,6.82,71.72,RPG,0.67,5.87,303.62,6.46,Medium,89.52,B+
3069,21,Female,7.02,6.7,4.27,87.48,RPG,4.72,12.1,227.57,17.85,Low,48.07,F
3070,20,Male,0.86,6.4,6.94,92.17,RPG,2.08,5.89,334.68,3.14,Medium,90.98,A-
3071,20,Male,0.3,7.66,7.77,84.56,Casual,0.63,5.56,322.98,8.01,Medium,96.19,A
3072,20,Male,1.67,1.51,5.65,68.1,FPS,0.21,6.51,285.7,6.99,Medium,55.9,F
3073,21,Female,2.29,7.58,6.44,64.41,FPS,1.65,3.6,296.89,4.27,Medium,82.66,B-
3074,23,Female,0.9,3.45,8.64,94.4,Casual,4.46,5.5,311.5,2.6,Medium,83.43,B
3075,17,Female,0.53,6.15,6.36,69.39,Casual,0.72,4.12,312.47,3.4,Medium,79.45,C+
3076,21,Female,6.04,3.18,8.98,60.8,RPG,3.95,10.67,245.49,15.74,Low,53.55,F
3077,16,Male,1.31,8.55,4.79,85.72,FPS,2.09,4.73,311.3,1.71,High,99.37,A
3078,19,Male,7.31,5.33,7.54,66.12,FPS,4.01,10.73,239.34,16.35,Low,40.55,F
3079,18,Female,2.94,6.79,7.26,99.64,FPS,4.37,4.57,278.85,8.18,Medium,83.91,B
3080,24,Male,5.36,8.15,8.36,94.79,Casual,4.99,10.89,250.32,14.15,Low,95.80271171044356,A
3081,18,Male,1.8,9.06,4.46,84.34,FPS,0.34,4.67,292.65,6.28,High,100,A
3082,21,Female,1.92,7.59,5.4,93.35,RPG,3.98,5.83,295.21,8.78,High,91.91,A-
3083,16,Male,4.6,2.34,4.66,78.82,Casual,0.35,6.64,273.66,4,Medium,34.34,F
3084,21,Female,4.49,8.69,8.67,91.54,FPS,1.57,7.33,278.15,10.84,Medium,100,A
3085,19,Female,6.15,6.57,6.13,85.86,FPS,3.23,11.5,244.06,10.27,Low,53.73,F
3086,23,Female,6.06,6.49,8.55,61.15,FPS,2.24,8.11,258.27,13.05,Low,60.2,D-
3087,24,Male,5.37,9.29,5.47,97.95,RPG,2.83,7.4,259.98,14.35,High,94.89047495646707,A
3088,19,Male,3.59,3.24,4.63,94.44,FPS,4.83,5.89,278.25,8.07,Medium,47.65,F
3089,21,Female,7.13,3.16,5.48,98.14,FPS,4.09,11,253.12,14.33,Low,33.9,F
3090,16,Male,4.98,5.62,6.99,89.25,FPS,1.82,8.58,263.53,13.41,Medium,60.11,D-
3091,19,Male,7.92,7.76,8.23,76.48,FPS,3,9.8,223.61,17.06,Low,62.60290459944551,D-
3092,22,Male,6.55,5.03,5.93,68.28,FPS,0.24,11.01,249.76,15.71,Low,42.68,F
3093,16,Male,0.35,6.71,8.57,67.2,FPS,2.26,5.89,303.49,7.78,Medium,94.22,A
3094,23,Male,2.56,5.07,5.22,65.8,FPS,3.04,4.55,287.09,3.1,Medium,59.67278645960547,F
3095,21,Female,4.58,6.49,7.47,68.82,Casual,3.57,8.94,267.66,10.07,Medium,55.93,F
3096,20,Male,5.77,8.4,7.68,82.03,FPS,4.51,9.7,257.95,14.26,Low,87.93724714382297,B+
3097,24,Male,4.4,2.62,5.37,87.35,RPG,1.42,7.04,269.61,12.56,Medium,57.99048686466973,F
3098,17,Female,6.29,7.26,4.13,72.56,RPG,4.51,10.38,231.63,12.7,High,58.78210018345473,F
3099,20,Other,2.26,8.09,5.83,81.95,Casual,3.31,4.31,284.03,4.72,High,88.51,B+
3100,21,Male,1.47,5.02,4.23,73.65,FPS,0.39,6.64,298.05,5.39,Medium,74.96399576772056,C
3101,22,Male,0.43,3.91,8.5,87.86,FPS,1.9,1.54,317.26,1.11,Medium,82.72,B-
3102,20,Female,4.59,1.12,8.77,99.54,Casual,2.38,8.43,251.95,12.49,Medium,54.92,F
3103,24,Female,5.51,8.17,7.68,87.56,Casual,1.76,8.1,267.97,12.21,Low,87.86319129292771,B+
3104,16,Female,2.61,3.95,7.63,62.36,FPS,0.58,8.02,291.81,9.22,Medium,66.36,D
3105,22,Female,4.91,4.22,5.2,79.09,FPS,2.76,8.41,263.94,9.16,Medium,54.66,F
3106,22,Male,0.42,4.02,4.37,90.82,Casual,0.66,5.43,313.23,3.63,Medium,63.47,D
3107,19,Female,0.79,5.49,8.01,81.69,FPS,4.58,6.41,296.09,4.46,Medium,87.16,B+
3108,24,Male,5.61,7.32,6.8,98.04,Casual,4.33,8.28,253.59,14.24,Low,77.39891483509163,C+
3109,20,Female,2.94,7.95,7.41,62.19,Casual,2.38,8.34,292.2,13.62,Medium,83.95,B
3110,19,Female,5.37,4.53,7.9,71.65,FPS,0.34,10,254.03,14.97,Low,54.88,F
3111,22,Other,6.65,6.97,6.05,68.83,Casual,2.76,8.19,250.89,12.66,Low,55.552842476788875,F
3112,19,Male,6.82,7.49,4.72,90.7,RPG,2.96,8.34,237.54,15.67,High,61.441686813838615,D-
3113,18,Male,1.38,3.67,7.98,80.95,Casual,4.44,6.47,310.4,5.2,Medium,73.45,C
3114,24,Female,3.89,1.87,6.27,65.53,RPG,0.34,7.23,272.21,8.77,Medium,42.83,F
3115,23,Female,5.87,9.05,8.13,71.42,FPS,3.46,9.35,253.35,12.42,Low,81.58429059016586,B-
3116,16,Female,6.19,7.09,6.19,80.91,Casual,2.81,11.65,254.4,13.95,Low,78.37433301332348,C+
3117,22,Male,6.28,6.83,5.09,99.85,FPS,0.87,11.8,233.84,13.03,Low,66.41104330405358,D
3118,24,Male,1.83,1.53,4.86,74.57,Casual,0.61,3.39,304.51,1.85,Medium,55.58,F
3119,23,Female,1.54,8.36,7.72,66.27,RPG,3.47,4.41,312.06,5.83,Medium,100,A
3120,23,Male,4.72,6.09,6.87,79.88,FPS,1.7,10.2,285.26,11.47,Medium,68.71,D+
3121,21,Female,5.93,8.63,6.02,72.41,FPS,5,11.03,249.55,14.77,Low,75.34655098184277,C
3122,19,Male,2.55,9.77,6.46,82.64,Casual,4.47,7.16,268.41,5.67,Medium,100,A
3123,23,Female,0.84,9.61,6.75,78.67,FPS,2.83,2.35,292.11,3.59,Medium,100,A
3124,18,Female,5.73,8.7,5.2,87.58,Casual,3.21,9.84,242.37,12.11,High,85.20607497088425,B
3125,24,Female,2.4,1.1,5.89,96.57,FPS,0.79,6.31,304.02,4.08,Medium,52.33,F
3126,17,Male,1.33,8.97,5.46,68.02,RPG,4.47,3.17,326.01,6.72,High,96.83,A
3127,17,Female,1.18,1.68,5.94,92.85,Casual,2.29,6.05,301.78,5.21,Medium,62.02,D-
3128,22,Male,2.52,8.66,6.5,97.97,FPS,2.61,5.08,290.29,5.7,Medium,100,A
3129,19,Female,4.74,3.52,4.87,74.94,FPS,4.37,8.84,237.31,11.15,Medium,40.43,F
3130,23,Male,2.87,6.49,5.97,64.55,Casual,0.03,5.68,292.07,6.43,Medium,70.39,C-
3131,24,Male,0.17,1.34,5.93,92.88,RPG,2.47,1.59,319.3,2.04,Medium,54.22,F
3132,22,Male,0.78,7.94,5.43,88.04,Casual,3.13,4.4,308.14,0.28,High,100,A
3133,20,Male,2.32,2.01,8.99,68.51,Casual,0.8,4.85,282.52,2.29,Medium,61.29,D-
3134,23,Other,5.28,4.7,4.37,77.81,RPG,0.34,6.64,253.12,11.47,Low,42.36,F
3135,19,Male,0.79,8.36,7.21,83.12,Casual,2.67,2.78,297.07,-0.91,Medium,97.34,A
3136,17,Female,4.49,7.26,4.87,66.79,RPG,2.74,8.58,257.51,7.21,High,75.73,C
3137,21,Other,0.96,1.05,8.2,88.6,RPG,1.65,2.47,295.77,4.48,Medium,48.72,F
3138,24,Male,1.69,4.63,8.57,87.6,FPS,4.41,3.13,289.55,4.43,Medium,85.15,B
3139,16,Female,1.38,1.38,6.01,95.49,Casual,1.51,7.1,291.89,5.98,Medium,60.31,D-
3140,22,Male,0.54,7.06,8.12,82.69,Casual,2.58,2.08,319.29,-0.39,Medium,100,A
3141,24,Male,5.37,9.72,5.25,82.97,FPS,0.93,8.25,244.06,14.96,High,92.4104295367639,A-
3142,24,Male,3.71,6.9,4.7,84.78,RPG,0.06,5.38,274.96,10.27,Medium,72.25,C-
3143,18,Female,6.65,3.02,5.58,70.95,FPS,2.13,12.35,229.28,13.43,Low,25.22,F
3144,20,Male,0.79,4.2,5.71,90.34,RPG,2.63,4.2,299.99,3.07,Medium,82.96,B-
3145,23,Female,1.16,9.79,5.99,86.5,Casual,3.82,2.72,295.16,2.28,High,100,A
3146,23,Female,2.45,3.02,5.86,93.57,FPS,2.24,7.29,300.38,7.23,Medium,58.71,F
3147,19,Female,6.13,6.05,6.06,90.74,Casual,1.39,11.03,244.61,16.89,Low,60.93,D-
3148,16,Male,2.45,4.6,7.55,85.54,FPS,3.02,7.96,283.13,6.89,Medium,74.56,C
3149,16,Female,3.27,7.91,5.23,66.44,RPG,1.91,7.8,270.72,10.77,High,85.62,B
3150,19,Female,2.41,8.81,4.09,96.77,RPG,1.17,3.68,277.64,1.99,High,97.53,A
3151,21,Female,0.64,4.07,6.45,74.69,FPS,4.55,4.39,305.14,1.92,Medium,73.07,C
3152,23,Female,7.52,6.94,6.24,98.57,RPG,2.68,10.44,215.39,15.7,Low,53.74,F
3153,21,Female,4.39,5.94,4.3,76.07,Casual,1,9.13,262.97,10.07,Medium,54.09,F
3154,24,Male,6.3,3.51,4.67,65.84,FPS,3.35,10.25,237.32,14.62,Low,32.28,F
3155,24,Male,5.27,3.45,6.55,95.39,FPS,4.02,9.9,248.97,13.17,Low,58.58,F
3156,17,Male,4.11,5.85,5.17,91.8,RPG,3.79,6.01,283.06,9.63,Medium,65.2,D
3157,16,Male,0.72,2.39,8.39,91.45,Casual,3,3.91,308.92,4.81,Medium,76.36,C
3158,17,Male,5.14,8.3,4.87,63.58,Casual,2.6,8.3,256.5,13.33,High,73.26297762971119,C
3159,20,Male,1.24,1.62,4.1,95.17,FPS,3.89,7.14,317.94,2.43,Medium,61.36,D-
3160,19,Male,3.32,1.85,6.24,83.86,Casual,3.54,4.42,266.57,7.49,Medium,45.23,F
3161,19,Other,5.03,4.08,8.93,78.81,RPG,2.86,10.11,254.77,11.38,Low,63.5,D
3162,24,Male,6.26,2.06,7.17,96.53,FPS,3.29,7.75,229.39,14.9,Low,49.89,F
3163,23,Female,5.48,5.28,5.77,86.64,Casual,0.84,6.88,254.94,14.25,Low,55.57,F
3164,21,Female,5.37,4.6,4.08,65.32,FPS,0.1,8.01,261.63,13.74,Low,40.9,F
3165,16,Female,1.19,7.5,6.42,80.78,Casual,4.66,5.69,281.47,8.44,Medium,99.21,A
3166,17,Female,2.77,9.58,5.03,85.46,Casual,4.68,7.16,295.36,9.24,High,96.79,A
3167,21,Male,0.34,7.78,7.24,95.94,RPG,3.94,4.48,319.03,4.75,Medium,98.24,A
3168,17,Male,5.76,2.62,6.92,71.2,RPG,1.86,10.63,251.24,12.37,Low,47.35,F
3169,20,Male,7.62,9.42,5.33,91.77,RPG,0.75,9.78,216.14,16.27,High,70.75083125593463,C-
3170,20,Male,2.11,4.53,4.34,91.99,FPS,1.79,6.28,302.4,7.68,Medium,68.73,D+
3171,21,Female,0.7,5.27,7.78,65.12,Casual,3.63,4.89,328.43,4.07,Medium,81.55,B-
3172,21,Female,3.8,4.79,6.93,60.69,Casual,1.68,8.07,270.33,7.91,Medium,64.57,D
3173,21,Male,6.85,3.52,8.21,83.26,RPG,3.98,10.82,234.63,13.84,Low,40.57,F
3174,17,Male,4.42,9.06,5.3,91.58,Casual,3.37,6.53,267.19,6.27,High,77.91,C+
3175,18,Male,0.37,3.99,7.26,82.18,RPG,3.15,5.94,311.57,4.27,Medium,76.6,C
3176,21,Male,7.79,6.21,4.59,92.53,RPG,4.65,13.67,224.74,16.46,Low,42.29,F
3177,23,Female,6.63,3.16,5.46,84.89,RPG,4.47,11.08,250.72,16.83,Low,30.39,F
3178,16,Male,1.05,8.18,7.28,86.13,FPS,3.56,4.27,306.74,5.16,Medium,100,A
3179,16,Female,7.37,7.97,8.13,61.13,Casual,1,11.06,234.46,17.03,Low,75.40025136887873,C
3180,17,Male,3.61,3.67,5.6,63.54,Casual,4.69,5.15,297.01,8.78,Medium,45.13,F
3181,21,Male,2.98,7.13,7.99,89,Casual,1.14,5.8,298.88,9.41,Medium,96.05,A
3182,24,Female,3.69,7.33,7.39,90.51,RPG,1.86,9.57,265.25,12.62,Medium,84.95,B
3183,19,Female,6.68,6.06,5.74,81.69,Casual,4.13,10.42,257.28,10.77,Low,51.78,F
3184,18,Other,5.28,6.41,8.38,83.61,RPG,1.04,9.08,270.41,13.87,Low,66.99,D
3185,23,Female,0.47,6.17,6.55,84.57,RPG,3.19,6.24,329.3,4.8,Medium,94.71,A
3186,24,Male,7.66,1.74,7.24,64.2,Casual,2.29,13.09,221.83,18.63,Low,18.6,F
3187,20,Male,1.18,7.03,6.48,86.72,RPG,3.12,5.02,307.96,5.23,Medium,99.62,A
3188,24,Female,5.96,5.23,6.26,79.14,RPG,4.79,8.3,244.56,12.46,Low,44.61,F
3189,17,Female,5.09,4.95,8.24,84.1,FPS,4.04,6.67,260.13,6.18,Low,61.17,D-
3190,18,Female,1.5,8.74,5.47,82.53,Casual,1.48,6.82,319.52,4.45,High,100,A
3191,22,Male,1.37,1.21,4.18,90.52,FPS,0.29,6.97,304.96,1.88,Medium,47.52,F
3192,22,Other,6.96,3.26,8.4,72.74,FPS,4.84,10.43,219.28,12.35,Low,35.12,F
3193,21,Male,3.36,2.09,8.13,74.94,FPS,2.93,4.83,275.95,9.59,Medium,59,F
3194,21,Female,5.24,1.32,5.83,75.66,RPG,0.87,9.27,250.57,11.41,Low,26.92,F
3195,17,Female,4.03,3.48,4.93,90.5,FPS,3.14,6.87,289.54,10.02,Medium,53.44,F
3196,21,Male,5.82,9.9,7.38,77.24,Casual,0.21,7.61,242.03,12.54,Low,88.01483038128572,B+
3197,19,Female,3.83,3.43,4.39,67.08,FPS,0.94,9.43,269.97,13.14,Medium,46.28,F
3198,18,Male,2.3,6.97,6.12,99.32,Casual,3.16,4.5,288.67,5.85,Medium,83.52,B
3199,17,Other,2.91,2.06,4.43,79.74,FPS,2.01,7.47,301.08,6.9,Medium,47.04,F
3200,16,Male,6.87,6.42,6.99,64.37,FPS,1.63,10.02,247.16,18.28,Low,60.59,D-
3201,20,Female,3.74,9.86,4.14,86.81,Casual,3.28,8.88,280.8,9.05,High,84.62,B
3202,17,Male,1.71,3.63,7.15,89.57,FPS,4.33,6.21,301.81,6.5,Medium,74.47,C
3203,17,Female,7.48,8.63,7.37,80.01,FPS,3.39,9.1,232.39,16.77,Low,75.59580932162652,C
3204,22,Female,6.37,9.98,6.44,85.86,Casual,2.32,9.62,244.32,11.88,Low,93.90695578050536,A
3205,23,Male,0.45,6.3,4.88,66.91,FPS,3.29,2.75,335.15,3.89,Medium,70.94,C-
3206,23,Male,7.99,3.78,4.51,74.72,FPS,3.48,12.56,211.45,20.97,Low,19.66,F
3207,19,Female,5.56,7.06,5.57,66.47,FPS,3.88,9.28,225.63,10.71,High,68.47404140141421,D+
3208,16,Male,1.28,8.6,6.33,75.49,FPS,1.54,3.98,309.07,3.97,Medium,100,A
3209,22,Female,1.9,2.54,7.21,82.51,FPS,0.57,4.55,311.23,7.8,Medium,65.24,D
3210,16,Male,5.54,5.07,4.01,77.7,Casual,3.41,7.11,255.38,8.61,Low,48.03,F
3211,19,Female,6.24,3.87,7.56,83.73,FPS,0.61,8.31,225.32,14.77,Low,42.46,F
3212,23,Male,1.91,3.55,7.56,80.07,FPS,2.31,6.48,304.54,3.61,Medium,68.43,D+
3213,17,Male,2.06,8.75,6.22,72.71,Casual,1.15,6.11,284.63,5.51,Medium,89.4,B+
3214,21,Male,2.46,4.79,5.72,65.74,RPG,1.66,5.24,277.64,5.89,Medium,67.95,D+
3215,21,Male,4.78,4.05,8.21,70.11,FPS,2.35,9.96,252.86,9.79,Medium,55.96,F
3216,24,Male,1.37,6.43,7.92,68.03,RPG,4.48,4.79,287.47,2.63,Medium,89.64,B+
3217,20,Female,0.83,2.97,8.92,88.3,FPS,3.4,5.8,312.07,4,Medium,78.14,C+
3218,19,Female,5.43,3.07,5.86,92.8,RPG,0.86,10.34,248.36,16.07,Low,46.83,F
3219,20,Female,6.23,5.68,8.53,88.82,RPG,4.4,11.47,231.94,16.04,Low,78.57748494135171,C+
3220,20,Female,4.01,4.68,4.44,85.75,Casual,2.5,9.26,295.68,7.37,Medium,57.26,F
3221,23,Male,2.91,3.65,6.06,72.31,FPS,1.02,7.31,279.77,8.95,Medium,67.7,D+
3222,23,Female,3.46,1.49,6.33,88.44,Casual,2.64,8.21,279,9.38,Medium,51.58,F
3223,17,Male,3.11,5.69,6.2,84.2,FPS,0.95,7.99,298.22,7.39,Medium,79.14864479018888,C+
3224,22,Female,7.68,8.35,7.13,61.88,RPG,1.84,9.53,234.61,15.41,Low,66.9802670376812,D
3225,23,Male,6.14,8.66,4.85,96.3,FPS,4.03,8.64,265.4,14.53,High,79.51605957912174,C+
3226,21,Male,1.66,3.12,8.33,63.2,RPG,3.29,3.18,293.12,0.94,Medium,77.53,C+
3227,20,Male,3.07,6.4,6.76,80.11,RPG,2.39,5.02,293.63,5.82,Medium,82.4,B-
3228,24,Female,4.35,8.7,8.52,80.52,Casual,1.13,9.24,272.71,8.85,Medium,92.86,A-
3229,18,Male,4.9,4.68,4.01,93.48,Casual,1.41,10.64,271.15,11.07,Medium,56.975445103096256,F
3230,19,Female,3.75,9.39,7.15,96.52,RPG,4.89,8.12,283.44,10.34,Medium,100,A
3231,24,Male,6.48,9.13,6.06,97.59,FPS,1.71,11.91,234.52,15.77,Low,77.15197132714061,C+
3232,21,Female,6.14,2.87,6.53,82.79,RPG,3.08,8.73,274.55,14.92,Low,36.93,F
3233,23,Female,4.04,3.33,7.72,87.16,Casual,2.5,9.27,248.91,6.19,Medium,54.87,F
3234,22,Male,6.84,2.62,5.14,63.54,FPS,0.12,9.53,229.28,14.49,Low,21.86,F
3235,17,Female,6.01,2.76,5.02,79.52,RPG,4.72,11.48,254.69,14.54,Low,35.2,F
3236,18,Female,6.23,9.17,7.52,95.91,FPS,0.44,11.22,248.15,11.68,Low,93.02795549720352,A
3237,16,Female,7.65,9.38,6.61,78.23,FPS,3.29,13.57,229.54,16.88,Low,77.30128940217016,C+
3238,24,Female,2.13,1.47,5.17,62.78,FPS,4.06,7.27,301.6,6.79,Medium,40.69,F
3239,22,Female,2.14,6.34,6.42,68.03,Casual,3.74,5.13,285.89,6.42,Medium,83.87,B
3240,16,Female,7.11,6.08,6.3,77.18,FPS,4.05,8.66,243.08,15.69,Low,51.85,F
3241,18,Male,6.18,4.51,7.46,69.5,FPS,3.7,11.55,244.55,11.1,Low,41.72,F
3242,19,Female,7.41,6.69,4.01,75.69,Casual,2.23,11.27,245.09,15.49,Low,39.82,F
3243,19,Male,0.51,9.53,6.93,73.32,RPG,4.48,5.8,310.83,0.61,Medium,100,A
3244,20,Male,5.02,2.53,7.03,72.76,Casual,4.56,7.96,264.44,11.5,Low,41.61,F
3245,18,Female,1.16,2.08,7.73,63.65,FPS,2.18,2.3,312.45,2.03,Medium,58.17,F
3246,18,Male,4.03,1.3,8.45,95.31,RPG,2.42,5.29,280.69,7.44,Medium,43.74,F
3247,16,Male,1.25,4.27,6.2,87.71,FPS,2.43,5.6,305.37,11.01,Medium,79.8,C+
3248,22,Female,1.02,4.04,5.71,84.94,RPG,1.39,2.59,304.89,0.72,Medium,67.04,D+
3249,16,Female,0.1,4.88,4.51,84.26,RPG,0.57,4.83,311.05,2.53,Medium,69.92,D+
3250,17,Female,5.04,5.53,5.68,75.86,RPG,1.31,8.14,264.38,12.59,Low,65.65029842634154,D
3251,19,Female,2.87,7.82,4.34,92.93,RPG,4.22,6.69,266.59,8.37,High,84.51,B
3252,19,Female,0.84,4.53,8.01,97.2,Casual,2.72,5.85,313.01,5.34,Medium,91.725265464681,A-
3253,20,Male,2.58,3.98,8.04,60.22,RPG,4.25,4.85,292.87,7.01,Medium,70.3,C-
3254,17,Male,1.35,8.44,6.09,63.17,RPG,3.73,4.41,322.54,3.57,Medium,98.44,A
3255,19,Female,7.53,8.65,5.3,87,FPS,1.74,12.18,223.03,17.41,High,70.16128773159791,C-
3256,16,Male,2.56,3.09,4.59,69.44,Casual,0.93,8.15,291.16,6.6,Medium,57.15,F
3257,17,Female,2.67,3.83,8.26,96.47,FPS,2.84,5.12,289.55,5.08,Medium,78.67,C+
3258,16,Female,6.72,8.43,8.39,86.7,RPG,4.68,10.83,228.3,12.86,Low,77.2746708938854,C+
3259,19,Male,5.18,1.71,5.33,74.73,FPS,4.2,10.94,257.78,14.82,Low,20.16,F
3260,19,Female,5.68,3.93,7.11,76.61,Casual,3.82,9.92,238.42,15.69,Low,49.05,F
3261,22,Female,5.09,5.04,5.29,87.64,Casual,3.82,10.55,268.55,11.74,Low,52.2,F
3262,24,Male,7.57,2.68,5.13,65.64,FPS,2.64,13.27,235.07,17.84,Low,14.74,F
3263,24,Other,1.66,2.62,4.11,95.34,Casual,0.85,7.31,304.4,9.34,Medium,60.3,D-
3264,20,Female,7.91,4.82,6.89,60.19,FPS,1.43,12.7,218.71,20.46,Low,19.05,F
3265,16,Male,6.65,7.79,4.75,99.16,FPS,2.89,10.41,254.39,16.96,High,67.49452948807517,D+
3266,16,Female,4.71,8.56,4.06,66.71,Casual,1.58,6.19,252.63,10.7,High,61.66,D-
3267,21,Female,5.3,9.81,4.52,89.68,FPS,3.91,7.41,256.9,10.4,High,87.36057937284542,B+
3268,17,Female,5.19,1.67,5.57,61.6,FPS,1.87,7.47,246.03,10.49,Low,24.24,F
3269,23,Female,0.47,2.95,7.35,77.26,RPG,0.57,1.64,312.53,2,Medium,69.95,D+
3270,24,Female,1.74,7.81,5.01,85.21,Casual,3.91,3.25,311.83,5.11,High,94.37,A
3271,19,Male,7.69,5.87,8.44,62.81,FPS,3.49,10.16,232.44,14.68,Low,47.48,F
3272,20,Female,4.27,3.95,5.44,77.73,FPS,1.27,5.72,259.55,11.76,Medium,39.14,F
3273,23,Female,3.03,2.85,5.66,72.13,FPS,4.91,4.88,278.42,9.8,Medium,57.94,F
3274,18,Male,6.1,3.52,5.09,79.93,FPS,2.02,7.37,243.01,14.42,Low,27.17,F
3275,20,Male,4.2,4.86,5.27,80.18,FPS,3.4,7.28,261.26,12.95,Medium,57.01,F
3276,18,Other,0.11,2.59,4.37,91.41,Casual,4.55,5.22,321.41,4.05,Medium,56.23,F
3277,18,Female,5.89,9.68,5.47,64.94,FPS,0.78,10.95,271.16,14.86,High,80.6085841346127,B-
3278,18,Female,5.86,1.97,8.3,63.31,RPG,4.4,11.38,244.09,14.58,Low,26.49,F
3279,22,Female,1.32,9.87,7.44,76.08,Casual,3.52,6.05,323.46,4.37,Medium,100,A
3280,22,Female,7.65,8.58,8.38,95.5,RPG,0.84,9.87,228.16,16.4,Low,77.66253608932311,C+
3281,22,Female,1.79,4.81,4.52,94.21,FPS,3.32,6.3,301.74,3.75,Medium,77.92,C+
3282,23,Female,3.66,7.66,6.28,82.4,RPG,4.37,8.43,278.69,9.54,Medium,84.23380926096776,B
3283,20,Male,0.92,7.04,5.15,95.55,Casual,4,4.64,292,1.36,High,98.04,A
3284,20,Female,4.83,2.92,7.61,92.21,FPS,3.8,9.87,266.59,10.58,Medium,47.53,F
3285,19,Female,3,4.05,8.85,71.12,FPS,0.81,4.36,259.68,9.14,Medium,57.49,F
3286,22,Female,2.83,5.62,8.08,66.8,FPS,0.95,6.8,288.13,10.01,Medium,83.37,B
3287,19,Female,6.62,6.74,4.18,72.05,RPG,2.74,10.02,242.19,13.27,Low,38.83,F
3288,17,Female,0.08,5.89,5.58,69.08,FPS,2.9,5.11,303.69,4.42,Medium,77.99,C+
3289,19,Male,6.38,5.26,4.14,84.91,Casual,4.72,8.02,244.09,12.4,Low,49.15,F
3290,23,Male,4.57,4.99,4.2,83.4,RPG,2.34,6.63,262.23,8.84,Medium,59.34114857997725,F
3291,24,Male,7.89,5.48,4.4,83.94,RPG,1.51,11.68,223.78,20.46,Low,40.11691373894256,F
3292,18,Male,4.72,4.91,5.38,67.57,Casual,0.95,10.46,261.92,10.12,Medium,54.82,F
3293,22,Other,0.44,5.87,5.52,91.67,FPS,0.27,1.86,308.83,-1.98,Medium,84.37,B
3294,24,Male,0.41,8.99,6,77.35,Casual,0.34,5.13,315.84,1.85,Medium,100,A
3295,19,Male,7.07,6.7,6.02,78.9,RPG,2.87,9.1,243.82,13.95,Low,53.88,F
3296,18,Female,6.73,7.5,7.86,99.88,RPG,0.88,8.26,236.85,13.48,Low,75.9995902669371,C
3297,20,Female,2.77,6.38,4.71,71.29,FPS,4.26,5.74,286.26,3.58,Medium,72.95,C-
3298,16,Male,4.94,6.79,4.79,75.77,RPG,2.98,8.86,267.21,12.54,Medium,60.5,D-
3299,18,Female,3.92,6.21,7.13,87.06,RPG,4.32,9.06,295.66,14.2,Medium,76.23,C
3300,23,Female,7.74,1.24,6.86,95.22,RPG,2.14,11.91,225.19,18.17,Low,22.04,F
3301,23,Male,7.6,10,4.77,65.07,FPS,2.98,11.06,211.78,16.49,High,75.02480268624527,C
3302,19,Male,7.87,1.3,8.26,89.4,FPS,2.63,10.3,216.59,18.29,Low,18.69,F
3303,17,Female,6.93,4.56,5.65,96.73,RPG,4.93,9.39,242.86,15.24,Low,49.02,F
3304,23,Female,7.28,1.95,5.83,76.92,RPG,3.98,12.13,247.77,17.1,Low,25.03,F
3305,23,Female,1.74,1.87,6.1,71.47,RPG,2.98,3.31,289.66,4.1,Medium,54.31,F
3306,19,Male,6.65,8.14,5.61,87.11,RPG,3.03,8.38,239.77,14.6,High,83.53725521458709,B
3307,18,Male,5.67,4.83,6.79,69.84,FPS,1.24,10.27,252.15,12.82,Low,49.22,F
3308,17,Female,7.7,8.21,5.94,75.37,FPS,3.67,13.51,219.91,15.05,High,66.00177190899166,D
3309,24,Male,4.57,3.46,5.3,95.88,RPG,4.91,6.17,280.51,13.64,Medium,48.88,F
3310,16,Male,0.68,3.31,8.52,83.61,RPG,0.65,4.73,323.48,4.44,Medium,82,B-
3311,22,Female,4.78,3.26,5.54,63.8,RPG,3.19,6.98,266.08,9.26,Medium,37.73,F
3312,20,Male,5.49,6.55,7.49,73.19,Casual,2.59,6.62,249.92,12.25,Low,66.29,D
3313,23,Female,1.76,8.33,5.74,85.09,Casual,4.25,6.92,308.44,3.84,High,85.7,B
3314,19,Female,3.15,5.07,6.18,79.26,FPS,0,6.69,287.34,8.83,Medium,65.38,D
3315,22,Male,4.79,4.41,5.18,86.41,RPG,0.68,5.91,258.15,11.63,Medium,49.31,F
3316,20,Female,2.99,9.76,7.76,90.46,RPG,0.19,8.47,293.83,10.79,Medium,96.94,A
3317,20,Male,3,2.05,7.69,79.22,FPS,0.81,6.68,287.69,8.98,Medium,60.28,D-
3318,24,Female,1.06,5.38,4.11,99.48,Casual,3.54,5.75,290.67,4.09,Medium,79.45,C+
3319,24,Male,7.53,4.68,4.3,96.59,RPG,0.7,10.65,219.72,18.67,Low,23.84,F
3320,24,Male,6,1.88,8.61,62.4,Casual,3.11,7.92,234.71,11.86,Low,38.05,F
3321,21,Female,0.01,3.41,8.44,70.66,Casual,4.34,3.34,330.19,2.28,Medium,80.86,B-
3322,21,Male,6.12,1.26,6.53,72.02,FPS,0.17,8.56,239.54,12,Low,24.33,F
3323,20,Female,5.92,8.89,6.47,67.37,FPS,0.13,8.4,255.23,13.54,Low,72.09936997169508,C-
3324,24,Male,0.08,6.47,8.06,72.48,FPS,4.95,4.3,340.76,5.26,Medium,83.34,B
3325,23,Male,2.96,8.34,4.69,76.99,FPS,3.37,4.43,292.42,8.2,High,75.59,C
3326,22,Female,4.85,5.69,7.27,62.06,FPS,0.7,7.84,257.61,13.04,Medium,56.33,F
3327,22,Male,3.62,6.4,6.38,65.09,Casual,1.53,7.35,269.12,11.33,Medium,78.22,C+
3328,21,Male,6.22,7.31,7.72,63.85,Casual,4.93,10.77,242.3,14.57,Low,67.55371856459062,D+
3329,20,Female,3.4,9.17,4.15,61.85,RPG,1.14,7.56,268.92,7.13,High,71.27,C-
3330,19,Female,1.23,1.83,6.96,79.26,Casual,3.76,6.66,293.8,1.47,Medium,61.79,D-
3331,18,Female,7.81,3.98,6.78,73.35,FPS,1.21,13.77,218.23,16.43,Low,34.71,F
3332,18,Other,1.94,7.38,8.2,97.42,RPG,1.99,7.63,302.04,6.96,Medium,100,A
3333,21,Male,5.74,9.63,7.38,64.11,FPS,4.4,10.56,245.91,9.82,Low,93.10530198866468,A
3334,19,Female,1.15,9.83,8.4,97.04,FPS,0.14,5.58,303.95,4.87,Medium,100,A
3335,21,Male,2.63,6.74,8.44,63.46,FPS,1.54,3.81,293.13,6.84,Medium,84.73,B
3336,18,Female,3.54,2.74,6.04,84.77,RPG,2.44,7.21,284.79,5.79,Medium,53.49,F
3337,19,Male,1.54,2.07,4.69,69.91,FPS,3.13,5.86,282.23,7,Medium,52.36,F
3338,24,Other,3.6,9.51,7.15,93.07,FPS,0.14,6.66,259.57,7.89,Medium,100,A
3339,20,Female,1.26,4.91,8.37,62.46,RPG,2.05,4.18,301.02,0.71,Medium,82.35,B-
3340,22,Female,4.47,2.75,4.37,98.1,RPG,1.72,8.18,255.21,7.41,Medium,46.92642435697705,F
3341,17,Female,5.31,9.41,6.79,61.89,FPS,0.13,10.84,264.83,13.27,Low,82.68381259990215,B-
3342,20,Female,0.5,1.94,4.57,69.64,FPS,1.78,2.8,309.36,2.32,Medium,51.76,F
3343,24,Female,6.97,7.57,4.13,78.57,Casual,4.66,9.97,254.34,15.41,High,51.9348063537041,F
3344,18,Male,1.48,6.63,7.4,90.24,FPS,1.37,5.75,297.36,7.17,Medium,99.96,A
3345,24,Male,1.8,1.79,7.41,98.04,Casual,2.93,3.73,301.49,4.69,Medium,74.11,C
3346,21,Male,5.29,4.05,7,77.12,FPS,1.49,10.46,249.85,12,Low,52.81,F
3347,19,Male,3.75,2.35,8.3,90.29,RPG,0.53,8.08,279.88,9.02,Medium,62.48533170339323,D-
3348,22,Female,4,6.44,4.4,89.09,RPG,1.45,6.76,277.1,11.54,Medium,67.45,D+
3349,23,Female,1.03,5.29,4.53,82.85,Casual,2.35,5.64,316.52,2.12,Medium,78.39,C+
3350,21,Female,6.45,1.04,8.32,87.64,FPS,1.48,8.85,241.26,14.42,Low,34.05,F
3351,20,Other,4.94,9.78,6.52,61.52,FPS,3.12,9.81,273.42,12.73,Medium,88.71,B+
3352,21,Female,1.08,4.15,5.37,77.66,Casual,4.75,2.43,310.04,4.88,Medium,66.64,D
3353,20,Male,2.99,3.32,7.69,91.43,RPG,0.35,6.12,277.69,7.77,Medium,68.8,D+
3354,23,Male,6.48,3,8.47,78.97,Casual,3.59,8.79,235.88,12.2,Low,40.58,F
3355,16,Male,4.55,2.43,7.45,94.94,Casual,0.01,9.63,272.69,12.02,Medium,47.22,F
3356,22,Male,0.87,9.99,7.96,93.35,RPG,0.01,5.63,322.2,5.56,Medium,100,A
3357,17,Female,2.98,3.66,5.41,94.54,Casual,0.66,8.19,273.02,8.84,Medium,66.06,D
3358,24,Female,1.94,4.65,5.44,65.2,RPG,2.4,6.2,304.23,8.2,Medium,61.8,D-
3359,16,Female,4.14,8.84,8.32,69.77,RPG,0.24,9.12,255.46,8.16,Medium,91.9,A-
3360,21,Female,6.75,6.78,7.07,61.18,RPG,3.61,9.94,232.83,14.78,Low,61.64389116766091,D-
3361,24,Female,3.49,4.32,5.17,99.31,RPG,0.15,7.88,283.02,9.19,Medium,59.06,F
3362,16,Male,3.47,9.08,6.62,69.45,RPG,2.48,4.63,269.88,9.06,Medium,93.05,A
3363,19,Female,7.24,7.75,7.43,74.68,Casual,3.38,12.64,247.78,18.98,Low,63.25143196437893,D
3364,19,Male,4.61,3.05,5.09,71,RPG,1.19,9.03,270.77,11.48,Medium,37.42,F
3365,24,Male,4.53,6.79,7.27,61.59,RPG,2.9,9.86,253.82,11,Medium,63.56,D
3366,20,Male,2.1,9.3,4.21,70.45,RPG,1.31,6.95,301.35,7,High,91.51,A-
3367,20,Female,4.86,5.47,5.52,63.93,FPS,1.07,7.29,248.48,8.65,Medium,58.57,F
3368,21,Male,4.61,7.6,7.37,75.77,FPS,4.09,6.97,264.72,9.42,Medium,79.26,C+
3369,16,Male,3.17,9.74,4.75,98.67,FPS,1.66,8.17,290.73,9.98,High,100,A
3370,16,Female,7.93,7.21,5.11,87.93,RPG,4.07,9.85,231.93,17.53,High,54.05198013821811,F
3371,24,Female,7.06,1.92,8.4,88.28,Casual,1.08,8.61,234.42,13.57,Low,37.25,F
3372,18,Male,6,3.2,7.37,78.13,RPG,1.78,7.08,244.56,10.98,Low,47.76,F
3373,19,Male,4.3,6.36,6.49,92.45,Casual,0.51,6.79,256.82,8.25,Medium,70.66,C-
3374,16,Female,3.7,3.48,5.05,96.33,FPS,2.48,5.2,277.43,6.69,Medium,57.79,F
3375,24,Male,1.48,9.62,5.71,98.46,Casual,1.91,6.49,310.28,5.76,High,100,A
3376,23,Female,2.45,4.65,6.87,63.96,FPS,0.03,5.87,311.25,9.01,Medium,60.31,D-
3377,17,Female,6.19,5.12,4.78,95.19,FPS,2.32,8.45,241.16,16.15,Low,53.06,F
3378,23,Male,3.63,7.31,6.41,69,Casual,0.37,7.64,284.91,7.42,Medium,72.12,C-
3379,22,Male,7.06,5.72,6.04,75.89,FPS,4.18,8.41,242.92,15.45,Low,53.59991660669596,F
3380,21,Male,1.18,4.44,6.38,73.82,FPS,2.47,5.81,301.08,5.24,Medium,84.9,B
3381,16,Male,4.07,1.69,4.53,87.01,FPS,3.45,7.58,278.37,10.32,Medium,28.89,F
3382,22,Male,5.18,6.37,4.53,83.92,Casual,4.11,6.21,249.68,8.92,Low,61.19,D-
3383,22,Female,4.13,8.81,8.82,64.36,RPG,0.26,6.73,273.01,8.08,Medium,90.55,A-
3384,24,Male,7.11,7.17,8.9,91.31,FPS,1.69,11.86,232.57,17.28,Low,79.14089727608169,C+
3385,16,Female,7.92,4.43,6.13,77.59,FPS,0.13,9.86,229.4,16.04,Low,30.1,F
3386,17,Female,0.93,2.15,7.94,60.09,FPS,0.25,6.74,314.07,4.95,Medium,60.98,D-
3387,24,Male,1.04,8.35,7.28,76.58,FPS,0.19,6.52,302.23,2.79,Medium,100,A
3388,24,Male,1.04,9.48,4.58,80.65,Casual,2.39,5.93,307.42,3.55,High,97.02,A
3389,21,Male,5.45,4.49,5.48,62.75,Casual,2.25,6.84,253.31,8.93,Low,44.75,F
3390,21,Male,2.98,7.56,5.57,66.05,Casual,0.31,5.75,273.35,7.87,High,71.53,C-
3391,19,Female,5.87,4.7,6.98,99.74,Casual,1.31,8.36,245.86,12.29,Low,68.12,D+
3392,19,Male,3.24,5.52,6.9,94.85,Casual,1.22,4.93,275.33,7.86,Medium,76.99,C
3393,20,Female,5.02,8.53,8.62,65.33,Casual,1.48,11.02,248.49,12.31,Low,93.60329764135054,A
3394,18,Male,6.16,1.75,7.95,83.21,Casual,3.2,7.9,238.04,13.66,Low,45.54,F
3395,16,Male,4.39,5.77,8.28,75.17,Casual,3.49,6.97,264.74,13.68,Medium,68.02,D+
3396,16,Female,4.32,2.93,8.46,81.75,RPG,1.7,9.72,268.71,10.29,Medium,57.93,F
3397,22,Female,0.71,4.06,8.01,78.82,FPS,3.94,2.43,299.04,3.26,Medium,71.8,C-
3398,16,Male,3.29,6.8,5.66,61.93,RPG,2.09,6.64,292.52,6.94,Medium,65.23,D
3399,16,Male,4.37,1.25,5.08,72.62,RPG,2.61,10.25,273.69,11.42,Medium,24.22,F
3400,18,Female,3.7,6.34,6.86,65.02,RPG,0.73,5.94,274.75,9.47,Medium,74.74,C
3401,19,Male,7.21,3.55,7.45,79.56,Casual,1.16,11.73,221.29,17.25,Low,39.1,F
3402,19,Male,7.25,7.03,5.93,96.29,RPG,3.64,8.65,230.87,16.58,High,63.53797789507355,D
3403,17,Female,6.58,2.27,8.24,99.82,FPS,4.89,10.58,238.31,17.07,Low,47.805973707804874,F
3404,16,Female,3,7.62,8.8,97.77,FPS,3.52,5.7,273.2,8.68,Medium,100,A
3405,18,Female,5.74,6.81,6.85,99.43,Casual,0.27,10.24,239.5,15.57,Low,70.56,C-
3406,19,Female,3.16,9.74,6.28,60.61,RPG,0.71,6.32,289.74,8.33,Medium,86.17,B
3407,18,Female,1.86,9.2,8.21,89.18,FPS,2.23,4.35,294.44,3.51,Medium,100,A
3408,23,Female,2.74,3.55,4.12,70.92,Casual,3.66,6.47,295.98,8.95,Medium,49.28,F
3409,16,Female,0.57,1.25,4.65,94.62,FPS,0.83,2.27,313.03,1.23,Medium,57.01,F
3410,17,Female,2.65,6.9,8.23,92.55,RPG,3.75,7.72,295.72,9.22,Medium,93.82,A
3411,22,Female,3.69,6.43,7.66,76.95,FPS,2.78,8.44,282.9,7.24,Medium,88.52,B+
3412,19,Male,7.64,1.25,6.08,78.93,Casual,3.87,11.36,232.99,16.43,Low,20.314128200718496,F
3413,23,Male,2.51,2.1,8.44,70.6,Casual,2.79,5.35,301.71,5.06,Medium,49.54,F
3414,18,Female,7.22,6.26,5.76,71.55,RPG,3.01,12.8,234.36,18.01,Low,42.13,F
3415,21,Female,1.83,9.21,7.17,99.25,Casual,1.24,6,283.09,4.59,Medium,100,A
3416,24,Male,1.53,9.16,7.17,95.55,Casual,3.6,3.95,288.29,4.24,Medium,100,A
3417,16,Female,4.15,2.36,4.92,67.67,Casual,4.22,9.18,263.67,10.52,Medium,41.28,F
3418,16,Male,5.38,4.46,5.42,71.02,Casual,4.36,9.56,262.86,14.9,Low,41.88,F
3419,23,Female,0.35,1.39,8.58,64.35,Casual,0.15,1.99,311.8,2.46,Medium,69.37,D+
3420,18,Female,1.77,5.22,4.92,99.55,RPG,3.12,3.34,300.81,4.9,Medium,85.98,B
3421,20,Female,3.65,7.78,4.87,96.29,RPG,4.95,9.34,281.56,10.19,High,87.17414670150777,B+
3422,16,Male,2.65,8.11,6.4,82.08,FPS,2.93,5.09,289.84,4.99,Medium,94.02227168023448,A
3423,20,Female,5.7,5.49,4.46,87.72,FPS,0.86,10.02,228.69,11.81,Low,59.52,F
3424,21,Male,4.09,1.86,8.47,89.92,Casual,4.39,5.27,259.05,9.32,Medium,59.12,F
3425,23,Male,1.28,4.43,4.5,68.15,FPS,1.32,5.06,322.3,1.62,Medium,64.67,D
3426,18,Male,7.16,9.39,7.08,97.39,RPG,0.23,9.32,237.34,15.32,Low,97.24063262016568,A
3427,18,Female,2.34,3.07,5.7,81.07,FPS,2.15,4.04,264.92,5.74,Medium,59.48,F
3428,24,Male,5.85,3.88,8.02,63.7,RPG,0.5,10.72,250.5,11.31,Low,53.72,F
3429,19,Male,6.24,7.72,6.95,75.88,FPS,0.58,11.29,263.15,14.89,Low,80.03428674659627,B-
3430,19,Female,7.71,7.6,5.94,84.07,Casual,2.32,12.29,230.22,17.72,High,63.08043137291654,D
3431,22,Female,3.99,9.21,8.92,74.11,Casual,3.06,5.05,272.56,12.67,Medium,100,A
3432,17,Female,4.93,4.49,4.33,87.97,Casual,4.53,7.35,242.56,11.09,Medium,45.41,F
3433,23,Female,2.68,5.63,6.89,95.28,RPG,3.53,5.48,285.13,8.51,Medium,79.88,C+
3434,21,Male,5.43,5.21,8.95,90.88,Casual,4.21,9.88,238.41,13.98,Low,55.33,F
3435,18,Female,3.71,9.35,7.45,85.71,RPG,2.06,8.49,263.26,10.33,Medium,99.38,A
3436,24,Female,3.5,7.92,7.7,80.49,RPG,1.59,7.64,263.49,10.73,Medium,95.14,A
3437,20,Male,6.84,8.48,4.16,70.18,FPS,2.96,11.79,255.31,13.27,High,66.94014593031294,D
3438,23,Male,0.4,2.2,4.11,78.2,Casual,3.48,3.54,322.48,2.19,Medium,54.83,F
3439,22,Male,7.06,8.13,4.18,71.72,FPS,2.84,10.77,249.29,16.54,High,62.53034844502769,D-
3440,23,Male,6.82,4.9,8.96,97.36,RPG,1.32,8.14,224.93,12.37,Low,51.28,F
3441,22,Female,4.05,1.21,8.9,96.29,Casual,1.85,7.19,273.31,9.58,Medium,59.0114673678463,F
3442,18,Female,3.92,1.54,5.67,66.23,RPG,2.24,7.08,262.88,9.61,Medium,33.39,F
3443,17,Female,2.89,7.1,5.45,92.9,FPS,0.07,6.95,276.31,7.47,High,83.08,B
3444,22,Female,7.95,4.35,4.73,88.12,RPG,4.4,10.84,229.29,15.57,Low,25.1,F
3445,18,Male,0.89,8.81,5.65,99.01,Casual,2.56,3.08,311.11,1.37,High,100,A
3446,18,Female,4.72,7.61,5.85,78.53,FPS,3.76,6.91,266.22,9.89,High,76.71791630980724,C
3447,17,Male,5.45,1.2,7.74,88.89,Casual,0.86,7.12,242.04,12.5,Low,38.73,F
3448,19,Other,7.47,7.18,8.33,80.72,Casual,2.78,11.98,231.64,17.39,Low,66.60994630451712,D
3449,23,Male,6.24,2.73,7.73,62.78,Casual,4.63,10.35,248.6,14.93,Low,34.7,F
3450,16,Female,5.15,4.8,7.23,61.87,RPG,1.07,9.05,251.45,11.79,Low,50.23,F
3451,16,Male,0.93,6.62,7.83,64.88,FPS,1.73,4.59,306.12,2.01,Medium,88.97,B+
3452,20,Male,2.99,8.85,7.69,71.85,RPG,1.94,5.83,267.67,6.79,Medium,97.7,A
3453,20,Male,1.11,5.1,6.38,70.36,RPG,1.92,5.95,285.12,2.97,Medium,84.38,B
3454,16,Female,7.05,8.28,5.68,89.13,Casual,3,12.66,255.48,10.85,High,61.71950673844011,D-
3455,21,Female,6,8.05,5.41,88.64,Casual,1.97,9.2,250.05,13.57,High,79.13522099928684,C+
3456,16,Male,6.06,4.73,7.4,98.86,Casual,3.37,9.11,243.69,13.12,Low,54.43,F
3457,20,Female,5.22,5.51,8.8,72.42,RPG,2.42,7.03,265.34,13.82,Low,71.92,C-
3458,24,Female,4.06,7.3,6.91,97.54,RPG,0.79,8.41,262.58,11.67,Medium,89,B+
3459,20,Female,1.2,1.28,8.56,84.51,FPS,4.74,4.99,306.7,5.25,Medium,74.27,C
3460,21,Female,2.64,9.02,4.07,79.81,FPS,1.2,8.58,299.38,6.25,High,90.93566706341672,A-
3461,23,Male,1.1,7.93,7.97,86.71,Casual,2.81,5.02,295.78,6.2,Medium,100,A
3462,16,Male,5.8,3.24,8.27,88.11,RPG,0.3,8.24,245.48,13.1,Low,57.37,F
3463,17,Female,1.28,9.83,7.15,66.88,RPG,4.59,5.09,290.83,3.75,Medium,100,A
3464,24,Female,5.62,2.61,8.67,90.07,FPS,4.64,11.54,260.91,12.63,Low,40.7,F
3465,18,Other,5.54,9.23,6.95,89.01,FPS,1.82,10.16,255.57,12.08,Low,96.9112046824434,A
3466,21,Female,3.67,3.92,5.2,99.9,RPG,0.6,5.31,287.68,7.65,Medium,62,D-
3467,20,Male,1.08,7.87,5.08,96.48,Casual,3.85,3.8,315.47,1.47,High,99.9,A
3468,17,Female,2.52,5.11,6.78,87.39,FPS,1.31,5.01,287.15,6.36,Medium,77.9548155461802,C+
3469,22,Male,2.56,7.63,8.53,88.49,FPS,3.5,7.84,293.39,7.43,Medium,100,A
3470,19,Other,5.6,2.4,4.36,97.84,RPG,4.58,9.66,257.01,14.6,Low,32.39,F
3471,16,Male,0.91,3.43,7.02,98.69,FPS,2.95,5.96,316.41,4.05,Medium,74.21,C
3472,19,Female,6.63,1.9,7.85,93.08,FPS,4.31,8.51,255.1,10.56,Low,25.9,F
3473,21,Female,6.09,8.79,4.58,90.7,FPS,1.12,11.63,236.02,14.33,High,78.08514057166538,C+
3474,22,Male,1.49,3.67,4.58,64.45,RPG,4.55,2.78,283.36,1.37,Medium,56.08,F
3475,22,Male,5.75,7.25,5.83,93.21,RPG,1.13,8.62,240.49,11.74,High,66.78765430391987,D
3476,22,Female,5.35,8.38,5.37,70.13,Casual,1.13,6.42,260.53,9.35,High,85.37809269072731,B
3477,18,Female,5.98,9.11,4.99,82.55,RPG,4.4,7.9,252.38,17.1,High,78.68364110012325,C+
3478,21,Male,1.51,1.96,4.99,76.21,RPG,2.77,7.32,296.19,5.25,Medium,48.74,F
3479,23,Female,1.26,9.04,4.65,73.82,FPS,4,2.65,302.16,4.65,High,99.38360270900402,A
3480,19,Female,1.89,2.78,7.05,72.41,Casual,4.01,3.62,288.98,4.03,Medium,63.5,D
3481,23,Male,2.93,7.63,7.44,94.22,RPG,3.23,8.55,283.77,8.22,Medium,90.79,A-
3482,17,Male,6.35,7.56,7.51,90.77,FPS,0.95,10.9,236.86,14.02,Low,87.00756780001232,B+
3483,24,Female,5.9,1.08,6.66,80.94,RPG,3.46,8.93,265.57,11.92,Low,27.39,F
3484,24,Female,7.4,2.99,8.76,86.58,FPS,0.32,8.74,244.43,14.12,Low,46.14188630185993,F
3485,23,Female,0.47,5.43,8.4,99.38,RPG,1,5.4,321.6,4.15,Medium,94.03,A
3486,16,Female,0.09,4.78,8.79,75.9,RPG,3.21,3.55,319.23,1.79,Medium,92.37,A-
3487,17,Male,5.59,9.27,5.94,82.04,RPG,4.54,8.21,264.31,15.15,High,89.96769705757842,B+
3488,21,Male,2.23,4.24,8.39,81.34,Casual,3.86,5.03,294.23,5.42,Medium,76.07,C
3489,20,Male,2.67,9.43,7.81,97.44,Casual,1.66,6.2,289.57,6.55,Medium,100,A
3490,24,Male,4.37,5.13,5.7,74.06,Casual,4.12,8.13,250.28,10.7,Medium,56.98,F
3491,20,Female,0.82,9.68,4.53,99.45,Casual,4.83,5.91,312.77,5.4,High,89,B+
3492,17,Female,5.14,7.64,7.41,72.19,FPS,1.66,10,245.41,12.94,Low,82.55311514715149,B-
3493,19,Male,2.6,8.46,4.68,64.36,FPS,0.93,7.44,284.77,10.31,High,73.61,C
3494,24,Male,5.06,1.94,5.47,67.65,FPS,0.99,9.71,260.97,17.6,Low,37.9178745931105,F
3495,16,Female,6.67,6.28,6.5,77.05,FPS,2,11.46,230.97,17.37,Low,54.7,F
3496,16,Female,1.37,2.28,7.4,85.99,FPS,0.26,5.76,308.35,5.69,Medium,68.02,D+
3497,22,Female,7.45,3.68,8.63,80.67,Casual,2.44,12.79,241.12,13.57,Low,37.94,F
3498,18,Female,4.25,6.61,6.97,75.05,RPG,3.66,8.04,260.16,13.16,Medium,73.82,C
3499,17,Female,7.38,7.54,7.36,82.48,RPG,2.65,10.98,232.61,19.01,Low,70.56322342034841,C-
3500,24,Female,1.66,1.35,5.55,93.55,FPS,4.85,6.17,287.62,8.64,Medium,63.71,D
3501,18,Male,4.84,5.78,7.44,93.56,RPG,2.31,6.67,250.25,12.19,Medium,75.08,C
3502,17,Male,3.23,6.09,6.19,89.05,Casual,0.07,8.11,284.34,7,Medium,79.24,C+
3503,23,Male,6.19,1.71,8.28,98.1,FPS,2.35,11.87,252.85,13.29,Low,38.86,F
3504,21,Female,4.85,5.51,5.96,83.61,Casual,4.65,7.33,246.71,8.76,Medium,63.49,D
3505,21,Female,3.96,7.42,6.34,60.31,FPS,0.48,8.02,292.97,10.11,Medium,68.5,D+
3506,22,Female,7.3,1.48,6.16,71.64,Casual,1.11,8.46,227.43,13.78,Low,15.13,F
3507,22,Male,3.02,7.84,8.06,73.13,FPS,3.58,7.85,285.83,10.17,Medium,77.54,C+
3508,21,Male,1.76,6.19,8.77,81.89,RPG,1.47,5.56,293.54,4.28,Medium,100,A
3509,19,Male,4.86,8.5,5.64,96.2,Casual,3.83,9.23,258.84,11.25,High,89.63,B+
3510,24,Male,4.99,2.96,6.38,93.52,RPG,2.1,6.7,275.3,11.36,Medium,50.17,F
3511,21,Female,3.51,8.5,7.53,69.29,RPG,3.98,8.56,292.93,8.59,Medium,80.85,B-
3512,19,Female,3.89,1.85,8.48,80.78,RPG,2.76,6.17,256.82,7.1,Medium,52.82,F
3513,18,Other,7.68,4.63,6.47,86.37,FPS,0.41,12.1,222.2,13.94,Low,37.36,F
3514,19,Female,5.86,2.8,4.54,99.5,FPS,1.93,9.83,279.19,15.57,Low,36.52,F
3515,18,Female,0.88,8.88,5.84,61.25,FPS,1.67,5.15,305.11,2.05,High,100,A
3516,17,Female,1.7,7.34,6.75,78.56,FPS,4.05,2.95,303.83,3.26,Medium,93.95,A
3517,20,Male,7.8,1.23,6.09,99.52,Casual,3.12,12.51,237.76,17.21,Low,15.14,F
3518,17,Female,5.81,1.09,4.93,99.09,Casual,3.89,10.79,258.81,9.99,Low,28.79,F
3519,21,Female,7.32,3.62,4.18,73.23,FPS,1.86,10.69,203.98,16.9,Low,20.09,F
3520,18,Female,2.43,2.29,7.44,60,Casual,3.46,5.47,294.18,9.19,Medium,58.58374600269016,F
3521,21,Male,5.93,6.67,8.96,83.47,FPS,0.33,8.64,266.33,15.13,Low,63.21,D
3522,24,Male,5.71,6.97,8.6,94.68,FPS,0.18,11.35,251.77,13.49,Low,81,B-
3523,16,Male,2.36,9.48,7.42,72.97,Casual,1.44,7.14,281.27,9.22,Medium,96.88,A
3524,21,Female,4.41,9.57,8.21,97.37,FPS,3.87,8.9,256.86,7.6,Medium,95.92,A
3525,24,Male,5.02,6.93,5.28,73.31,FPS,2.67,10.65,257.77,14.52,Low,58.14,F
3526,19,Female,3.85,1.05,7.11,84.41,Casual,2.04,6.59,280.55,7.61,Medium,37.64,F
3527,17,Female,6.62,4.23,4.3,88.88,Casual,4.48,10.77,269.46,17.25,Low,38.46,F
3528,19,Male,6.66,5.62,7.54,73.82,RPG,2.49,11.09,237.18,15.61,Low,54.26,F
3529,16,Female,6.8,5.49,8.85,74.09,FPS,3.07,12.78,244.02,14.18,Low,56.05,F
3530,18,Female,6.43,6.43,8.3,78.8,FPS,4.93,9.57,227.39,14.92,Low,66.36,D
3531,24,Male,3.9,9.64,6.67,93.41,RPG,2.61,6.9,256.35,9.3,Medium,99.3,A
3532,20,Female,3.05,8.97,7.94,64.03,Casual,3.92,4.47,278.43,7.29,Medium,100,A
3533,21,Male,6.65,1.98,8.72,85.26,Casual,2.07,8.14,244.65,12.44,Low,47.16,F
3534,18,Male,3.92,3.39,5.08,87.09,Casual,0.18,7.48,272.1,7.28,Medium,56.17,F
3535,20,Female,1.97,8.5,7.97,82.31,Casual,4.17,3.83,296.89,6.1,Medium,100,A
3536,23,Female,4.06,8.42,5.35,97.43,RPG,4.72,5.42,268.54,8.67,High,80.12,B-
3537,21,Other,1.13,3.48,8.38,84.08,RPG,2.17,6.95,306.16,6.32,Medium,74.24,C
3538,19,Female,5.53,7.58,4.49,85.38,RPG,2.52,11.29,250.7,15.05,High,65.932558286923,D
3539,17,Female,2.69,7.05,4.89,83.99,RPG,2.12,5.32,274.22,8.11,High,82.96,B-
3540,24,Female,2.09,5.26,7.6,88.88,FPS,4.98,7.04,280,9.89,Medium,79.79,C+
3541,16,Female,7.65,2.81,4.87,65.42,RPG,4.52,13.01,241.79,18.38,Low,14.04,F
3542,16,Female,6.22,9,4.79,95.77,FPS,0.21,9.54,237.13,12.11,High,77.20749441639087,C+
3543,19,Male,6.3,7.1,6.78,61.7,Casual,3.9,8.42,241.99,12.11,Low,80.25833790116695,B-
3544,22,Female,4.99,2.52,8.17,85.63,FPS,3,6.64,272.02,10.22,Medium,42.22,F
3545,16,Male,6.71,7.34,5.34,84.62,Casual,0.13,8.41,236.78,14.69,High,67.12487779278962,D+
3546,24,Female,6.07,7.67,8.21,68.32,FPS,2.22,11.05,255.93,17.39,Low,77.96111988622889,C+
3547,19,Male,4.79,8.98,8.04,61.63,Casual,0.75,7.71,253.64,10.76,Medium,93.36404938145633,A
3548,18,Female,7.69,3.01,6.9,65.55,FPS,4.37,12.16,243.27,20.97,Low,28.633261371103472,F
3549,16,Male,1.53,9.9,7.23,70.87,Casual,0.06,5.22,303.91,8.44,Medium,100,A
3550,19,Male,7.55,2.38,4.2,95.28,FPS,4.37,10.52,229.13,17.45,Low,17.827820242011526,F
3551,24,Female,3.21,6.41,5.84,94.23,RPG,4.7,4.83,279.83,8.49,Medium,88.83,B+
3552,21,Male,4.23,6.91,5.32,62.55,FPS,0.36,6.9,276.89,8.88,Medium,62.62,D-
3553,21,Female,0.98,4.77,4.75,71.57,RPG,3.6,6.18,310.6,7.92,Medium,68.86,D+
3554,16,Male,4.32,5.28,5.95,95.57,Casual,2.74,9.38,236.19,9.9,Medium,58.22,F
3555,17,Male,4.89,9.02,5.77,69.47,Casual,4.77,6.03,256.84,12.75,High,65.83,D
3556,21,Male,7.98,6.81,7.64,99.84,FPS,3.99,9.68,227.46,14.75,Low,52.9,F
3557,17,Female,7.8,5.47,6.99,70.27,RPG,3.47,12.58,216.72,19.27,Low,42.66,F
3558,18,Male,7.73,2.16,8.57,89.56,Casual,4.63,10.41,222.2,19.03,Low,31.27,F
3559,19,Female,2.79,1.07,4.73,76.68,RPG,0.8,7.01,282.64,9.51,Medium,36.32,F
3560,20,Male,7.93,2.12,4.3,65.45,FPS,1.88,11.74,240.79,16.83,Low,7.04,F
3561,24,Male,3.64,9.61,6.67,70.21,FPS,4.21,7.9,282.3,8.87,Medium,88.76,B+
3562,19,Male,6.81,7.88,4.01,87,RPG,0.51,8.08,241.57,17.33,High,72.32258716509979,C-
3563,24,Male,1.73,9.7,7.94,73.48,FPS,4.68,7.39,287.58,5.28,Medium,100,A
3564,18,Female,4.05,1.32,6.53,84.17,RPG,3.73,5.15,264.55,7.71,Medium,40.1,F
3565,23,Female,7.73,7.12,6.44,68.22,RPG,2.2,8.77,235.74,18.99,Low,48.79752737858515,F
3566,16,Female,7.58,1.4,5.81,77.94,FPS,1.69,9.71,235.64,16.1,Low,12.92,F
3567,24,Male,5.47,8.04,5.87,80.49,RPG,0.74,11.44,240.15,13.81,High,83.81803362900654,B
3568,24,Male,6.38,4.43,6.16,76.51,Casual,0.47,7.74,257.43,17.12,Low,40.57,F
3569,17,Male,1.41,1.86,4.08,67.92,FPS,2.12,6.78,294.47,4.21,Medium,54.74,F
3570,19,Female,5.77,6.11,4.42,78.46,FPS,4.22,7.57,254.34,10.98,Low,51.49,F
3571,23,Male,4.94,3.52,6.53,87.72,Casual,2.66,6.49,288.06,11.01,Medium,57.04,F
3572,22,Female,0.73,6.94,4.75,98.6,FPS,2.26,5.62,307.06,3.97,Medium,83.36,B
3573,16,Male,0.91,6.92,7.89,91.58,Casual,1.6,6.14,310.76,2.88,Medium,95.85,A
3574,20,Male,0.87,7.35,5.37,66.46,Casual,0.78,5.83,303.97,5.83,High,86.56,B
3575,22,Male,5.79,9.93,4.49,70.91,Casual,4.95,8,252.27,12.72,High,84.026448115417807,B
3576,19,Male,1.13,4.48,5.18,63.15,RPG,0.13,6.53,320.69,5.09,Medium,68.2,D+
3577,16,Female,3.74,5.19,5.79,65.43,RPG,1.56,5.1,273.17,8.15,Medium,56.87,F
3578,24,Male,2.86,8.24,4.18,70.03,Casual,3.85,5.57,282.74,4.98,High,77.93,C+
3579,20,Female,4.4,6.21,4.71,67.98,FPS,2.6,7.72,278.24,8.83,Medium,65.18,D
3580,17,Male,5.65,1.34,5.62,68.55,FPS,1.57,6.99,239.57,8.81,Low,14.18,F
3581,23,Female,5.48,8.59,5.55,69.23,FPS,4.96,9.38,255.07,15.19,High,74.8472501484439,C
3582,17,Male,4.12,1.46,8,72.03,Casual,3.1,7.92,263.28,10.14,Medium,45.1,F
3583,18,Female,3.71,2.54,8.22,65.02,RPG,1.48,9.67,273.1,12.39,Medium,47.9,F
3584,16,Female,3.18,1.92,4.97,71.11,RPG,4.24,7.29,272.97,7.51,Medium,40.61,F
3585,17,Other,6.9,1.7,4.62,87.54,RPG,0.75,9.89,222.91,17.59,Low,16.56957957190751,F
3586,22,Male,2.65,1.23,7.17,69.46,RPG,2.32,7.6,266.11,4.54,Medium,52.72264087650508,F
3587,17,Female,2.07,1.5,8.02,66.87,FPS,4.2,4.74,290.63,7.42,Medium,53.84,F
3588,21,Male,5.95,4.98,8.82,62.71,RPG,4.92,9.61,250.88,13.57,Low,54.92,F
3589,18,Male,2.88,3.28,4.03,80,RPG,1.92,4.16,293.57,3.63,Medium,59.4,F
3590,19,Male,6.78,2.14,6.07,93.68,RPG,0.69,9.39,225.29,9.22,Low,25.84,F
3591,23,Male,2.62,6.93,7.67,62.36,Casual,2.83,6.26,290.08,8.06,Medium,75.86,C
3592,18,Other,5.62,3.04,8.14,81.69,RPG,4.72,10.13,258.15,15.47,Low,53.62,F
3593,21,Male,0.36,1.17,4.31,86.02,Casual,3.33,1.86,319.28,1.59,Medium,27.32,F
3594,16,Female,3.08,4.77,7.4,83.7,RPG,3.01,8.07,285.62,9.86,Medium,69.42,D+
3595,22,Female,2.75,3.79,5.44,95.1,RPG,1.55,8.25,265.38,9.14,Medium,62.28,D-
3596,23,Female,6.53,3.87,4.37,94.66,Casual,3.03,8.94,240.44,14.38,Low,31.02,F
3597,23,Female,7.74,5.01,6.45,62.29,Casual,4.42,12.57,226.3,19.81,Low,31.01,F
3598,18,Male,3.69,7.02,4.79,74.44,RPG,1.88,5.59,281.17,5.38,High,66.19,D
3599,16,Female,6.6,6.55,7.69,86.83,FPS,1.21,10.22,254.67,15.21,Low,53.49,F
3600,24,Male,5.6,9.44,7.71,98.1,FPS,2.4,10.59,250.21,15.06,Low,100,A
3601,21,Female,7.74,5.66,8.21,92.19,FPS,1.88,10.67,223.67,16.05,Low,54.67,F
3602,24,Female,6.49,5.25,5.89,67.06,FPS,2.35,7.62,243.43,14.06,Low,45.90042885819427,F
3603,22,Other,0.62,2.92,4.07,71.17,RPG,0.48,4.32,312.78,0.74,Medium,51.47,F
3604,16,Male,5.71,7.8,5.3,90.54,Casual,1.68,10.93,255.8,14.18,High,83.36772220198995,B
3605,16,Male,4.28,2.27,6.34,78.86,RPG,4.13,5.82,273.93,7.89,Medium,47.17,F
3606,21,Male,0.13,5.42,7.47,81.89,FPS,2,1.28,316.68,-0.2,Medium,86.87,B
3607,20,Male,2.01,4.79,5.91,84.36,FPS,4.84,7.06,300.87,7.69,Medium,80.08,B-
3608,24,Male,7.37,6.92,6.68,64.13,RPG,3.54,9.71,229.37,12.39,Low,39.35,F
3609,17,Female,7.41,9.26,6.62,94.24,Casual,1.83,10.23,216.58,14.05,Low,76.0166620269118,C
3610,23,Male,6.39,9.52,4.82,94.53,Casual,1.26,7.82,231.76,14.94,High,81.90815401309386,B-
3611,20,Female,7.85,2.51,7.12,78.73,Casual,3.43,9.33,202.45,16.13,Low,27.37,F
3612,17,Female,6.45,3.36,6.2,85.07,Casual,1.51,10.52,259.23,13.47,Low,29.17,F
3613,21,Female,0.08,8.3,8.04,86.4,RPG,4.63,3.84,331.89,2.94,Medium,100,A
3614,23,Male,2.3,5.66,7.45,67.59,Casual,0.58,4.76,302.75,3.62,Medium,90.29019200488388,A-
3615,19,Male,0.24,5.08,4.56,64.5,FPS,0.14,3.5,314.96,-0.17,Medium,62.07,D-
3616,17,Male,0.75,7.4,6.44,60.83,FPS,1.11,3.69,320.77,2.55,Medium,85.83,B
3617,20,Male,1.75,6.42,7.51,96.52,FPS,3.03,6.23,307.98,5.46,Medium,98.94,A
3618,17,Female,4.03,9.74,4.44,73.83,FPS,4.17,9.34,257.1,9.23,High,86.94,B
3619,17,Male,6.78,6.26,7.96,63.43,FPS,0.85,11.61,230.78,15.45,Low,51.59,F
3620,21,Female,6.9,5.19,5.11,78.63,Casual,2.92,7.92,242.57,16.98,Low,41.38,F
3621,24,Female,4.93,5.89,6.52,63.03,RPG,0.72,6.43,255.95,10.54,Medium,52.24,F
3622,19,Female,7.43,8.28,8.7,63.41,Casual,2.82,10.58,223.77,14.13,Low,74.05329433761166,C
3623,21,Male,4,6.51,6.86,79.56,Casual,0.09,9.26,280.24,10.68,Medium,69.82,D+
3624,22,Male,7.11,6.82,6.12,80.35,Casual,2.79,9.29,226.4,11.07,Low,50.22300618241369,F
3625,21,Female,3.63,9.74,4.03,83.21,Casual,2.61,9.02,301.26,13.18,High,96.02,A
3626,23,Female,2.22,6.57,4.67,86.25,Casual,0.21,3.77,309.3,2.84,Medium,92.51479498377525,A-
3627,19,Male,7.33,4.42,6.89,86.73,RPG,3.45,8.69,229.91,15.75,Low,41.15,F
3628,16,Male,3.1,7.22,6.47,77.32,RPG,2.86,8.67,295.3,9.31,Medium,89.22,B+
3629,22,Male,4.03,6.94,5.82,85.74,Casual,3.12,5.84,273.51,7.4,Medium,72.83,C-
3630,18,Female,2.63,1.12,8.62,72.19,Casual,2.65,5.95,284.28,9.52,Medium,53.65,F
3631,21,Male,5.3,5.21,5.66,77.65,Casual,3.61,7.93,276.18,16.03,Low,51.91,F
3632,17,Female,7.96,7.69,6.69,75.73,Casual,2.63,9.7,228.38,15.29,Low,58.47801400812924,F
3633,24,Male,0.2,5.49,6.84,73.16,RPG,4.61,4.36,308.66,3.9,Medium,70.35,C-
3634,16,Female,7.2,8.02,6.64,69.54,Casual,4.72,13.02,238.2,15.33,Low,63.04908827482368,D
3635,21,Female,0.03,5.06,6.39,63.14,Casual,3.63,4.32,336.41,4.85,Medium,81.36,B-
3636,21,Female,2.91,9.85,5.69,80.24,RPG,4.56,5.68,285.1,9.73,High,97.38,A
3637,20,Male,1.35,3.64,8.54,81.49,RPG,4.62,5.91,305.9,7,Medium,86.38,B
3638,20,Male,6.06,1.83,6.25,73.45,Casual,1.31,7.78,244.28,9.67,Low,30.14,F
3639,16,Male,0.4,4.87,6.64,99.03,RPG,4.97,4.3,318.72,1.66,Medium,80.75,B-
3640,20,Female,4.43,5.88,7.28,82.28,Casual,1.34,7.78,257.06,9.48,Medium,71.68,C-
3641,17,Female,2.36,4.14,4.34,95.56,FPS,0.09,5.16,283.72,4.93,Medium,61.96,D-
3642,22,Female,1.07,3.18,7.91,82.8,RPG,4.81,5.77,303.74,7.15,Medium,73.03,C
3643,18,Male,6.17,7.05,6.56,67.6,RPG,1.12,7.76,247.64,9.51,Low,75.27733383777644,C
3644,19,Female,1.74,4.39,7.29,98.98,RPG,2.92,5.4,310.24,6.09,Medium,79.08,C+
3645,18,Male,1.79,6.68,7.86,95.41,FPS,4.85,7.06,297.05,7.7,Medium,97.06,A
3646,18,Female,2.2,8.01,8.37,78.85,FPS,0.25,4.21,301.87,4,Medium,100,A
3647,19,Male,4.69,7.85,5.96,69.72,Casual,1.35,7.01,259.32,11.55,High,75.05,C
3648,20,Female,5.28,4.38,8.06,68.91,FPS,3.04,9.58,262.53,13.59,Low,56.15,F
3649,16,Male,0.14,6.11,5.29,92.24,FPS,3.81,5,330.31,2.17,Medium,74.52,C
3650,19,Male,1.93,5.05,7.3,62.76,Casual,4.04,4.35,295.69,7.24,Medium,77.38,C+
3651,23,Female,3.45,8.84,4.51,85.52,RPG,4.42,6.25,282.11,7.21,High,78.1,C+
3652,22,Male,2.66,8.91,4.1,85.61,Casual,0.84,7.36,282.22,9.85,High,86.48,B
3653,24,Female,7.07,4.09,4.48,67.3,RPG,1.85,9.5,241.02,15.62,Low,34.03235269194346,F
3654,20,Female,6.3,1.83,5.6,88.2,Casual,3.57,10.63,216.39,14.14,Low,23.93,F
3655,19,Female,5.01,2.51,4.16,88.22,RPG,3.58,6.8,243.62,10.47,Low,49.8972094872685,F
3656,23,Male,2.7,4.3,7.15,74,Casual,1.54,5.76,293.33,4.15,Medium,72.5,C-
3657,24,Female,5.61,6.08,5.58,79.34,FPS,1.52,10.05,236.32,12.72,Low,50.4,F
3658,22,Female,6.75,6.91,7.68,93.31,FPS,1.6,10.05,234.11,12.91,Low,82.26101186135013,B-
3659,22,Male,4.76,3.98,4.23,80.93,Casual,4.46,5.86,276.91,10.6,Medium,45.666515277131936,F
3660,20,Female,6.28,7.01,5.08,84.73,Casual,4.55,9.31,253.28,15.88,High,70.21112120909112,C-
3661,19,Male,5.99,9.44,6.04,76.51,Casual,0.07,8.43,272.07,14.11,Low,81.56577854612104,B-
3662,16,Male,4.57,6.87,5.91,65.98,FPS,1.63,6.08,265.91,8.47,Medium,63.11,D
3663,22,Male,2.5,2.43,4.65,99.92,RPG,1.96,3.55,289.17,4.99,Medium,62.7,D-
3664,16,Male,5.97,6.22,8.97,81.26,FPS,4.91,7.2,248.46,13.11,Low,67.58,D+
3665,16,Male,1.65,5.88,5.42,73.46,FPS,4.72,7.4,290.95,6.83,Medium,93.02392390435298,A
3666,20,Female,6.24,8.84,7.61,88.55,RPG,3.14,10.99,242.99,18.13,Low,86.48766053869787,B
3667,24,Female,6.44,4.15,5.1,84.83,Casual,0.23,12.14,230.11,16.98,Low,38.21,F
3668,21,Male,6.58,4.81,8.39,69.32,FPS,0.96,8.15,252.77,14.24,Low,58.06529505715372,F
3669,18,Female,3.78,6.39,5.94,95.08,FPS,2.17,7.63,282.02,9.69,Medium,88.39065812357094,B+
3670,18,Female,1.54,5.72,8.5,62.84,FPS,4.8,2.96,289.92,3.09,Medium,91.91,A-
3671,22,Female,0.8,7.47,5.71,84.23,Casual,0.47,1.93,303.75,2.17,High,91.72,A-
3672,21,Female,5.95,1.36,4.04,79.12,RPG,3.96,9.28,252.51,15,Low,21.4,F
3673,24,Female,7.09,6.07,6.59,72.73,FPS,0.96,11.32,237.63,14.88,Low,43.2,F
3674,21,Male,5.21,2.1,6.62,93.06,Casual,2.54,6.53,246.98,11.9,Low,46.23,F
3675,20,Male,1.15,3.84,4.6,86.25,FPS,3.83,3.98,306.86,3.5,Medium,72.24,C-
3676,22,Male,7.48,6.95,5.17,90.38,FPS,3.46,8.93,235.95,19.12,Low,44.69,F
3677,16,Female,7.91,2.42,7.92,76.59,FPS,3.88,10.72,231.08,17.82,Low,25.3,F
3678,22,Male,3.47,3.78,4.18,97.7,FPS,4.07,6.83,295.21,9.28,Medium,59.64,F
3679,18,Female,4.76,7.33,6.45,73.79,FPS,1.53,7.45,265.38,9.15,Medium,83.37,B
3680,24,Male,6.22,6.86,6.65,81.24,FPS,1.82,10.1,232.95,17.31,Low,67.03,D+
3681,21,Female,5.89,1.82,7.44,97.35,RPG,4.08,9.81,238.67,14.75,Low,42.42,F
3682,24,Male,7.74,6.2,4.19,63.33,FPS,0.19,10.4,239.68,19.54,Low,31.32,F
3683,20,Male,0.92,2.33,6.93,64.35,FPS,2.57,3.87,325.07,2.95,Medium,58.51,F
3684,22,Male,4.65,3.27,4.02,99.77,FPS,4.6,7.86,263.85,10.9,Medium,46.13,F
3685,19,Male,5.54,5.13,5.33,98.86,FPS,4.43,8.42,257.34,9.78,Low,59.56,F
3686,22,Male,7.12,1.98,6.5,90.87,FPS,4.02,11.92,235.49,20.33,Low,30.9,F
3687,16,Female,6.99,9.94,8.56,79.37,FPS,0.11,8.69,233.14,15.57,Low,89.15537575782855,B+
3688,22,Male,7.82,2.49,4.63,80.24,Casual,4.44,13.11,211.25,22,Low,8.3,F
3689,23,Male,4.1,8.03,4.85,70.29,RPG,4.56,6.76,275.57,8.83,High,70.99,C-
3690,20,Female,6.65,8.47,7.35,77.31,Casual,3.32,11.27,258.02,16.55,Low,74.64291181274325,C
3691,17,Male,3.42,9.95,5.87,77.25,Casual,1.49,8.84,280.66,11.54,High,87.63,B+
3692,20,Female,3.38,4.86,7.12,61.44,RPG,2.45,8.82,276.42,10.14,Medium,66.69,D
3693,21,Other,2.03,8.87,8.99,78.13,Casual,3.81,5.29,291.32,5.02,Medium,100,A
3694,17,Male,6.55,9.62,8.93,79.19,RPG,4.07,8.83,246.37,13.29,Low,91.60851790855456,A-
3695,21,Male,7.89,2.56,5.77,86.63,RPG,1.72,11.92,236.83,17.1,Low,18.48,F
3696,21,Male,2.05,5.31,6.52,80.66,Casual,1.63,3.97,300.73,10.4,Medium,77.8,C+
3697,16,Female,0.45,1.54,8.52,94.47,FPS,3.68,5.4,295.9,2.13,Medium,79.8334046449075,C+
3698,16,Female,6.52,6.59,4.46,74.7,FPS,3.43,11.08,259.18,11.35,Low,48.69,F
3699,18,Female,4.96,6.23,6.26,76.39,FPS,2.57,9.94,268.81,12.48,Medium,59.43,F
3700,18,Female,7.68,2.84,5.89,82.86,Casual,2.1,10.85,226.04,16.99,Low,24.68,F
3701,19,Male,2.02,8.18,5.47,68.11,RPG,3.29,5.81,290.46,5.31,High,85.41,B
3702,17,Female,0.57,1.34,8.97,75.74,Casual,0.16,2.08,308.69,0.65,Medium,69.64,D+
3703,24,Female,3.94,8.26,7.67,87.45,RPG,0.38,8.38,281.35,9.55,Medium,96.21,A
3704,22,Female,0.68,1.24,5.94,76.47,RPG,2.87,4.11,292.09,0.44,Medium,68.17,D+
3705,22,Female,2.09,6.91,8.15,96.26,RPG,1.05,5.64,300.06,9.51,Medium,100,A
3706,21,Female,1.01,1.71,6.45,84.61,RPG,3.87,6.24,310.69,5.13,Medium,65.04,D
3707,18,Male,1.79,3.26,8.36,66.15,Casual,3.86,6.65,301.19,6.25,Medium,72.87,C-
3708,21,Male,0.85,7.5,5.33,79.5,FPS,3.55,4.53,298.17,5.64,High,83.92,B
3709,23,Female,7.63,3.52,5.12,90.59,RPG,4.52,10.41,211.4,22.07,Low,22.07,F
3710,23,Male,2.23,5.6,5.24,85.73,FPS,0.7,5.46,315.68,5.27,Medium,74.98,C
3711,24,Female,3.55,9.24,6.69,95.41,RPG,1.3,6.3,278.73,9.09,Medium,98.96,A
3712,16,Male,7.19,1.45,5.46,90,RPG,1.26,8.95,253.08,16.86,Low,32.36,F
3713,16,Female,5.42,8.3,4.74,62.46,Casual,3.91,9.65,263.99,14.34,High,64.15807030325684,D
3714,18,Female,4.94,1.59,8.97,64.5,Casual,2.61,9.4,261.84,13.92,Medium,38.65,F
3715,18,Male,5.64,2.14,8.5,85.99,RPG,1.26,11.5,254.64,16.05,Low,47.1,F
3716,23,Female,6.63,2.07,7.18,69.54,FPS,0.68,9.91,251.24,14.08,Low,33.272891033045994,F
3717,16,Female,7.02,9.95,8.46,83.51,Casual,4.47,13.01,247.69,19.43,Low,95.34593616847732,A
3718,17,Female,5.14,2.62,8.68,91.69,FPS,3.46,7.08,263.08,11.03,Low,52.27,F
3719,17,Male,7.12,9.07,7.38,83.08,RPG,2.64,11.4,245.49,16.94,Low,75.08422924601614,C
3720,18,Male,4.28,9.92,6.59,76.62,FPS,4.83,10.25,280.04,12.77,Medium,93.3,A
3721,21,Male,2.22,4.45,8.41,85.85,FPS,4.25,6.42,296.66,5.12,Medium,76.64,C
3722,16,Male,7.04,6.68,6.84,65.74,RPG,0.89,10.3,229.48,16.58,Low,48,F
3723,17,Female,4.33,8.01,4.63,88.93,FPS,2.54,7.91,273.01,11.69,High,77.88,C+
3724,16,Other,7.25,4.53,5.83,87.88,Casual,2.43,12.48,225.52,13.33,Low,38.05,F
3725,20,Female,0.32,2.46,6.23,80.58,RPG,4.22,6.02,312.36,6.29,Medium,60.29,D-
3726,22,Female,3.18,4.9,8.68,71.15,RPG,0.75,6.45,285.82,6.36,Medium,71.71,C-
3727,23,Female,7.58,7.95,7.3,91.9,FPS,2.26,12.44,228.25,18.14,Low,78.46560685387576,C+
3728,16,Male,2,8.03,8.38,80.42,FPS,3.18,7.67,309.16,9.89,Medium,100,A
3729,22,Female,7.53,3.07,7.79,62.37,Casual,4.73,9.94,223.04,17.57,Low,25.16,F
3730,20,Male,7.63,2.57,5.55,96.74,Casual,4.5,11.1,207.16,19.08,Low,35.47861972906644,F
3731,16,Female,7.06,9.29,7.59,90.71,RPG,2.67,13.04,248.38,19.33,Low,89.09506562376205,B+
3732,18,Male,4.51,1.4,4.98,83.39,RPG,3.03,7.28,266.36,9.42,Medium,40.96,F
3733,22,Male,5.18,7.61,6.04,77.47,RPG,4.26,9.28,258.79,10.34,Low,87.09320020549467,B+
3734,16,Female,6.96,1.42,8.03,98.4,Casual,3.72,11.25,228.6,16.9,Low,39.27,F
3735,22,Female,6.21,8.54,7.06,91,Casual,4.4,7.98,226.64,14.73,Low,87.63938067395253,B+
3736,20,Female,5.04,9.15,8.13,81.4,RPG,4.48,10.07,251.33,14.8,Low,95.45932719932284,A
3737,16,Female,7.86,3.68,5.27,86.13,Casual,4.16,10.92,231.38,18.81,Low,28.79,F
3738,16,Male,5.49,1.67,7.75,71.23,RPG,0.05,8.99,252.11,11.75,Low,40.57,F
3739,16,Female,7.8,5.33,5.01,67.83,FPS,1.55,12.01,223.07,19.46,Low,28.28,F
3740,24,Male,0.46,3.69,6.73,70.93,RPG,2.02,3.51,297.49,-1.76,Medium,69.56753371522323,D+
3741,18,Female,1.11,4.75,6.17,71.73,RPG,3.39,3.74,324.79,6.08,Medium,78.89,C+
3742,20,Female,3.61,6.98,6.78,89.59,FPS,1.53,7.34,276.09,7.31,Medium,84.1,B
3743,24,Male,3.08,2.89,4.68,65.6,RPG,1.62,5.81,306.46,5.7,Medium,38.14,F
3744,21,Female,6.26,4.21,5.81,91.1,RPG,2,9.43,248.55,19.08,Low,46.38,F
3745,24,Female,1.28,8.04,7.33,80.94,Casual,4.78,2.82,320.15,3.44,Medium,100,A
3746,23,Male,7.81,6.79,6.79,75.38,Casual,2.19,13.03,219.1,17.72,Low,50.189390786929785,F
3747,23,Female,2.52,3.94,6.74,72.02,Casual,0.7,5.58,274.62,4.26,Medium,75.41336208657823,C
3748,16,Female,3.43,6.98,6.55,80.53,FPS,0.03,4.84,276.98,8.45,Medium,96.00323037145546,A
3749,24,Female,2.2,7.89,8.72,72.7,RPG,1.18,7.15,299.2,8.46,Medium,100,A
3750,21,Male,4.63,6.33,8.67,77.18,RPG,4.69,5.73,271.13,9.11,Medium,66.52,D
3751,24,Male,0.47,3.16,5.8,89.56,FPS,4.77,4.47,318.31,-1.36,Medium,73.82,C
3752,18,Female,1.2,1,5.76,85.04,FPS,2.65,5.71,328.52,7.91,Medium,55.36,F
3753,18,Male,5.97,8.23,6.77,89.92,FPS,3.23,7.93,252.28,12.34,Low,78.65767779556447,C+
3754,21,Other,1.49,8.4,4.48,88.52,FPS,3.98,3.15,299.02,3.19,High,100,A
3755,24,Male,1.88,7.28,5.52,92.6,Casual,0.28,3.45,295.1,4.47,High,94.48,A
3756,22,Female,6.34,1.69,5.15,68.07,FPS,1.87,12.31,235.87,14.05,Low,17.32,F
3757,18,Female,0.75,6.27,5.12,99.8,FPS,3.21,5.53,313.93,6.44,Medium,90.74,A-
3758,18,Male,3.5,8.39,7.19,79.03,FPS,4.49,6.06,288.82,9.73,Medium,98.14,A
3759,17,Male,0.18,4.51,5.92,88.73,Casual,3.63,2.86,331.93,2.68,Medium,78.07,C+
3760,24,Female,2.77,2.78,4.86,87.11,FPS,1.75,7.01,283.79,12.28,Medium,50.36,F
3761,18,Female,5.59,6.29,8.44,82.65,FPS,4.55,8.88,252.39,11.43,Low,70.32,C-
3762,20,Male,0.72,8.44,8.37,99.83,FPS,3.32,3.08,304.94,5.17,Medium,100,A
3763,24,Female,7.11,1.44,8.31,68.69,FPS,4.15,8.4,244.36,10.42,Low,23.02,F
3764,23,Male,7.28,6.37,5.95,76.87,FPS,1.93,12.2,220.29,18.31,Low,51.26,F
3765,17,Male,0.84,6.79,4.28,65.11,Casual,0.01,6.28,302.7,8.92,Medium,82.55272926911232,B-
3766,18,Female,7.93,6.42,4.53,67.27,FPS,0.83,9.96,183.26,14.78,Low,22.89,F
3767,17,Male,2.38,6.85,5.38,88.52,FPS,4.64,3.7,279.65,8.71,Medium,89.43,B+
3768,23,Female,0.67,6.68,5.1,60.19,FPS,0.17,2.26,306.05,-0.63,Medium,79.12,C+
3769,21,Male,0.04,2.17,8.37,95.59,Casual,2.98,3.11,314.41,5.77,Medium,80.43,B-
3770,21,Male,3.27,3.11,8.93,85.33,FPS,2.05,5.77,267.81,6.87,Medium,69.66,D+
3771,24,Male,5.04,6.57,8.08,77.64,Casual,2.15,6.41,248.22,9.28,Low,72.59,C-
3772,23,Female,2.66,1.16,7.65,73.25,Casual,2,5.93,300.7,5.88,Medium,54.54,F
3773,19,Female,6.69,6.71,6.94,65.05,RPG,0.34,8.71,231.92,14.45,Low,59.76980482956508,F
3774,19,Female,5.73,6.99,7.85,96.86,Casual,0.61,7.06,233.15,11.82,Low,84.03,B
3775,24,Male,2.8,3.15,8.74,88.49,RPG,0.31,7.09,275.97,7.64,Medium,70.88,C-
3776,16,Male,5.87,6.38,7.01,73.46,RPG,0.27,9.73,239.26,14.3,Low,69.01,D+
3777,17,Female,7.52,5.81,4.77,62.84,RPG,0.43,12.65,229.06,18.08,Low,34.57,F
3778,17,Male,0.74,3.35,4.82,73.03,RPG,3.48,3.25,314.72,2.75,Medium,48.11,F
3779,21,Female,2.45,5.17,6.92,67.39,FPS,0.57,4.13,277.06,4.86,Medium,66.3,D
3780,19,Male,3.71,9.19,5.67,91.45,RPG,1.31,6.51,278.48,9.68,High,95.21,A
3781,18,Female,3.98,4.84,8.55,88.78,Casual,3.28,8.87,286.24,11.16,Medium,69.4,D+
3782,18,Male,4.34,6.67,7.06,79.93,FPS,0.56,6.55,278.08,10.44,Medium,67.37,D+
3783,18,Female,2.41,1.32,7.38,95.43,Casual,4.55,4.69,296.87,5.96,Medium,72.38248427722482,C-
3784,21,Male,5.34,1.7,4.03,67.23,FPS,2.39,7.08,260,10.16,Low,13.87,F
3785,23,Male,5.16,1.73,6.49,78.08,Casual,4.82,11.09,254.91,13.43,Low,40.21,F
3786,22,Male,4.62,8,6.16,88.42,RPG,0.96,10.46,278.75,11.6,Medium,77.49,C+
3787,19,Male,0.91,4.15,7.53,62.71,RPG,0.15,5.2,313.37,-0.17,Medium,75.61,C
3788,19,Male,3.82,3.05,5.91,74.91,Casual,2.95,5.89,266.12,10.67,Medium,50.81,F
3789,17,Female,2.85,7.73,8.88,82.87,Casual,1.64,7.68,284.29,8.63,Medium,86.77,B
3790,16,Female,3.93,2.53,7.35,74.67,FPS,2.86,7.85,266.08,9.78,Medium,49.82,F
3791,24,Female,7.37,3.22,7.3,79.21,Casual,2.37,12.12,230.17,18.16,Low,31.05,F
3792,17,Female,3.84,4.88,8.6,84.32,FPS,2.29,9.14,286.07,8.82,Medium,75.97,C
3793,23,Female,0.11,3.98,8.98,74.74,RPG,4.26,2.7,316.92,4.23,Medium,83.74,B
3794,24,Male,3.51,6.27,4.99,64.24,Casual,0.96,9.08,269.93,12.22,Medium,62.47,D-
3795,19,Male,6.57,4.04,8.05,65.58,FPS,2.5,12.06,251.57,13.56,Low,36.76,F
3796,23,Male,6.24,4.54,4.81,81.08,FPS,2.08,9.98,257.89,13.09,Low,42.03,F
3797,24,Female,4.11,8.77,6.29,66.99,RPG,3.37,8.53,262.83,11.78,Medium,85.57,B
3798,20,Male,2,8.96,4.5,95.59,FPS,0.25,5.06,310.8,6.02,High,100,A
3799,22,Male,3.72,8.45,7.12,93.37,FPS,2.65,8,284.99,9.54,Medium,91.74,A-
3800,19,Female,4.51,8.78,6.34,73.96,RPG,2.39,8.25,260.36,11.77,Medium,79.22,C+
3801,16,Male,8,6.13,7.14,93.24,RPG,4.87,10.61,236.19,13.56,Low,43.47,F
3802,18,Female,5.15,6.82,7.39,81.33,RPG,3.78,7.76,245.88,9.76,Low,72.75,C-
3803,20,Female,5.55,6.01,7.1,66.36,RPG,0.77,9.81,248.58,12.03,Low,66.7260259620361,D
3804,18,Male,3.93,8.07,5.47,84.57,Casual,2.55,9.71,261.89,12.28,High,84.27,B
3805,22,Male,2.84,5.96,8.18,87.18,Casual,3.92,4.85,276.15,2.38,Medium,81.95,B-
3806,24,Female,6.5,2,6.76,63.36,Casual,2.62,9.46,250.51,14.84,Low,35.426229069365974,F
3807,21,Female,3.96,8.29,6.45,72.58,FPS,1.78,8.99,272.33,9.68,Medium,74.97,C
3808,16,Male,7.96,7.85,8.94,60.22,FPS,1.88,9.58,213.37,18.03,Low,67.91877055542612,D+
3809,22,Female,3.66,8.38,5.42,72.66,Casual,1.84,9.63,270.18,11.92,High,76.95,C
3810,18,Female,0.54,2.71,6.64,73.42,RPG,0.1,4.93,306.87,6.67,Medium,69.34,D+
3811,20,Male,5.46,3.44,7.41,85.21,Casual,3.65,11.01,256.99,11.35,Low,58.86,F
3812,19,Male,0.37,3.66,4.63,67.96,RPG,3.05,5.56,338.29,1.69,Medium,54.54,F
3813,20,Female,2,5.57,5.77,61.2,Casual,1.34,6.89,298.06,6.54,Medium,78.74,C+
3814,20,Male,2.83,2.2,8.01,72.63,FPS,3.15,3.99,288.76,9.06,Medium,60.91,D-
3815,21,Female,5.92,4.47,5.18,93.02,RPG,1.54,8.95,264.37,14.23,Low,43.89,F
3816,21,Male,3.95,2.64,6.47,75.97,Casual,1.22,5.96,267.17,9.12,Medium,45.05,F
3817,23,Female,0.23,3.38,7.15,76.6,Casual,3.71,5.59,330.57,5.59,Medium,67.82,D+
3818,23,Female,4.93,7.36,7.36,78.76,RPG,4.05,9.33,256.59,11.27,Medium,73.45,C
3819,24,Female,3.29,8.69,7.64,90.07,FPS,3.13,4.83,276.92,9.69,Medium,95.99,A
3820,23,Male,7.37,1.21,8.33,79.2,Casual,3.92,10.17,228.26,19.61,Low,23.56,F
3821,17,Male,4,6.09,5.96,63.65,RPG,1.83,5.35,270.93,8.37,Medium,60.93,D-
3822,16,Female,5.67,1.32,7.53,68.26,FPS,0.36,10.37,250.21,10.59,Low,35.55,F
3823,17,Male,1.75,1.77,7.66,67.52,RPG,3.02,4.84,302.58,5.34,Medium,64.43,D
3824,17,Male,6.09,7.35,5.5,80.31,RPG,1.28,8.26,242.68,16.55,High,72.51786224138978,C-
3825,18,Female,5.77,7.62,8.84,61.2,RPG,3.89,9.36,251.76,14.32,Low,80.72709447867132,B-
3826,22,Male,7.23,8.33,8.33,71.34,Casual,1.79,8.44,217.12,12.31,Low,72.0448223761719,C-
3827,17,Male,0.27,5.27,5.45,84.29,RPG,3.35,2.56,324.58,4.23,Medium,80.62,B-
3828,16,Male,3.58,8.74,7.38,74.19,RPG,2.76,5.46,288.36,9.69,Medium,90.95,A-
3829,21,Female,5.43,2.5,7.59,88.31,FPS,4.09,11.08,257.06,15.68,Low,53.57097520585627,F
3830,24,Female,0.76,3.25,6.16,75.65,RPG,4.16,3.65,318.36,5.23,Medium,69.8,D+
3831,18,Male,3.28,2.21,8.32,99.17,FPS,0.34,7.2,272.27,7.43,Medium,64.14,D
3832,21,Male,7.54,8.18,7.45,98.61,FPS,1.48,11.05,244.7,18.95,Low,83.8518519813395,B
3833,18,Male,3.49,3.06,7.29,91.99,FPS,4.35,7.79,280.02,7.84,Medium,52.07,F
3834,16,Female,7.88,2.4,5.1,98.18,FPS,2.02,10.28,209.39,14.6,Low,13.44,F
3835,20,Male,0.45,6.61,6.04,68.19,FPS,2.57,2.05,326.75,0.04,Medium,92.72,A-
3836,19,Female,5.74,1.69,6.17,90.04,RPG,0.92,7.15,258.3,13.57,Low,32.34,F
3837,22,Male,4.65,1.4,7.67,72.87,FPS,2.76,6.62,282.92,9.47,Medium,42.37,F
3838,21,Other,4,1.96,7.09,89.01,FPS,1.32,7.41,288.64,12.66,Medium,57.09,F
3839,22,Male,7.77,1,4.43,74.96,Casual,4.15,9.95,240.18,18.86,Low,4.61,F
3840,20,Female,1.04,7.27,5.54,71.58,RPG,1,4.21,312.26,5.01,High,94.7,A
3841,19,Male,7.17,6.06,6.37,98.35,RPG,1.8,8.32,241.09,17.68,Low,56.03,F
3842,22,Male,5.53,2.89,7.68,68.4,FPS,0.48,9.67,242.85,10.78,Low,47.49,F
3843,22,Female,2.07,3.1,7.72,90.34,RPG,2.94,7.46,292.39,8.75,Medium,73.09,C
3844,21,Female,7.21,8.3,6.45,86.99,RPG,4.71,8.45,263.32,16.19,Low,78.66434026198958,C+
3845,23,Male,3.43,5.52,4.58,72.14,RPG,0.87,5.52,261.56,5.36,Medium,57.48,F
3846,19,Female,6.51,7.29,5.46,78.33,FPS,0.1,9.1,244.98,12.87,High,66.47368997405772,D
3847,20,Female,3.11,5.07,5.27,65.72,Casual,2.11,5.55,282.29,7.12,Medium,60.04,D-
3848,19,Female,6.81,3.14,7.91,96.85,Casual,3.74,8.01,246.81,13.85,Low,53.26378787338706,F
3849,16,Male,5.09,9.73,4.9,98.72,Casual,4.88,6.62,260.91,10.86,High,87.18418573283289,B+
3850,23,Female,1.13,6.09,6.32,89.3,FPS,0.26,6.69,318.59,3.8,Medium,89.1,B+
3851,16,Female,5.2,2.18,7.35,93.98,RPG,3.93,9.76,257.75,15.64,Low,46.29,F
3852,20,Male,1.53,4.65,8.82,63.3,FPS,1.84,7.32,309.38,3.49,Medium,99.95932033289448,A
3853,21,Female,3.3,3.96,9,75.36,RPG,0.77,6.5,284.06,5.79,Medium,68.98,D+
3854,21,Male,1.36,2.93,8.76,73.23,RPG,0.96,6.76,300.76,3.53,Medium,77.83,C+
3855,20,Male,0.18,9.4,7.59,82.6,RPG,4.62,5.26,313.5,1.63,Medium,100,A
3856,18,Female,1.7,8.93,7.73,67.33,RPG,4.05,7.07,312.38,4.66,Medium,99.08,A
3857,20,Female,4.29,2.79,7.8,82.54,Casual,1.56,5.49,274.77,12.54,Medium,53.02,F
3858,23,Male,3.85,4.17,8.31,86.17,Casual,4.7,8.11,283.76,8.51,Medium,73.4,C
3859,17,Male,4.01,7.86,8.76,65.29,FPS,0.53,7.84,284.43,9.69,Medium,98.07,A
3860,21,Female,1.98,2.88,6.23,65.27,Casual,1.61,5.71,291.06,3.3,Medium,56.6426724843427,F
3861,24,Male,5.48,6.32,6.08,61.42,Casual,3.26,9,251.53,11.78,Low,54.42,F
3862,23,Female,5.63,7.3,6.3,90.44,FPS,5,10.61,249.03,14.95,Low,92.21948512373164,A-
3863,23,Female,2.86,6.89,7.3,73.24,FPS,2.33,8.7,295.99,10,Medium,87.04,B+
3864,23,Male,7.05,7.36,7.88,69.02,Casual,4.05,12.19,236.31,18.64,Low,77.40097449823884,C+
3865,22,Female,5.15,7.36,8.35,91.12,RPG,4.58,10.5,260.03,10.98,Low,84.58644417825894,B
3866,23,Female,5.7,9.68,6.28,65.73,RPG,0.05,9.12,241.05,11.76,Low,81.17795573608466,B-
3867,21,Male,2.22,4.12,5.82,77.09,RPG,1.44,6.67,301.6,8.3,Medium,64.47145161538674,D
3868,17,Female,0,8.91,8.92,89.79,Casual,0.5,3.08,328.57,1.49,Medium,100,A
3869,17,Female,6.92,1.2,5.16,82.95,Casual,3.88,9.72,242.57,15.12,Low,18.87,F
3870,23,Female,6.58,3.59,5.11,82.16,FPS,2.84,12.06,242.67,17.08,Low,49.84448956339083,F
3871,16,Female,0.99,1.44,7.58,66.3,FPS,0.48,6.52,318.55,6.74,Medium,65.4,D
3872,21,Male,2.99,6.86,4.9,67.24,RPG,2.1,7.4,283.63,6.79,Medium,78.17,C+
3873,21,Male,5.29,1.91,6,83.3,FPS,2.57,10.48,270.72,12.97,Low,32.64,F
3874,19,Male,5.22,8.61,5.46,60.94,RPG,3.49,8.02,264.51,11.6,High,75.27154150918226,C
3875,18,Male,6.88,6.82,4.84,94.76,Casual,3.9,10.05,224.82,13.41,Low,54.56,F
3876,18,Male,1.12,1.26,6.9,74.02,Casual,0.44,6.23,305.22,5.39,Medium,62.33,D-
3877,16,Female,3.44,7.43,5.87,76.66,Casual,2.44,6.43,281.97,7.3,High,78.08,C+
3878,18,Female,0.78,8.76,6.31,70.34,FPS,0.81,1.98,303.67,2.15,Medium,100,A
3879,19,Female,3.12,6.95,4.98,95.07,Casual,3.77,5.89,293.36,8.92,Medium,77.34,C+
3880,20,Female,0.12,1.27,7.84,85.7,RPG,3.29,3.11,298.8,2.27,Medium,66.25,D
3881,18,Female,7.19,8.72,5.57,78,FPS,3.62,8.96,241.76,13.49,High,79.22104900177543,C+
3882,21,Female,4.22,7.59,5.71,83.41,RPG,0.37,6.94,276.26,10.21,High,86.83,B
3883,20,Female,6.8,4.41,5.26,75.21,Casual,2.55,12.47,218.53,16.71,Low,39.8284966595333,F
3884,18,Male,0.48,3.96,6.17,78.62,RPG,4.2,5.77,315.28,2.48,Medium,80.98700972412709,B-
3885,21,Female,1.82,5.32,6.32,74.31,Casual,3.57,5.05,293.81,3.53,Medium,81.85,B-
3886,21,Female,2.08,8.8,6.65,76.43,RPG,4.31,6.63,309.22,6.74,Medium,100,A
3887,23,Male,3.09,3.27,8.84,72.6,RPG,1.03,4.85,274.55,4.27,Medium,74.06,C
3888,17,Female,6.42,1.91,8.52,63.11,FPS,1.43,11.18,250.95,13.08,Low,30.27,F
3889,16,Female,3.09,8.78,7.05,61.49,FPS,2.21,6.47,292.9,5.3,Medium,88.09,B+
3890,19,Male,1.64,1.24,4.19,66.96,RPG,2.62,6.25,296.39,3.16,Medium,45.45,F
3891,22,Female,0.52,9.2,7.06,70.07,RPG,1.26,4.74,326.74,2.19,Medium,100,A
3892,18,Male,0.64,3.75,4.45,95.62,RPG,1.91,2.8,308.16,4.48,Medium,72.1,C-
3893,18,Male,6.08,5.57,7.55,84.45,RPG,3.44,11.25,260.37,15.98,Low,64.84318758214494,D
3894,20,Female,3.56,2.19,5.95,98.33,Casual,3.23,7.42,303.32,11.3,Medium,62.29,D-
3895,20,Female,5.81,9.12,8.19,73.59,FPS,0.55,10.73,259.58,12.86,Low,85.49457428528882,B
3896,18,Female,5.46,7.75,8.71,76.07,RPG,4.93,6.93,260.6,7.63,Low,85.66606792505769,B
3897,24,Female,1.08,9.32,6.09,88.79,RPG,2.81,5.16,302.31,3.01,Medium,100,A
3898,19,Male,1.14,7.15,6.3,83.12,FPS,2.42,3.6,324.89,5.77,Medium,94.78,A
3899,18,Female,6.04,2.66,6.95,81.12,Casual,4.84,11.34,256.4,13.94,Low,35.58,F
3900,17,Female,5.77,3.77,4.99,83.02,Casual,0.7,11.52,246.16,14.37,Low,44.56,F
3901,24,Other,3.02,5.38,8.64,83.37,FPS,2.72,4.3,298.75,6.25,Medium,85.42,B
3902,19,Male,0.62,6.47,6.16,90.63,Casual,4.03,5.24,313.66,4.94,Medium,95.92,A
3903,18,Female,0.1,9.34,4.83,86.72,Casual,1.99,1.61,325.57,2.62,High,96.13,A
3904,22,Female,2.31,4.46,7.81,98.29,Casual,3.68,7.6,288.18,4.17,Medium,84.53,B
3905,23,Female,0.07,7.33,5.1,97.92,RPG,4.5,1.69,309.77,-3.91,High,97.73,A
3906,17,Female,1.84,9.65,4.72,76.88,Casual,1.31,3.82,289.05,5.98,High,94.81,A
3907,22,Male,3.36,2.37,6.81,61.43,FPS,1.21,5.62,275.87,7.42,Medium,47.77,F
3908,20,Female,0.97,8.76,7.36,60.44,RPG,1.8,5.61,313.49,5.57,Medium,100,A
3909,20,Female,0.83,4.79,6.85,64.93,FPS,2.09,3.29,307.06,2.33,Medium,80.82,B-
3910,18,Male,7.17,7.59,7.28,63,RPG,0.56,11.15,226.05,17.37,Low,68.72985145797139,D+
3911,20,Female,4.68,3.64,4.58,74.93,Casual,1.16,8.54,254.33,11.02,Medium,36.9,F
3912,17,Female,7.48,4.01,6.38,62.11,Casual,4.37,10.49,242.9,15.03,Low,34.96,F
3913,19,Male,2.77,1.24,5.79,85,Casual,2.83,6.47,285.54,6.6,Medium,47.08,F
3914,21,Female,5.42,9.74,8.87,67.61,FPS,1.34,7.01,235.38,11.3,Low,85.3677082956327,B
3915,16,Male,1.64,8.32,4.25,80.56,Casual,4.72,7.02,300.24,7.19,High,90.69,A-
3916,19,Male,4.95,1.85,5.49,64.12,FPS,3.87,6.99,256.45,10.58,Medium,35.93,F
3917,21,Female,1.04,10,8.71,93.11,FPS,1.81,6.44,309.56,2.64,Medium,100,A
3918,24,Male,0.02,6.45,8.92,91.2,RPG,3.83,3.61,314.09,5.16,Medium,100,A
3919,17,Male,7.45,8.68,8.12,75.46,FPS,2.98,11.52,243.47,17.56,Low,79.19685290607694,C+
3920,22,Male,4.44,1.6,4.38,96.42,FPS,3.42,6.73,265.19,12.75,Medium,37.15,F
3921,21,Male,7.42,4.51,6.81,67.43,Casual,1.61,9.53,228.86,13.71,Low,31.92,F
3922,17,Female,2.67,7.03,6,92.56,RPG,1.05,6.12,284.8,6.56,Medium,87.74,B+
3923,23,Female,2.62,1.96,8.03,81.83,Casual,1.27,4.96,293.3,6.79,Medium,58.83,F
3924,22,Female,3.21,5.4,4.28,73.18,RPG,0.42,6.33,285.43,9.3,Medium,63.26,D
3925,20,Female,5.65,4.98,4.99,63.37,FPS,2.36,8.85,248.29,9.13,Low,40.15,F
3926,20,Male,4.53,2.94,6.45,66.85,FPS,2.03,6.88,265.88,6.52,Medium,49.8,F
3927,22,Female,7.4,3.7,4.79,94.51,Casual,0.01,9.86,228.67,14.71,Low,35.576225053619034,F
3928,24,Female,0.2,9.7,7.46,84.28,FPS,4.28,6.06,326.1,4.42,Medium,100,A
3929,24,Female,5.67,3.6,8.1,69.48,RPG,3.41,9.61,239.07,11.96,Low,43.56,F
3930,24,Female,2.64,2.92,7.52,79.83,FPS,2.23,7.8,284.91,7.61,Medium,57.18,F
3931,21,Female,1.44,5.83,6.2,64.31,RPG,4.84,2.67,300.76,3.6,Medium,80.37107998549722,B-
3932,21,Female,4.08,7.04,8.39,63.95,FPS,4.7,5.09,284.99,7.01,Medium,71.94,C-
3933,18,Male,4.04,7.53,4.69,96.31,FPS,0.48,7.64,283.27,12.81,High,71.16,C-
3934,16,Female,1.1,7.79,5.3,78.31,Casual,3.08,6.23,310.72,3.17,High,94.1,A
3935,22,Male,1.62,1.33,6.45,74.46,FPS,4.09,5.67,290.62,1.13,Medium,60.69,D-
3936,19,Male,3.27,4.54,4.31,97.96,RPG,0.86,7.36,281.33,6.62,Medium,55.28,F
3937,16,Male,3.27,7.97,4.48,75.96,Casual,0.64,4.97,299.56,5.72,High,77.77744074377118,C+
3938,23,Male,2.54,9.14,5.99,73.45,Casual,1.3,8.43,288.03,8.37,High,96.75,A
3939,21,Male,1.19,6.42,8.72,70.92,FPS,1.4,4.84,307.01,4.66,Medium,96.29,A
3940,21,Male,0.03,1.47,8.54,82.6,Casual,4.82,1.54,321.5,1.99,Medium,59.19,F
3941,17,Female,7.76,4.57,6.33,82.34,Casual,3.9,10.83,218.38,20.81,Low,34.4,F
3942,16,Female,7.55,1.67,4.71,60.65,RPG,0.3,8.91,221.31,15.84,Low,7.37,F
3943,17,Other,3.87,7.74,4.89,86.16,Casual,3.93,6.96,265.46,10.97,High,78.19,C+
3944,19,Male,7.96,1.57,5.89,91.53,Casual,0.85,12.52,221.5,17.31,Low,26.75,F
3945,17,Female,5.39,2.67,5.05,84.64,Casual,1.79,8.01,259.74,12.67,Low,32.82,F
3946,16,Female,0.55,4.75,4.41,94.8,FPS,1.59,3.12,315.1,1.69,Medium,79.26,C+
3947,22,Male,0.94,5.16,7.37,71.06,Casual,1.36,4.51,313.79,3.37,Medium,79.81,C+
3948,23,Female,7.33,4.66,6.91,67.68,FPS,1.54,10.82,253.64,16.74,Low,47.34332647762403,F
3949,21,Female,5.04,5.17,5.46,87.89,Casual,3.77,8.38,285.47,13.72,Low,53.34,F
3950,19,Male,6.75,7.42,7.89,67.54,FPS,1.33,10.33,239.94,15.18,Low,67.91854144643477,D+
3951,21,Female,7.19,4.32,7.88,63.64,RPG,4,8.43,242.95,14.89,Low,31.72,F
3952,18,Female,3.58,5.93,6.46,63.86,Casual,0.46,6.95,283.63,9.47,Medium,59.69,F
3953,23,Male,0.39,3.73,4.48,90.74,FPS,2.98,6.35,326.09,5.52,Medium,70.39,C-
3954,17,Male,1.51,4.18,8.59,61.15,FPS,4.32,6.33,312.3,2.61,Medium,76.39,C
3955,20,Male,0.53,6.52,7.34,71.58,RPG,0.4,2.97,308.36,2.77,Medium,100,A
3956,16,Male,1.51,5.41,5.24,65.17,Casual,3.17,5.9,321.69,2.55,Medium,81.78988038378894,B-
3957,21,Female,3.28,7.51,7.05,90.2,FPS,2.56,5.93,295.95,10.5,Medium,91.8,A-
3958,17,Female,0.95,6.04,6.03,80.14,RPG,1.66,2.91,318.27,3.56,Medium,88.18681186758415,B+
3959,19,Male,1.33,8.23,7.18,68.22,RPG,0.5,6.2,310.9,7.55,Medium,91.37,A-
3960,21,Female,3.57,4.99,6.37,90.02,FPS,3.38,5.62,281.14,4.84,Medium,62.21,D-
3961,23,Male,2.72,5.42,6.43,90.01,RPG,1.55,8.01,289.41,7.75,Medium,68.72,D+
3962,23,Male,3.74,7.03,7.68,80.92,FPS,1.69,6.64,283,10.67,Medium,90.05,A-
3963,21,Male,3.43,2.99,7.07,71.03,FPS,3.59,8.21,281.38,12.06,Medium,61.32,D-
3964,19,Female,5.16,4.47,4.4,83.45,Casual,4.73,7.46,261.86,12.17,Low,55.65,F
3965,23,Male,7.5,6.62,4.33,97.34,Casual,1.67,11.76,230.24,16.27,Low,34.06,F
3966,23,Male,0.86,1.26,5.53,62.07,RPG,3.73,2.92,308.34,2.21,Medium,39.86,F
3967,16,Male,0.79,4.93,6.15,70.68,FPS,4.78,1.9,329.68,0.05,Medium,77,C+
3968,19,Female,6.82,6.39,5.38,71.4,RPG,0.49,11.89,240.27,19.1,Low,41.82,F
3969,19,Other,4.05,9.71,7.26,85.27,Casual,2.65,9.33,268.55,12.04,Medium,100,A
3970,22,Male,6.13,8.89,4.98,86.05,RPG,0.06,11.53,249.35,14.6,High,75.42369325142297,C
3971,22,Male,1.72,3.53,7.52,68.25,RPG,4.13,2.9,288.53,5.12,Medium,69.48,D+
3972,23,Female,6.63,5.56,7.87,68.64,Casual,1.43,11.43,251.1,15.44,Low,42.21,F
3973,20,Female,7.39,1.51,4.62,97.13,RPG,1.66,12.57,232.7,16.77,Low,13.62,F
3974,22,Male,5.08,3.17,7.25,90.25,Casual,3.44,7.64,257.02,9.93,Low,54.05,F
3975,23,Female,0.85,7.97,8.81,97.37,RPG,3.95,4.2,306.76,1.9,Medium,100,A
3976,24,Female,7.16,2.11,4.96,93.19,FPS,2,10.2,219.55,16.6,Low,22.48,F
3977,18,Male,6.34,3.32,8.55,76.08,FPS,3.33,9.54,263.43,16.38,Low,39.78,F
3978,18,Female,6.01,9.5,7.03,64.88,RPG,4.78,11.24,251.13,13.96,Low,77.65858445055682,C+
3979,19,Female,0.29,8.41,6.95,85.18,RPG,4.43,3.38,335.89,0.54,Medium,99.98,A
3980,20,Female,6.39,8.04,4.26,74.08,RPG,3.51,8.9,242.07,15.94,High,67.35251023817376,D+
3981,16,Male,1.1,8.78,7.74,77.02,FPS,4.72,2.75,312.7,3.18,Medium,100,A
3982,22,Male,1.78,7.75,6.39,77.04,Casual,4.38,6.15,307.33,1.28,Medium,100,A
3983,24,Male,4.62,2.09,7.61,97.46,Casual,3.65,6.04,270.8,8.54,Medium,56.25,F
3984,23,Male,2.12,5.65,8.05,62.75,RPG,4.59,3.43,291.39,5.83,Medium,80.57,B-
3985,20,Female,5.29,5,6.62,67.72,Casual,4.09,9.7,240.15,11.21,Low,61.34,D-
3986,19,Female,4.86,3.8,5.32,84.32,FPS,2.51,9.33,285.59,12.06,Medium,49.32,F
3987,22,Female,0.87,8.51,4.71,95.35,RPG,2.51,2.87,303.59,0.25,High,99.95,A
3988,20,Other,5.25,5.18,4.8,96.72,RPG,0.04,11.04,283.71,12.57,Low,60.02,D-
3989,22,Male,7.39,1.54,8.33,82.35,RPG,0.15,12.33,226.62,15.08,Low,27.95,F
3990,16,Female,1.29,3.47,4.62,61.38,RPG,3.73,5.72,319.64,2.33,Medium,59.44,F
3991,16,Female,4.78,3.06,5.92,74.52,RPG,2.77,9.55,269.82,10.43,Medium,42.66,F
3992,18,Male,2.73,8.99,5.67,96.75,FPS,3.8,5.79,294.88,8.74,High,100,A
3993,17,Female,3.68,6.83,8.33,80,FPS,4.75,6.96,270.89,9.83,Medium,81.7,B-
3994,17,Male,2.3,6.04,6.39,89.06,Casual,2.26,7.65,289.67,11.38,Medium,86.85,B
3995,22,Female,2.83,5.56,8.98,70.77,FPS,0.44,3.96,283.45,5.03,Medium,75.51,C
3996,17,Female,0.23,6.85,7.69,61,FPS,3.13,5.24,319.99,5,Medium,90.63,A-
3997,19,Male,7.85,7.79,8.25,83.13,RPG,0.5,11.09,224.95,21.04,Low,72.38703736728945,C-
3998,17,Female,5,5.99,4.49,93.4,FPS,3.11,8.32,255.93,13.9,Medium,52.43,F
3999,21,Female,4.01,9.44,5.27,99.61,RPG,2.64,6.64,263.72,11.61,High,95.73,A
4000,23,Male,3.07,9.79,4.68,93.87,RPG,3.56,7.11,275.99,8.4,High,88.18,B+
4001,19,Male,4.31,9.96,6.32,82.16,FPS,1.75,8.69,273.62,11.27,Medium,88.07,B+
4002,20,Male,3.04,7.02,7.59,84.35,FPS,0.72,4.84,276.5,5.14,Medium,86.76,B
4003,19,Female,2.88,9.39,4.85,92.97,FPS,1.18,6.71,274.45,2.33,High,100,A
4004,18,Female,3.71,4.64,4.65,60.79,RPG,3.42,7.03,276.89,9.49,Medium,60.59152811309706,D-
4005,20,Female,2.21,8.74,7.07,98.07,Casual,2.39,7.12,271.66,4.96,Medium,100,A
4006,24,Female,1.44,9.18,5.15,81.25,FPS,2.7,5.17,302.66,3.89,High,100,A
4007,23,Female,4.45,9.14,6.4,98.08,RPG,1.61,7.6,267.39,8.82,Medium,89.77,B+
4008,23,Male,6.74,8.48,4.26,90.58,Casual,4.18,10.38,244.75,15.95,High,75.97924923226502,C
4009,23,Female,1.22,4.66,7.4,66.09,FPS,5,4.67,308.77,3.77,Medium,89.6226704450395,B+
4010,23,Male,0.26,2.43,6.71,66.61,RPG,1.56,5.94,304.1,5.87,Medium,61.81,D-
4011,22,Male,1.97,4.01,7.24,74.15,RPG,3.59,4.53,294.5,3.77,Medium,65.75,D
4012,23,Female,7.84,7.91,5.38,70.56,Casual,0.86,9.03,232.45,16.64,High,65.89798196799624,D
4013,23,Male,6.63,3.1,5.39,77.57,Casual,3.71,10.94,244.62,15.03,Low,41.906230474431425,F
4014,23,Female,4.77,5.3,8.01,84.16,FPS,2.15,8.79,254.94,10.96,Medium,67.14,D+
4015,22,Female,7.43,6.09,7.59,77.46,FPS,3.03,12.98,235,17.48,Low,47.11,F
4016,16,Male,3.56,6.43,6.9,62.26,RPG,1.19,5.15,286.43,10.96,Medium,81.49,B-
4017,19,Male,7.87,9.42,7.14,99.03,FPS,4.26,11.48,215.8,19.23,Low,80.81772701483462,B-
4018,19,Female,2.37,6.95,4.47,77,FPS,0.87,4.12,271.96,4.7,Medium,77.13,C+
4019,20,Female,1.92,8.08,8.28,94.04,Casual,4.64,5.2,314.7,4.26,Medium,100,A
4020,21,Male,5.1,6.24,7.85,62.96,RPG,0.31,10.1,261.95,11.14,Low,68.14,D+
4021,19,Male,3.03,8.5,6.95,92.4,RPG,1.44,8.32,279.07,8.94,Medium,92.37839281437353,A-
4022,17,Female,5.01,3.37,8.59,66.94,FPS,2.81,10.18,254.96,9.57,Low,55.6,F
4023,21,Female,2.44,2.89,4.84,87.18,FPS,4.29,6.18,292.19,6.32,Medium,63.23,D
4024,23,Male,4.94,9.34,7.43,86.47,FPS,2.89,9.11,271.13,12.73,Medium,80.23,B-
4025,23,Male,2.21,7.24,8.81,96.39,Casual,1.08,5.97,278.38,4.85,Medium,96.28,A
4026,22,Female,0.41,7.04,5.55,72.83,Casual,4.3,4.22,311.07,2.81,High,88.59,B+
4027,21,Female,7.3,5.21,4.08,64.36,RPG,2.98,12.73,248.94,17.85,Low,26.77,F
4028,17,Other,7.07,4.39,7.67,94.58,FPS,1.16,9.12,243.41,11.64,Low,59.70146255883277,F
4029,22,Female,7.77,6,4.03,73.26,Casual,2.81,10.96,234.15,17.55,Low,34.5,F
4030,20,Female,5.73,2.09,8.36,69.3,Casual,3.38,9.78,255.32,12.57,Low,40.46,F
4031,21,Male,5.46,5.09,4.28,79.45,Casual,3.4,10.29,257.58,17.03,Low,54.79,F
4032,23,Female,4.47,5.1,7.26,65.85,RPG,3.62,9.28,261.68,11.74,Medium,64.26,D
4033,23,Male,1.01,5.85,5.89,71.88,RPG,4.48,2.6,302.3,0.98,Medium,76.57,C
4034,18,Female,1.51,6.71,5.02,75.41,RPG,4.12,3.62,309.94,0.44,Medium,87.76,B+
4035,22,Male,2.32,9.62,8.49,71.09,FPS,3.04,7.88,286.76,7.32,Medium,100,A
4036,16,Male,7.12,6.87,7.73,78.01,RPG,0.16,9.91,237.4,18.25,Low,60.28,D-
4037,16,Female,1.38,8.95,5.7,75.39,Casual,3.75,2.39,304.96,2.05,High,100,A
4038,22,Female,7.38,6.01,5.42,90.98,Casual,4.87,9.38,253.36,16.39,Low,53.01,F
4039,24,Male,4.18,6.64,7.68,96.74,RPG,1.53,10.03,268.24,12.77,Medium,82.91,B-
4040,22,Female,5.72,1.63,8.18,64.04,Casual,3.03,8.27,263.04,14.09,Low,46.81945007151288,F
4041,20,Male,0.88,2.2,7.58,92.93,RPG,3.84,4.95,316.51,3.79,Medium,64.35,D
4042,23,Male,2.15,6.22,7.2,97.27,FPS,3.2,6.78,293.03,5.3,Medium,86.68,B
4043,17,Female,7.67,4.56,5.14,87.46,Casual,4.61,11.9,215.52,16.94,Low,28.86,F
4044,24,Male,2.13,8.19,8.26,99.86,RPG,2.37,5.02,293.91,3.57,Medium,100,A
4045,21,Female,2.37,5.89,7.75,73.4,Casual,2.66,5.52,300.55,4.43,Medium,89.7,B+
4046,24,Male,1.58,8.94,6.59,93.21,FPS,0.19,6.77,288.79,7.73,Medium,100,A
4047,17,Female,1.03,9.75,6.56,86.95,Casual,4.5,5.34,316,4.89,Medium,100,A
4048,18,Female,1.87,2.33,6.85,72.94,RPG,1.31,2.99,310.99,4.88,Medium,68.77,D+
4049,23,Male,5.14,4.55,8.14,88.19,RPG,4.89,7.16,259.28,9.86,Low,54.36,F
4050,16,Male,3.64,6.98,7.71,80.38,Casual,1.01,6.07,285.46,10.89,Medium,74,C
4051,22,Female,4.43,3.75,8.28,67.56,Casual,1.27,7.26,268.24,9.81,Medium,52.9,F
4052,22,Female,0.98,3.4,6.54,66.96,RPG,2.42,4.86,313.95,4.16,Medium,58.44,F
4053,16,Male,6.42,8.32,7.12,88.54,FPS,3.3,9.25,257.9,16.58,Low,88.86242955130578,B+
4054,24,Female,6.27,9.82,8.27,88.48,Casual,2.2,11.4,229.22,13.66,Low,100,A
4055,23,Male,0.17,7.96,5.16,81.23,Casual,1.76,3.54,310.31,0.75,High,92.69,A-
4056,19,Male,3.07,5.71,6.22,80.06,FPS,2.7,6.58,295.67,9.96,Medium,69.12,D+
4057,20,Female,0.55,4.98,7.1,67.2,RPG,4.79,3.69,327.75,4.3,Medium,79.15,C+
4058,17,Male,6.34,5.86,8.58,77.17,RPG,4.81,8.89,229.84,14.64,Low,57.11,F
4059,24,Female,5.9,5.17,4.08,94.86,FPS,1.64,10.52,264.82,9.75,Low,44.42,F
4060,21,Female,7.22,5.53,5.06,94.19,FPS,3.4,9.37,207.64,18.07,Low,41.9,F
4061,18,Female,1.89,2.83,5.17,86.44,RPG,3.61,6.34,303.58,4.79,Medium,65.34,D
4062,22,Female,3.65,9.13,5.63,99.89,Casual,3.27,7.3,278.39,7.97,High,84.99,B
4063,24,Female,1.48,7.79,5.41,95.73,FPS,0.57,2.99,294.91,3.31,High,96.18549629406964,A
4064,18,Female,2.97,7.13,6.95,65.81,Casual,2.7,4.06,277.64,4.09,Medium,83.45274083221561,B
4065,17,Female,4.18,9.55,8.43,75.97,Casual,3.82,6.03,263.49,11.72,Medium,99.33,A
4066,22,Other,0.43,3.56,7.18,65.28,Casual,1,5.24,312.8,3.61,Medium,62.77,D-
4067,22,Female,5.72,1.73,5.21,78.64,FPS,1.74,8.64,271.22,14.3,Low,36.62,F
4068,19,Male,4.35,8.44,8.32,91.06,RPG,1.02,9.37,276.03,9.66,Medium,97.35,A
4069,24,Female,6.63,9.99,7.16,66.23,RPG,4.43,10.14,254.78,16.99,Low,91.20976080889824,A-
4070,23,Female,2.17,6.21,5.09,95.22,Casual,4.29,3.33,290.74,7.77,Medium,84.07,B
4071,16,Female,7.23,1.53,5.81,82.76,RPG,0.85,12.46,235.54,14.53,Low,20.5,F
4072,16,Female,7.99,8.02,7.95,89.96,FPS,3.8,13.67,213.4,16.57,Low,70.52436446679961,C-
4073,20,Female,7.35,1.66,7.69,61.81,FPS,1.82,8.72,229.02,13.77,Low,25.62,F
4074,21,Other,6.22,5.86,6.88,63.75,RPG,3.43,8.26,239.84,15.31,Low,55.78,F
4075,18,Male,6.5,3.5,4.72,84.83,Casual,2.47,11.08,246.89,15.65,Low,33.69,F
4076,24,Female,4.59,9.24,8.02,93.53,RPG,2.36,10.58,257.85,12.04,Medium,100,A
4077,21,Male,1.52,5.06,5.54,94.95,RPG,4.41,6.9,293.39,6.46,Medium,87.98642754838725,B+
4078,19,Female,5.42,9.09,7.86,87.53,FPS,3.18,6.91,258.92,15.45,Low,98.83756187464044,A
4079,22,Female,5.7,3.69,7.24,68.04,Casual,1.18,9.74,251.06,9.93,Low,36.88,F
4080,23,Male,7.88,4.49,5.32,67.8,RPG,0.55,12.21,218.43,17.31,Low,20.71,F
4081,24,Male,4.33,9.52,5.06,95.25,Casual,4.67,8.48,259.57,4.58,High,93.93,A
4082,21,Female,2.17,2.81,4.65,64.53,RPG,0.77,6.01,286.95,7.27,Medium,48.26,F
4083,21,Male,5.47,6.21,5.21,87.44,RPG,3.67,7.93,262.51,14.34,Low,61.14,D-
4084,23,Male,7.84,4.5,4.79,81.34,RPG,2.48,12.18,230.1,17.24,Low,27.06,F
4085,20,Female,1.42,7.97,7.09,76.86,FPS,0.7,6.06,295.41,6.47,Medium,94.84,A
4086,18,Male,2.61,2.16,6.99,77.61,FPS,3.88,6.49,281.53,4.09,Medium,60.145987993357096,D-
4087,18,Female,4.34,4.93,6.93,97.81,FPS,4.52,7.83,256.45,11.38,Medium,64.39,D
4088,21,Female,1.36,7.29,7.21,94.46,RPG,0.61,3.46,299.75,8.68,Medium,100,A
4089,17,Male,0.18,4.66,8.07,94.6,RPG,0.34,3.9,319.07,1.46,Medium,84.03,B
4090,21,Male,2.7,1.53,8.57,76.26,FPS,4.25,4.34,278.81,7.05,Medium,59.87,F
4091,21,Female,6.92,7.35,5.15,64.28,RPG,2.5,8.28,258.83,13.34,High,65.18667867727007,D
4092,23,Female,0.35,5.53,6.94,99.91,RPG,3.37,5.24,322.04,3.5,Medium,90.67,A-
4093,22,Female,3.43,1.1,4.39,65.81,RPG,2.21,7.81,278.52,11.27,Medium,21.25,F
4094,23,Female,6.1,6.51,4.6,80.62,FPS,2.06,10.35,247.65,15.52,Low,52.72982331498017,F
4095,24,Female,7.63,9.28,7.27,70.58,RPG,1.5,13.27,214.53,17.88,Low,77.88165076265686,C+
4096,21,Male,7.88,2,6.43,80.43,FPS,2.81,10.78,213.45,16.97,Low,13.83,F
4097,18,Male,3.38,6.32,7.79,72.2,FPS,0.8,6.38,292.67,5.86,Medium,74.54,C
4098,18,Male,7.6,7.56,6.13,95.88,RPG,3.59,10.67,245.15,18.77,Low,68.71342354627689,D+
4099,16,Male,0.28,1.64,4.64,98.73,FPS,2.75,3.61,294.49,3.72,Medium,53.79,F
4100,20,Female,5.97,1.2,8.36,76.4,Casual,4.24,9.53,253.06,11.21,Low,23.78,F
4101,19,Female,5.14,5.18,4.41,62.81,Casual,4.61,10.03,272.14,13.08,Low,39.63,F
4102,24,Male,2,8.12,4.94,86.53,RPG,4.5,4.09,292.58,3.19,High,91.76,A-
4103,24,Female,4.06,2.45,5.38,75.07,FPS,3.01,7.23,286.47,8.79,Medium,39.61,F
4104,20,Male,1.04,8.53,8.98,99.44,RPG,1.59,4.57,315.19,5.47,Medium,100,A
4105,19,Male,6.97,6.91,6.08,63.57,RPG,1.79,8.82,240.87,16.84,Low,48.49,F
4106,22,Female,2.86,3.99,6.51,64.77,FPS,3.26,7.37,283.23,9.4,Medium,59.83,F
4107,21,Male,5.01,5.64,7.85,87.98,FPS,3.56,6.29,260.8,10.12,Low,74.99,C
4108,19,Male,1.27,9.69,7.18,90.35,FPS,0.81,5.2,300.29,5.43,Medium,100,A
4109,17,Male,1.65,2.95,8.21,78.84,FPS,4.99,3.66,303.16,2.76,Medium,82.78,B-
4110,16,Male,7.94,5.5,6.43,71.09,RPG,0.54,8.98,227.25,17.91,Low,43.56,F
4111,19,Female,6.02,6.62,8.86,72.39,Casual,3.04,8.6,243.42,13.29,Low,66.76,D
4112,19,Female,7.7,2.24,7.98,73.52,FPS,2.66,10.85,208.13,16.03,Low,22.72,F
4113,16,Male,2.37,1.39,6.01,69.01,FPS,2.95,7.46,289.61,5.83,Medium,52.5,F
4114,21,Male,1.32,1.12,5.91,94.03,FPS,2.67,4.36,293.98,5.52,Medium,59.22,F
4115,19,Female,4.02,3.92,8.65,62.6,RPG,0.29,9.6,260.55,10.56,Medium,62.55,D-
4116,16,Female,3.96,1.67,7.42,76.29,FPS,4.98,9.17,265.58,9.55,Medium,48.22,F
4117,16,Male,1.4,8.23,7.11,89.9,FPS,4.91,3.36,311.47,2.79,Medium,100,A
4118,16,Male,5.87,9.98,7.79,60.15,FPS,2.62,7.65,238.45,10.14,Low,83.64716903177693,B
4119,23,Female,2.89,1.55,6.8,95.12,RPG,1.04,5.11,276.45,7.22,Medium,57.41,F
4120,23,Female,1.49,4.89,4.8,88.25,RPG,0.91,4.29,309.19,4.95,Medium,71.97,C-
4121,17,Male,2.66,1.23,5.6,62.93,Casual,0.29,6.58,280.42,4.32,Medium,36.99,F
4122,22,Female,4.51,2.21,6.79,95.8,RPG,3.06,6.13,254.61,7.68,Medium,54.65,F
4123,23,Male,5.81,3.91,4.09,79.49,FPS,2.39,9.47,258.37,10.15,Low,33.14,F
4124,23,Female,3.86,4.54,6.19,86.09,Casual,2.08,7.76,272.39,12.08,Medium,59.47,F
4125,22,Female,4.2,9.46,7.78,95.28,FPS,2.63,8.5,270.25,11.79,Medium,100,A
4126,20,Female,1.11,4.56,4.82,95.25,RPG,4.36,4.86,304.44,6.3,Medium,84.61,B
4127,16,Male,7.32,5.47,4.32,76.35,FPS,0.35,12.45,236.39,20.45,Low,45.42,F
4128,24,Male,7.43,3.21,8.18,69.51,FPS,2.72,11.64,237.69,17.84,Low,38.04,F
4129,22,Male,5.47,1,7.09,70.3,RPG,3.51,11.09,253.13,13.63,Low,35.51,F
4130,17,Female,0.14,9.09,4.88,90.64,FPS,4.85,4.64,303.34,2.92,High,100,A
4131,21,Male,4.3,1.74,8.03,97.18,FPS,3.7,7.48,271.37,8.9,Medium,66.68,D
4132,17,Male,5.03,9.68,7.29,62.89,FPS,2.74,7.08,256.24,9.48,Low,99.02838993682737,A
4133,16,Male,7.96,2.18,5.67,60.6,Casual,3.83,9.01,233.05,15.6,Low,8.85,F
4134,22,Female,7.97,6.44,5.88,92.92,FPS,4.99,9.42,215.4,16.17,Low,46.95,F
4135,17,Male,6.86,9.99,4.78,75.46,RPG,4.44,8.81,234.54,11.37,High,72.75762353957128,C-
4136,17,Male,0.51,2.25,8.18,71.06,Casual,0.45,2.59,299.06,-0.41,Medium,60.24,D-
4137,20,Male,7.63,4.82,6.55,67.53,FPS,2.87,12.34,236.27,15.07,Low,38.77558878844396,F
4138,20,Female,4.9,8.02,6.79,73.86,Casual,3.93,7.83,273.45,8.64,Medium,77.65,C+
4139,22,Female,6.41,1.29,8.42,98.86,Casual,3.36,9.03,238.2,15.4,Low,34.67,F
4140,16,Female,3.26,7.21,4.08,99.08,Casual,2.08,4.52,278.94,6.48,High,80.77,B-
4141,23,Female,2.56,1.72,4.33,73.26,RPG,1.61,6.25,281.18,6.58,Medium,41.61,F
4142,18,Female,3.71,3.13,4.81,98.55,FPS,3.14,7.77,268.35,10.22,Medium,57.98,F
4143,19,Male,1.17,2.44,4.15,71.99,Casual,2.06,6.56,312.9,6.68,Medium,54.69,F
4144,24,Female,2.86,9.17,7.29,94.18,FPS,1.96,6.37,280.64,8.39,Medium,100,A
4145,19,Male,6.86,2.62,7.17,68.48,FPS,4.18,7.9,242.43,17.52,Low,19.95,F
4146,20,Male,0.3,1.36,5.05,93.06,FPS,1.58,1.63,316.25,1.34,Medium,47.9,F
4147,22,Female,1.21,6.29,4.75,74.15,Casual,3.22,3.57,312.99,3.99,Medium,77.31,C+
4148,19,Male,1,4.12,4.73,67.83,FPS,4.37,2.7,304.08,1.64,Medium,68.54,D+
4149,16,Male,3.22,4.65,8.77,97.39,RPG,3.11,8.07,292.21,5.08,Medium,76.73,C
4150,24,Male,7.98,2.07,7.47,68.57,FPS,2.46,9.52,242.99,16.89,Low,21.43,F
4151,19,Female,1.39,7.73,6.93,99.67,RPG,0.18,3.19,286.32,5.41,Medium,100,A
4152,24,Male,1.16,6.41,5.61,64.34,RPG,3.41,5.49,305.16,3,Medium,80.41,B-
4153,21,Female,7.32,4.28,6.17,60.4,FPS,4.99,9.52,231.23,14.72,Low,29.99,F
4154,16,Female,7.06,2.54,4.45,94.83,FPS,4.04,12.91,228.12,18.97,Low,21.75,F
4155,18,Female,0.26,6.34,8.99,83.46,FPS,3.17,5.58,320.96,3.08,Medium,100,A
4156,17,Male,6.01,8.01,7.78,76.87,FPS,2.35,10.73,259.09,12.53,Low,84.12999548134037,B
4157,24,Female,5.24,3.81,7.11,63.28,RPG,1.12,7.96,237.38,9.92,Low,53.574839194451776,F
4158,16,Male,6.14,1.23,6.94,83,Casual,3.46,7.42,225.82,14.23,Low,36.41,F
4159,24,Male,3.96,2.93,6.52,75.75,RPG,0.89,6.64,289.05,9,Medium,44.45,F
4160,24,Male,7.93,7.14,5.29,79.34,Casual,4.44,10.81,222.44,17.01,High,47.2844343638609,F
4161,23,Female,0.35,9.9,5.13,85.22,Casual,1.77,1.99,316.69,-1.24,High,100,A
4162,23,Male,1.87,1.12,6.75,85.6,RPG,2,3.47,286.88,5.49,Medium,60.84,D-
4163,16,Male,3.17,3.76,4.35,98.42,FPS,1.08,7.51,282.4,10.57,Medium,62.39,D-
4164,23,Male,3.6,1.56,4.37,86.2,Casual,2.41,5.76,290.49,7.56,Medium,30.34,F
4165,18,Male,7.37,3.85,6.8,73.58,RPG,3.4,11.76,236.52,17.75,Low,31.44,F
4166,22,Female,4.48,4.65,8.6,73.19,Casual,1.51,8.22,268.17,10.02,Medium,65.43,D
4167,16,Female,0.36,9.29,8.57,79.09,RPG,3.51,5.87,297.98,4.66,Medium,100,A
4168,16,Female,3.26,1.73,4.05,70.37,Casual,3.1,8.25,288.31,10,Medium,31.44,F
4169,20,Male,3.33,7.99,4.54,75.06,Casual,1.86,5.09,280.14,6.77,High,80.11,B-
4170,20,Male,7.72,4.56,6.92,93.68,Casual,1.56,11.77,221.28,13.21,Low,41.71,F
4171,23,Other,4.79,8.3,8.24,94.39,RPG,4.31,9.06,268.95,10.12,Medium,98.98,A
4172,22,Male,5.09,5.62,8.77,85.11,RPG,0.06,10.4,250.44,13.52,Low,82.34,B-
4173,23,Female,5.71,1.35,8.3,83.31,Casual,3.58,9.91,257.09,15.29,Low,42.98,F
4174,21,Male,6.16,9.52,7.39,77.08,Casual,2.09,7.86,258.25,11.96,Low,90.9708999502487,A-
4175,21,Female,5.08,1.74,5,85.44,FPS,3.59,7.37,260.58,13.99,Low,35.63,F
4176,17,Male,1.9,6.38,4.36,92.24,RPG,2.54,6.09,292.96,8.88,Medium,86.06,B
4177,21,Male,6.99,8.9,4.24,89.51,RPG,0.42,12.55,230.4,18.16,High,75.8719012047443,C
4178,20,Female,5.86,1.72,7.06,61.42,FPS,4.91,11.32,253.51,12.18,Low,30.72,F
4179,18,Female,5.93,5.99,4.18,89.25,FPS,0.43,8.73,244.52,14.68,Low,53.22,F
4180,21,Male,7.97,8.42,7.7,88.8,FPS,0.79,13.12,248.02,17.44,Low,75.65279734632385,C
4181,23,Female,6.42,9.88,7.56,63.96,Casual,2.1,9.98,228.81,13.43,Low,94.13800371459588,A
4182,24,Female,6.63,7.52,4.4,66.01,FPS,4.72,9.95,239.14,15.83,High,54.11263315405466,F
4183,16,Male,7.61,3.51,8.53,91.52,RPG,1.47,10.36,231.41,17.45,Low,47.15,F
4184,18,Male,1.21,7.3,6.61,82.36,Casual,2.84,5.6,307.02,5.53,Medium,97.99,A
4185,18,Male,3.98,7.35,8.52,92.87,FPS,2.61,7.98,266.63,11.27,Medium,86.21,B
4186,23,Male,4.64,7.3,8.51,67.39,FPS,1.65,7.51,276.64,10.6,Medium,71.31,C-
4187,16,Female,2.63,8.69,4.99,61.22,Casual,3.48,7.44,295.11,4.77,High,83.46,B
4188,20,Male,6.72,1.79,5.9,66.48,Casual,2.51,9.62,246.76,19.06,Low,19.62,F
4189,18,Male,6.1,1.98,4.67,78.1,FPS,2.89,10.02,240.12,13.38,Low,18.46,F
4190,17,Male,5.77,6.77,7.87,80.93,Casual,1.05,8.73,246.73,11.59,Low,68.51,D+
4191,23,Female,7.98,9.58,6.52,94.31,Casual,4.63,9.56,229.12,14.32,Low,79.04780267681176,C+
4192,18,Male,2.08,5.19,8.64,88.65,Casual,0.55,3.89,284.03,5.37,Medium,94.05,A
4193,22,Male,5.88,9.65,5.04,99.62,FPS,3.45,10.16,256.1,13.97,High,88.78100999297867,B+
4194,16,Male,4.41,9.44,7.44,63.15,RPG,4.43,9.47,266.07,11.11,Medium,87.45,B+
4195,21,Female,2.5,9.13,8.95,65.21,RPG,0.42,5.84,300.65,9.67,Medium,100,A
4196,18,Male,1.28,9.19,7.33,63.37,FPS,0.14,3.91,300.36,5.19,Medium,100,A
4197,23,Female,7.17,9.08,4.34,81.54,FPS,1.67,9.85,252.1,13.64,High,66.80050017443472,D
4198,21,Male,4.76,8.38,6.94,70.67,FPS,3.95,8.75,266.99,15.66,Medium,80.22,B-
4199,17,Male,6.6,7.25,4.9,87.35,RPG,3.59,9.94,246,11.84,High,68.25916954345982,D+
4200,21,Female,4.36,1.22,4.15,65.31,FPS,4.11,5.36,260.75,8.99,Medium,30.87904942932205,F
4201,22,Male,1.76,2.19,5.67,64.13,FPS,1.99,6.62,301.41,4.49,Medium,52.21,F
4202,20,Female,2.7,2.21,5.33,78.41,Casual,4.97,4.41,282.11,7,Medium,44.06,F
4203,18,Female,3.05,1.21,7.94,75.04,RPG,1.83,7.42,268,9.56,Medium,44.85,F
4204,19,Female,7.78,2.05,5.87,93.17,FPS,4.03,10.5,224.68,16.09,Low,16.02,F
4205,19,Female,0.05,9.28,7.66,93.5,Casual,1.75,3.94,331.03,4.15,Medium,100,A
4206,21,Male,7.89,6.97,4.08,64.7,RPG,1.09,13.17,224.68,18.82,Low,34.72,F
4207,16,Male,7.84,3.81,4.07,92.49,RPG,1.68,9.61,222.98,19.49,Low,25.22,F
4208,19,Female,7.97,8.14,4.15,82.57,FPS,0.96,12.86,221.29,20.24,High,54.26873081183903,F
4209,19,Female,3.81,5.4,5.1,80.14,FPS,0.65,5,296.7,7.27,Medium,57.77,F
4210,16,Female,7.71,2.28,5.87,63.79,RPG,1.82,13.32,233.56,20.34,Low,24.24,F
4211,24,Male,3.16,8.96,7.04,89.59,Casual,0.73,5.17,266.18,6.03,Medium,95.36,A
4212,19,Male,0.21,4.05,8.93,62.39,FPS,2.51,5.18,312.05,4.16,Medium,75.58,C
4213,22,Female,1.79,7.29,5.77,71.11,RPG,0.18,3.13,294.51,5.3,High,88.08070592775219,B+
4214,18,Male,7.56,3.62,4.28,63.82,FPS,2.16,10.2,222.07,15.41,Low,19,F
4215,18,Male,0.11,5.5,4.97,81.23,FPS,4.79,4.28,319.32,-1.68,Medium,86.27,B
4216,23,Male,4.37,8.35,8.49,85.81,FPS,1.79,8.66,261.82,13.84,Medium,90.6,A-
4217,23,Female,0.6,2.41,7.5,95.63,Casual,0.69,5.09,307.67,4.28,Medium,70.48,C-
4218,16,Male,2.29,9.8,7.95,89.35,FPS,1.53,5.04,294.06,6,Medium,100,A
4219,17,Female,0.7,1.63,4.62,98.44,FPS,3.96,5.03,296.19,3.6,Medium,67.44543707876892,D+
4220,23,Male,6.88,5.81,4.67,90.44,Casual,1.57,10.02,215.93,17.28,Low,32.1,F
4221,16,Female,4.73,9.24,4.56,71.92,FPS,1.92,8.56,275.67,15.75,High,77.92,C+
4222,23,Female,7.22,9.51,8.29,81.9,FPS,3.94,10.96,241.73,18.12,Low,93.96727618904193,A
4223,23,Male,5.51,3.09,5.05,78.32,FPS,1.3,7.35,257.57,12.68,Low,46.546290369350146,F
4224,17,Female,7.77,2.3,7.22,82.64,Casual,2.39,13,229.81,18.73,Low,23.61,F
4225,19,Male,4.08,7.52,6.58,82.88,FPS,0.32,9.42,269.15,11.56,Medium,83.79,B
4226,21,Male,5.11,1.38,6.72,88.08,Casual,0.87,7.13,288.84,9.22,Low,41.86,F
4227,24,Female,4.61,5.37,4.98,63.32,FPS,1.05,7.69,266.61,11.93,Medium,52.21,F
4228,23,Male,3.87,8.17,7.18,89.87,FPS,2.32,7.19,299.64,6.78,Medium,93.34,A
4229,23,Male,6.77,6.04,4.22,65.75,Casual,4.1,10.51,259.39,16.29,Low,41.72,F
4230,22,Male,5.16,2.69,8.97,61.05,RPG,1.77,6.27,262.7,9.93,Low,41.03,F
4231,24,Male,6.41,5.38,4.13,80.76,FPS,1.9,11.2,240.98,16.95,Low,34.83,F
4232,17,Female,6.29,9.29,4.25,83.26,RPG,1.51,11.6,244.68,16,High,73.78900096552441,C
4233,18,Male,1.53,6.55,5.62,61.39,FPS,1.6,3.24,297.63,3.21,Medium,73.84,C
4234,23,Female,5.2,7.49,8.16,80.61,RPG,2.02,10.68,262.21,11.12,Low,94.1722737960531,A
4235,21,Female,1.6,4.03,5.29,81.38,RPG,4.5,6.85,307.54,8.78,Medium,74.77,C
4236,24,Male,4.67,2.7,6.36,62.1,FPS,0.12,8.38,251.72,11.02,Medium,42.32,F
4237,19,Male,5.42,3.3,4.09,88.46,Casual,3.12,7.79,281.1,15.5,Low,45.77,F
4238,23,Female,7.98,5.8,4.39,68.41,RPG,4.44,10.02,216.43,14.52,Low,26.26,F
4239,18,Male,0.24,3.52,7.04,91.78,FPS,2.08,3.69,290.26,1.7,Medium,73.13,C
4240,18,Male,0.73,5.88,4.97,72.43,FPS,3.25,4.27,310.42,-1.27,Medium,76.25,C
4241,23,Male,0.62,7.37,7.47,79.12,Casual,2.93,4.88,301.08,4.88,Medium,100,A
4242,20,Female,3.19,7.61,7.93,95.67,FPS,1.69,8.2,281.19,10.56,Medium,91.73,A-
4243,18,Female,6.57,2.48,8.25,92.25,RPG,0.69,12.24,241.87,14.76,Low,51.58,F
4244,16,Male,6.75,7.75,4.67,91.27,Casual,1.1,11.73,243.45,14.68,High,69.1647670000971,D+
4245,18,Male,5.9,7.05,6.28,66.42,RPG,0.29,11.45,259.26,13.8,Low,71.11387109843166,C-
4246,24,Female,7.18,1.11,8.74,61.93,RPG,3.82,10.68,223.77,15.63,Low,22.53,F
4247,20,Female,2.58,1.53,7.86,84.23,FPS,2.66,3.77,285.41,4.64,Medium,55.62,F
4248,17,Female,0.71,6.82,4.58,76.43,RPG,3.93,1.97,318.27,4.21,Medium,85.52,B
4249,22,Female,0.47,4.45,6.51,96.36,FPS,1.45,2.81,307.79,1.17,Medium,71.22721644654703,C-
4250,17,Male,6.82,2.31,8.61,73.98,Casual,4.02,10.89,219.39,11.88,Low,33.18,F
4251,19,Female,5.84,1.4,6.2,76.42,FPS,1.55,8.52,256.11,12.51,Low,31.88,F
4252,22,Male,5.59,2.43,8.19,81.04,FPS,0.61,7.42,247.27,11.07,Low,43.763551266360565,F
4253,19,Male,2.72,9.62,6.48,91.86,FPS,2.67,7.97,281.04,5.45,Medium,98.72,A
4254,22,Female,3.04,7.55,4.53,70.73,FPS,4.73,8.96,284.72,9.42,High,71.57,C-
4255,22,Male,7.66,5.75,4.74,97.67,FPS,2.07,8.74,228.12,12.01,Low,38.71,F
4256,16,Other,0.51,9.47,4.23,81.6,Casual,2.58,1.96,323.85,2.51,High,94.48,A
4257,21,Male,6.19,6.57,4.98,93.64,Casual,2.26,9.69,233.23,14.06,Low,57.44579285336973,F
4258,24,Female,2.48,7.53,8.47,81.02,RPG,2.29,5.17,312.86,5.18,Medium,95.2,A
4259,17,Female,0.31,3.54,7.25,90.88,FPS,1.07,5.22,302.14,0.78,Medium,88.46449441031899,B+
4260,18,Male,5.94,6.3,7.69,62.06,FPS,2.11,10.21,244.84,11.09,Low,60.14,D-
4261,20,Female,2.65,2.29,7.11,91.97,Casual,2.48,3.99,279.51,7.73,Medium,66.28,D
4262,24,Male,5.78,4.64,5.93,80.96,FPS,3.72,9.5,251.2,12.82,Low,47.05,F
4263,19,Female,5.66,1.3,5.08,77.98,RPG,0.7,8.34,252.27,9.3,Low,30.88,F
4264,16,Male,4.28,2.95,8.63,64.46,FPS,2.86,10.11,270.3,11.45,Medium,47.47,F
4265,19,Female,6.22,1.67,6.57,89.66,Casual,3.31,9.6,247.97,13.58,Low,38.73,F
4266,21,Male,4.65,4.49,6.41,65.25,FPS,1.91,10.29,277.26,14.95,Medium,57.56,F
4267,20,Male,2.29,8.59,8.98,67.69,FPS,2.75,3.44,294.09,4.33,Medium,92.95,A-
4268,16,Male,5.87,4.4,5.92,65.06,Casual,3.55,7.39,263.44,14.46,Low,43.49,F
4269,19,Male,4.71,8.48,8.27,60.26,FPS,2.33,7.64,245.98,10.45,Medium,80.96,B-
4270,21,Female,0.1,6.91,8.31,86.48,RPG,1.67,5.53,296.96,0.55,Medium,100,A
4271,19,Female,7.21,5.59,5.16,70.83,FPS,4.12,10.93,234.75,17.22,Low,37.04,F
4272,24,Female,4.37,3.13,4.47,65.98,RPG,4.94,9.49,270.83,13.74,Medium,35.09,F
4273,20,Male,6.95,9.3,8.88,72.8,FPS,1.08,9.37,231.26,16.92,Low,91.18811034103015,A-
4274,23,Female,7.06,1.49,6.13,79.96,RPG,4.45,8.62,235.18,15.53,Low,19.95,F
4275,24,Male,3.56,7.2,4.01,80.14,Casual,2.73,5.79,288.03,10.23,High,64.22,D
4276,20,Female,4.06,6.59,6.5,74.69,Casual,2.24,8.29,277.98,10.58,Medium,71.4,C-
4277,21,Other,3.33,4.97,7.1,79.8,Casual,4.47,8.69,276.74,9.5,Medium,67.64,D+
4278,16,Male,3.6,3.16,7.88,77.09,Casual,4.55,6.87,278.78,5.89,Medium,63.03,D
4279,22,Male,7.16,4.88,8.71,92.91,RPG,1.36,9.13,241.67,15.73,Low,47.1,F
4280,19,Male,6.31,8.85,8.58,61.18,FPS,1.79,10.5,231.98,17.73,Low,96.39740855966684,A
4281,17,Female,1.01,8.53,8.7,94.72,RPG,4.26,2.99,299.83,-0.26,Medium,100,A
4282,20,Female,4.88,9.47,4.16,69.76,FPS,2.45,8.73,270.67,9.06,High,66.65,D
4283,18,Female,7.97,3.77,7.56,88.87,FPS,1.44,9.48,207.06,16.04,Low,33.51,F
4284,21,Male,4.76,4.48,5.13,76.2,Casual,4.81,9.82,251.98,9.34,Medium,47.08,F
4285,23,Female,6.29,1.17,4.94,71.77,RPG,1.09,11.32,232.39,16.46,Low,12.79,F
4286,22,Female,6.15,9.49,8,84.61,FPS,3.05,9.86,255.38,10.7,Low,100,A
4287,18,Male,2.8,3.96,6.09,90.76,Casual,2.14,3.99,275.55,7.56,Medium,77.13,C+
4288,23,Female,2.97,4.64,8.58,78,Casual,2.26,5.37,292.28,9.15,Medium,84.67,B
4289,17,Male,5.79,9.17,4.21,78.66,RPG,0.53,7.48,246.99,13.74,High,77.9727782161764,C+
4290,24,Male,4,5.74,8.01,62.35,RPG,1.29,7.62,289.79,9.85,Medium,65.28,D
4291,19,Female,4.56,6.1,4.68,96.96,FPS,0.83,6.07,266.56,10.94,Medium,66.33,D
4292,16,Male,5.7,2.59,4.88,93.88,Casual,3.75,11.05,262.27,11.76,Low,47.45914603068748,F
4293,23,Female,6.22,5.49,6.39,75.92,FPS,3.49,11.47,249.96,15.58,Low,51.27,F
4294,22,Female,2.17,9.26,5.98,90.6,Casual,3.97,3.95,289.45,3.99,High,100,A
4295,20,Male,1.17,6.03,6.43,72.53,Casual,3.5,5.64,305.83,6.36,Medium,88.35,B+
4296,20,Female,2.33,3.3,8.7,89.22,Casual,0.64,6.81,292.12,8.32,Medium,75.68,C
4297,22,Female,4.06,1.28,7.29,80.67,Casual,4.89,7.04,266.66,7.99,Medium,38.6,F
4298,20,Male,2.74,4.03,5.45,78.43,RPG,0.94,4.5,296,7.06,Medium,59.79,F
4299,23,Male,4.55,6.15,4.86,62.26,Casual,1.75,6.21,290.51,10.72,Medium,65.16,D
4300,21,Male,0.43,1.38,6.1,98.62,Casual,3.53,5.13,316,2.26,Medium,64.15,D
4301,20,Male,4.08,6.49,6.26,93.5,FPS,0.7,6.18,278.21,9.25,Medium,81.39,B-
4302,24,Male,2.94,5.71,7.01,91.74,FPS,0.85,6.96,290.01,8.91,Medium,89.8,B+
4303,17,Male,4.28,8.05,5.33,72.2,RPG,4.38,9.61,242.54,10.31,High,67.67,D+
4304,16,Male,3.38,1.26,7.84,71.58,Casual,1.66,7.35,284.36,6.97,Medium,60.96,D-
4305,23,Female,2.27,8.03,4.49,82.93,Casual,3.33,8.14,297.18,7.93,High,97.19900938805417,A
4306,18,Male,7.23,5.69,6.8,93.85,Casual,4.29,11.46,220.75,19.54,Low,56.42,F
4307,22,Female,1.48,4.33,7.12,97.39,FPS,4.87,4.05,284.35,3.94,Medium,81.73,B-
4308,23,Female,5.45,9.69,5.03,70.76,RPG,1.05,10.71,258.87,12.83,High,92.47239528343034,A-
4309,21,Female,7.4,2.44,8.13,84.3,RPG,0.61,9.95,247.65,14.49,Low,28.18,F
4310,24,Male,4.31,5.87,7.08,88.96,RPG,3.7,10.17,264.59,13.85,Medium,73.08,C
4311,22,Female,7.01,3.89,7.23,69.06,FPS,0.94,10.4,232.56,17.47,Low,45.15567152199824,F
4312,20,Female,1,5.75,6.49,76.3,RPG,2.9,6.77,331.08,4.59,Medium,85.16,B
4313,23,Female,3.95,5.97,8.55,67.5,RPG,2.66,5.87,281.56,7.29,Medium,80.32,B-
4314,17,Male,3.66,1.81,7.47,87.96,RPG,2.8,4.72,263.94,6.26,Medium,50.52,F
4315,22,Male,0.06,6.95,5.91,94.55,RPG,3.25,2.04,312.15,-0.6,Medium,83.61,B
4316,19,Female,3.55,6.71,5.19,95.1,RPG,4.25,5.04,299.19,6.86,Medium,74.95,C
4317,24,Male,2.95,7.93,4.36,86.8,FPS,1.36,7.62,277.97,7.11,High,87.19,B+
4318,16,Male,5.36,1.82,4.83,73.89,Casual,2.78,7.68,250.35,10.4,Low,39.87,F
4319,22,Male,7.51,3.68,8.96,86.44,FPS,1.68,11.71,236.59,19.35,Low,58.464409495396254,F
4320,21,Female,0.69,6.85,6.03,94.57,Casual,1.59,5.03,309.08,6.72,Medium,97.78,A
4321,23,Other,2.62,2.23,8.49,85.03,FPS,0.1,7.06,292.99,5.28,Medium,62.47,D-
4322,20,Male,3.55,7.1,4.85,76.52,RPG,3,8.71,280.28,8.54,High,83.1,B
4323,16,Female,3.64,1.53,6.13,96.79,Casual,4.86,5.38,274.87,6.25,Medium,52.27,F
4324,16,Female,6.2,4.01,8.8,93.41,FPS,3.81,7.45,257.69,13.66,Low,60.02,D-
4325,24,Female,3.55,8.62,4.46,95.3,Casual,1.21,4.7,264.65,7,High,87.91,B+
4326,21,Female,0.22,7.97,6.97,96.13,FPS,3.58,1.74,318.53,-0.86,Medium,98.54,A
4327,20,Female,5.68,6.8,8.6,75.75,FPS,1.49,8.58,246.04,16.12,Low,72.77,C-
4328,16,Female,7.08,8.83,8.75,94.39,Casual,3.77,12.92,251.46,18.06,Low,82.887363107907575,B-
4329,21,Male,4.11,7.38,8.23,82.81,Casual,4.27,6.88,268.94,7.65,Medium,89.51,B+
4330,21,Female,4.65,5.67,8.28,61.53,FPS,1.67,7.91,283.43,13.94,Medium,67.23,D+
4331,18,Male,1.3,9.82,7.26,85.43,Casual,0.01,6.37,300.18,2.84,Medium,100,A
4332,23,Male,1.77,7.25,5.1,78.82,RPG,1.53,7.36,299.85,7.56,High,93.47,A
4333,16,Female,1.88,6.41,7.65,71.01,FPS,1.03,7.74,308.32,11.53,Medium,88.42,B+
4334,16,Female,3.45,4.68,8.89,98.82,Casual,3.09,8.58,269.04,9.2,Medium,78.8,C+
4335,21,Female,7.43,9.12,6.63,62.2,RPG,1.45,10.94,245.93,16.04,Low,70.84836592617543,C-
4336,16,Male,4.17,3.66,5.3,97.84,FPS,0.18,6.32,270.22,9.75,Medium,55.4,F
4337,21,Male,1.54,1.08,6.87,66.37,Casual,2.66,5.53,305.64,9.53,Medium,56.22,F
4338,16,Female,2.13,2.77,7.45,75.08,Casual,4.37,4.11,299.9,8.2,Medium,77.70444615193898,C+
4339,21,Male,3.07,1.99,5.04,76.69,RPG,2.26,4.35,282.4,5.89,Medium,40.66,F
4340,18,Female,4.99,3.87,7.6,89.24,Casual,1.88,10.59,252.02,13.39,Medium,53.98,F
4341,23,Male,3.52,8.43,6.94,68.62,Casual,0.89,6.94,278.7,10.6,Medium,84.55,B
4342,21,Male,3.14,6.86,7.06,99.44,FPS,1.94,6.68,262.21,7.19,Medium,87.79,B+
4343,16,Other,4.52,2.52,5.53,89.96,Casual,1.65,8.57,252.65,8.8,Medium,48.22,F
4344,20,Male,1.93,8.1,4.78,91.6,FPS,4.97,5.19,295.44,7.66,High,100,A
4345,23,Male,0.63,5.54,7.12,64.26,RPG,0.15,3.85,327.91,3.89,Medium,79.78,C+
4346,18,Male,0.2,5.61,6.93,79.05,Casual,1.19,5.78,332.77,3.83,Medium,85.1,B
4347,21,Female,2.01,4.26,5.69,97.82,Casual,0.34,7.09,305.67,8.77,Medium,68.71,D+
4348,20,Female,0.73,8.78,5.48,70.8,FPS,4.29,2.79,295.85,0.2,High,90.73,A-
4349,21,Male,2.69,3.86,5.74,65.82,RPG,2.09,5.15,290.73,6.15,Medium,60.43,D-
4350,16,Male,6.18,1.85,6.45,79.42,RPG,3.98,10.48,237.23,19.79,Low,30.19,F
4351,22,Female,5.73,3.72,8.87,97.22,FPS,3.46,9.59,250.57,14.53,Low,65.77,D
4352,24,Male,4.89,7.44,7.82,79.47,Casual,4.64,9.72,270.87,13.45,Medium,88.98324493105763,B+
4353,17,Female,6.82,6.92,8.26,76.19,Casual,0.12,11.46,244.74,16.17,Low,74.58232379788947,C
4354,20,Male,2.26,2.69,6.53,86.01,Casual,1.04,6.8,305.71,3.11,Medium,53.96,F
4355,19,Male,7.08,2.01,6.63,97.48,RPG,3.51,12.48,220.95,15.22,Low,33.56,F
4356,21,Female,3.19,6.95,5.02,61.96,FPS,2.93,8.02,271.49,10.62,Medium,64.3,D
4357,21,Male,3.21,7.09,7.61,66.14,Casual,3.47,5.42,296.54,6.44,Medium,71.9,C-
4358,17,Female,3.24,4.3,6.11,65.31,FPS,2.88,8.6,296.34,8.82,Medium,59.27,F
4359,17,Male,0.78,8.59,7.71,63.41,FPS,2.91,3.46,310.48,3.48,Medium,100,A
4360,19,Male,7.8,9.8,6.05,72.08,Casual,4.66,13.35,226.17,16.42,Low,78.19001880565955,C+
4361,16,Other,1.11,2.85,4.54,69.17,Casual,4.61,6.23,318.41,2.22,Medium,54.26,F
4362,24,Male,2.73,6.19,4.87,81.95,RPG,0.19,4.1,292.56,6.12,Medium,86.17,B
4363,22,Female,2.55,1.05,8.06,73.09,FPS,2.07,7.41,295.46,6.79,Medium,56.41,F
4364,22,Male,0.6,7.42,5.29,76.21,FPS,2.55,4.1,303.55,3.41,High,83.4,B
4365,18,Female,1.22,4.73,5.32,97.67,RPG,1.79,7.11,316.85,2.52,Medium,71.04,C-
4366,18,Female,0.36,2.74,8.65,66.23,RPG,0.25,3.65,313.68,1.3,Medium,69.45,D+
4367,16,Male,2.34,7.77,7.29,75.54,Casual,2.36,3.68,278,6.73,Medium,81.46,B-
4368,18,Female,6.93,8.3,4.57,70.28,Casual,4.88,9.4,229.03,20.99,High,56.11686332822008,F
4369,18,Female,2.72,2,4.72,81.97,RPG,0.36,5.87,281.39,7.25,Medium,38,F
4370,19,Male,0.99,1.37,5.36,89.45,RPG,4.08,4.95,322.9,5.3,Medium,55.88775945794549,F
4371,19,Female,5.17,4.01,6.97,92.68,Casual,0.98,6.93,250.99,12.2,Low,59.06577726647791,F
4372,18,Female,7.97,6.63,7.76,80.61,Casual,2.88,11.55,228.21,18.32,Low,45.63,F
4373,23,Male,1.86,8.14,5.37,94.2,Casual,1.94,5.28,276.58,6.79,High,100,A
4374,23,Male,2.24,5.91,8.35,91.4,Casual,1.75,7.42,302.49,5.15,Medium,95.77934088892452,A
4375,16,Male,7.77,6.23,4.55,66.28,FPS,4.35,10.28,218.84,16.08,Low,38.79,F
4376,22,Male,1.43,8.2,5.04,69.82,Casual,4.87,4.68,306.75,4.98,High,94.73,A
4377,17,Female,4.09,5.76,8.85,86.87,FPS,1.93,7.03,274.82,7.72,Medium,78.44,C+
4378,16,Female,1.92,6.5,4.67,98.99,Casual,3.2,6.08,303.29,6.79,Medium,84.67,B
4379,18,Female,7.46,5.65,8.44,75.05,Casual,2.78,12.64,233.8,13.68,Low,62.185583503143,D-
4380,19,Male,7.85,8.92,7.52,69.19,RPG,0.38,12.23,244.95,19.51,Low,64.98910729524616,D
4381,21,Male,6.52,3.12,4.37,94.77,FPS,0.21,9.85,243.85,14.4,Low,28.2,F
4382,20,Female,2.52,3.38,6.42,67.98,FPS,3.87,6.71,312.25,8.52,Medium,55.14,F
4383,19,Female,3.23,2.15,6.59,87.9,FPS,1.97,5.84,287.62,9.76,Medium,63.232523698259534,D
4384,23,Female,1.94,8.38,8.66,61.37,Casual,1.54,3.66,299.47,7.56,Medium,98.38,A
4385,19,Male,7.13,4.71,6.11,60.76,RPG,4.93,9.73,243.36,16.1,Low,45.95737763757664,F
4386,17,Male,7.32,4.13,6.23,78.06,RPG,0.43,10.54,234.13,12.78,Low,38.88,F
4387,18,Male,3.35,9.83,4.56,86.26,Casual,1.35,6.55,284.29,4.78,High,87.25,B+
4388,21,Other,5.25,9.34,7.2,65.7,FPS,4.28,9.94,260.47,10.32,Low,94.4370259974146,A
4389,23,Male,1.32,9.75,5.05,90.56,Casual,2.07,7,306.64,6.92,High,100,A
4390,23,Female,3.48,2.28,4.39,65.15,RPG,2.92,6.42,299.43,5.61,Medium,38.7,F
4391,24,Female,5.05,9.02,8.98,81.35,FPS,0.24,6.48,282.12,10.35,Low,100,A
4392,22,Male,3.08,3.96,5.35,72.33,Casual,4.6,4.25,286.31,5.9,Medium,56.56,F
4393,17,Female,2.86,1.11,4.71,90.09,RPG,0.68,3.88,298.27,6.95,Medium,42.33,F
4394,23,Female,0.01,4.52,7.5,92.16,FPS,1.07,5.7,331.89,4.3,Medium,96.2,A
4395,22,Female,6.43,5.58,8.11,62.64,RPG,0.78,12.41,253.77,16.04,Low,53.9,F
4396,23,Male,7.11,1.97,4.32,67.7,Casual,2.49,8.37,240.13,16.45,Low,12.344683543085363,F
4397,18,Male,7.76,5.84,4.53,95.71,FPS,4.08,10.55,233.51,14.71,Low,34.03,F
4398,22,Male,5.75,8.38,4.45,76.62,RPG,1.33,10.1,256.71,15.72,High,84.85154266180427,B
4399,24,Male,4.39,4.4,4.23,79.07,Casual,0.71,6.28,260.13,9.99,Medium,44.94,F
4400,18,Female,2.15,4.17,7.3,66.72,Casual,2.05,6.12,293.55,7.8,Medium,64.42,D
4401,21,Female,7.99,4.05,6.94,99.8,Casual,4.91,13.06,212.15,17.48,Low,36.96,F
4402,17,Male,4.72,9.31,7.31,96.92,FPS,0.06,10.01,269.12,7.98,Medium,100,A
4403,17,Female,5.45,1.44,6.53,60.08,RPG,2.52,9.98,258.91,14.5,Low,21.13,F
4404,20,Female,5.46,5.01,8.09,82.03,Casual,3.35,6.87,261.47,11.34,Low,60.12,D-
4405,20,Male,6.76,3.38,6.73,94.89,FPS,4.03,9.5,231.13,17.29,Low,33.81,F
4406,22,Male,0.08,9.04,8.59,77.22,RPG,3.73,5.92,328.68,3.92,Medium,100,A
4407,17,Female,1.76,1.86,6.43,77.47,Casual,0.37,3.72,303.59,10.4,Medium,64.56,D
4408,22,Female,5.32,4.7,7.95,75.17,Casual,2.31,8.59,278.49,14.82,Low,56.75,F
4409,20,Female,7.16,4.66,6.04,61.15,FPS,0.39,9.83,242.14,15.16,Low,41.99,F
4410,21,Male,5.48,9,6.18,91.61,FPS,3.1,7.51,248.26,8.81,Low,84.9460695066112,B
4411,23,Male,3.31,2.94,8.24,78.27,RPG,0.39,5.93,266.78,6.19,Medium,63.13,D
4412,19,Male,2.89,6.8,4.54,81.24,Casual,0.24,4.84,287.5,4.88,Medium,80.04,B-
4413,22,Female,5.9,2.21,6.82,70.23,Casual,1.53,11.29,238.91,13.45,Low,37.99,F
4414,21,Female,5.93,9.59,7.63,91.36,FPS,4.69,7.8,241.49,12.54,Low,100,A
4415,17,Male,4.86,6.34,7.75,91.75,FPS,3.55,8.98,252.02,12.42,Medium,85.92092926496484,B
4416,23,Female,2.33,6.64,6.96,82.12,RPG,0.02,8.04,286.23,10.26,Medium,87.04548955076007,B+
4417,24,Female,7.4,4.9,6.24,96.19,Casual,1.42,13.16,245.76,15.94,Low,43.38,F
4418,20,Female,4.42,4.08,5.3,64.64,Casual,0.09,8.42,257.29,8.06,Medium,42.3,F
4419,19,Other,6.32,2.91,8.55,91.47,RPG,1.47,8.67,239.91,15.48,Low,47.93,F
4420,21,Male,1.71,6.44,5.85,82.34,Casual,3.43,3.95,285.17,7.2,Medium,93.44,A
4421,23,Female,2.75,9.59,7.99,69.24,RPG,3.8,7.49,269.94,6.89,Medium,100,A
4422,18,Male,7,4.24,4.16,65.29,RPG,4.02,12.9,233.21,19.03,Low,24.1,F
4423,16,Male,0.4,8.95,5.16,72.04,FPS,4.55,1.79,317.27,3.04,High,92.01,A-
4424,19,Female,4.1,2.34,5.73,94.25,Casual,1.83,9.05,259.3,7.26,Medium,50.26,F
4425,19,Female,3.85,9.43,7.36,91.5,RPG,4.31,5.46,258.61,7.23,Medium,100,A
4426,16,Female,6.01,4.15,5.6,85.81,FPS,3.64,8.5,229.17,12.31,Low,37.31,F
4427,24,Female,2.26,4.42,4.21,63.61,FPS,2.69,6.09,294.33,10.41,Medium,50.55,F
4428,18,Female,1.75,5.17,4.87,98.19,FPS,4.77,4.24,308.35,5.76,Medium,84.65657448914709,B
4429,20,Female,7.41,7.46,5.3,72.22,FPS,4.74,11.66,216.8,15.94,High,53.2906906686928,F
4430,21,Male,4.57,7.48,4.88,84.28,FPS,4.49,7.66,258.68,9.29,High,61.09,D-
4431,23,Female,0.84,5.32,5.02,92.12,Casual,1.01,2.94,320.74,-0.41,Medium,81.32596209306496,B-
4432,21,Female,1.54,5.71,7.84,65.31,FPS,1.04,5.19,299.38,7.04,Medium,88.3,B+
4433,18,Male,7.99,1.27,6.06,86.09,RPG,4.51,9.11,223.12,17.33,Low,13.03,F
4434,21,Male,1.56,3.74,6.03,61.29,FPS,1.99,6.27,305.08,6.71,Medium,73.10685487482296,C
4435,16,Female,4.88,4.11,8.83,64.07,Casual,3.99,8.49,257.01,8.99,Medium,52.96,F
4436,19,Female,3.36,6.03,6.23,88.93,RPG,3.43,9.09,271.9,11.06,Medium,83.4513276150322,B
4437,21,Female,7.08,6.02,8.64,66.2,FPS,3.81,8.59,238.11,14.44,Low,54.44,F
4438,22,Female,6.04,7.39,5.5,77.74,Casual,0.13,10.7,233.71,12.96,High,75.82814408046143,C
4439,18,Male,4.78,7.45,6,69.93,Casual,2.15,7.28,246.52,11.84,Medium,56.22,F
4440,24,Female,0.09,3.12,5.98,76.85,Casual,4.29,2.96,312,-0.79,Medium,56.91,F
4441,22,Female,7.04,7.93,6.73,63.09,FPS,2.45,9.78,242.64,15.81,Low,73.01140711546493,C
4442,16,Female,3.56,1.18,6.92,90.2,RPG,3.45,6.35,288.9,7.98,Medium,50.75,F
4443,17,Female,7.45,7.45,5.24,63.16,Casual,3.78,10.6,225.85,18.62,High,56.446588098941746,F
4444,16,Female,3.96,1.92,7.97,93.52,Casual,0.6,5.07,280.78,10.26,Medium,51.23,F
4445,24,Female,5.55,7.57,6.48,86.5,Casual,0.78,10.78,267.22,13.9,Low,77.90290628157018,C+
4446,24,Female,0.55,5.74,4.04,76.66,RPG,3.62,5.96,313.78,4.37,Medium,66.39,D
4447,22,Male,5.96,4.94,6.96,94.66,Casual,0.27,7.16,254.84,13.72,Low,45.1,F
4448,18,Female,2.7,7.22,7.99,67.45,Casual,1.71,7.58,306.27,7.82,Medium,87.34,B+
4449,20,Male,2.81,1.33,5.25,70.58,FPS,4.59,4.17,279.23,4.66,Medium,47.81,F
4450,19,Male,0.95,3.01,4.19,65.48,RPG,2.87,5.99,306.18,3.45,Medium,51.77,F
4451,22,Female,1.17,6.55,8.04,75.26,Casual,4.55,5.23,321.97,1.93,Medium,92.93,A-
4452,24,Male,1.49,8.62,8.88,99.47,FPS,1.55,4.02,292.72,6.1,Medium,100,A
4453,17,Female,2.63,4.43,4.38,66.44,FPS,3.18,6.7,290,8.09,Medium,61.07,D-
4454,23,Male,7.14,3.33,8.69,93.24,FPS,1.43,10.67,228.04,15.2,Low,44.96,F
4455,24,Male,2.95,5.67,5.8,86.08,Casual,0.56,7.13,298.24,6.54,Medium,73.52,C
4456,24,Female,5.79,6.6,8.71,60.63,Casual,4.95,9.17,238.67,13.74,Low,57.55,F
4457,22,Male,0.66,4.78,7.24,97.8,RPG,0.88,5.52,311.41,0.92,Medium,81.32,B-
4458,24,Female,4.73,8.89,8.45,98.84,Casual,0.94,5.96,252.77,7.94,Medium,99.89,A
4459,24,Male,3.86,5.71,7.93,97,RPG,4.21,6.58,259.01,9.04,Medium,77.28,C+
4460,18,Male,7.82,1.32,4.14,80.07,Casual,4.01,11.62,207.18,22.42,Low,1.51,F
4461,19,Male,6.77,3.01,4.33,68.82,FPS,4.89,10.71,237.11,16.41,Low,33.34,F
4462,17,Male,3.64,5.06,6.63,75.65,Casual,0.36,5.49,281.16,8.58,Medium,66.03,D
4463,18,Female,6.2,7.28,4.65,84.57,FPS,0.47,7.57,245.78,10.74,High,70.4671950772809,C-
4464,20,Male,1.54,2.98,6.31,75.15,FPS,2.24,2.64,303.87,1.76,Medium,66.16,D
4465,20,Female,4.5,9.79,8.77,88.33,FPS,2.96,7.57,261.66,13.25,Medium,97.84,A
4466,21,Female,0.6,3.87,5.47,91.82,RPG,0.19,3.25,322.64,1.6,Medium,71.35,C-
4467,22,Female,2.78,5.79,6.44,68.38,Casual,0.79,6.62,293.92,7.62,Medium,88.55204292002914,B+
4468,22,Female,1.81,1.17,5.92,76.2,RPG,3.52,5.06,299.54,6.43,Medium,55.76,F
4469,16,Male,5.75,8.96,7.15,98.31,FPS,3.34,8.72,253.05,12.14,Low,83.63438729291582,B
4470,17,Male,3.92,8.1,4.97,69.99,Casual,0.45,9.14,268.3,9.43,High,71.77,C-
4471,24,Female,6.01,2.76,5.3,73.86,FPS,4.66,10.12,267.33,10.63,Low,30.97,F
4472,17,Female,4.12,9.4,8.29,61.43,Casual,1.27,8.35,278.64,7.92,Medium,83.73,B
4473,21,Female,0.69,3.84,8.06,73.29,Casual,4.44,3.6,310.69,4.01,Medium,73.78,C
4474,16,Female,5.88,7.23,7.95,74.84,RPG,4.61,10.76,247.71,13.32,Low,72.49591766145325,C-
4475,18,Male,6.67,8.37,7.85,63.99,FPS,2.45,8.43,236.06,15.56,Low,74.46802511465496,C
4476,17,Male,7.23,7.67,6.3,60.06,RPG,2.06,10.24,230.25,12.8,Low,60.96806847485341,D-
4477,18,Female,4.58,9.26,7.64,83.02,Casual,1.39,5.82,267.5,11.4,Medium,94.92,A
4478,20,Female,6.03,8.78,5.94,72.06,RPG,4.04,7.61,230.57,12.77,High,68.33538857404203,D+
4479,21,Male,6.02,9.95,4.5,60.71,FPS,0.98,7.43,245.27,9.8,High,86.08133065184691,B
4480,24,Female,1.25,2.64,5.97,94.4,Casual,3.11,4.46,303.69,6.36,Medium,68.61,D+
4481,19,Male,1.31,3.74,4.79,83.38,RPG,2.84,5.8,304.2,2.05,Medium,67.51,D+
4482,22,Male,0.57,6.73,5.95,66.85,FPS,1.24,3.13,314.91,4.57,Medium,79.28,C+
4483,21,Female,2.56,7.6,5.49,94.61,Casual,4.92,3.69,289.6,5.62,High,87.51,B+
4484,17,Female,3.79,5.81,7,70.14,Casual,4.23,8.33,278.57,8.06,Medium,71.61,C-
4485,23,Female,7.98,1.67,5.81,69.1,FPS,0.1,10.02,222.89,20.68,Low,1.95,F
4486,22,Male,3.45,8.57,7.53,95.79,FPS,2.11,8.06,288.48,10.02,Medium,100,A
4487,22,Male,5.81,9.65,6.56,67.18,RPG,1.79,6.85,256.86,14.57,Low,89.01649442185493,B+
4488,23,Female,5.55,4.65,8.6,95.16,FPS,4.41,8.11,275.86,13.25,Low,56.83,F
4489,16,Male,1.64,3.02,4.46,92.12,FPS,1.32,5.75,307.34,4.9,Medium,71.63,C-
4490,16,Female,0.47,1.17,7.44,72.39,Casual,4.99,5.83,306.91,1.88,Medium,65.43,D
4491,23,Female,4.37,3.14,7.36,61.38,Casual,1,9.14,265.99,10.76,Medium,45.91,F
4492,19,Female,5.6,7.3,8.75,63.3,FPS,1.22,8.85,247.73,13.15,Low,77.84710687738469,C+
4493,20,Male,7.99,9.2,5.86,64.38,Casual,3.33,12.58,224.2,19.91,High,60.78904912131478,D-
4494,23,Female,2.87,1.84,5.53,95.63,FPS,0.81,6.56,296.54,6.8,Medium,45.24,F
4495,20,Male,7.17,5.98,4.86,76.16,FPS,4.44,12.24,230.72,17.9,Low,44.9,F
4496,19,Male,3.06,7.26,5.33,61.3,FPS,0.55,7.92,277.59,11.91,High,63.16,D
4497,21,Male,5.52,3.49,6.51,82.26,FPS,4.92,11.4,258.92,14.3,Low,47.17,F
4498,20,Male,4.79,6.13,8.19,68.32,RPG,4.37,6.31,254.37,6.42,Medium,76.91,C
4499,22,Female,0.42,7.44,5.42,69.41,Casual,4.2,3.12,306.22,2.29,High,78.15,C+
4500,22,Male,0.63,8.54,4.79,66.43,RPG,2.04,2.59,316.26,2.05,High,87.86,B+
4501,19,Male,0.17,5.07,5.36,90.48,RPG,2.57,4.32,300.04,2.16,Medium,84.56,B
4502,20,Other,2.97,7.73,4.5,60.02,FPS,2.28,7.29,279.53,4.91,High,74.16,C
4503,18,Male,5.97,3.72,8.63,77.56,Casual,4.94,7.99,256.92,13.5,Low,55.1,F
4504,19,Female,1.38,2.92,8.36,63.47,FPS,0.17,4.49,285.1,3.25,Medium,68.32,D+
4505,19,Male,4.85,2.69,5.54,82.09,FPS,1.91,8.86,244.19,11.49,Medium,36.86,F
4506,18,Male,2.31,4.23,5.23,73.84,FPS,4.84,6.6,277.94,8.66,Medium,60.43,D-
4507,20,Female,6.38,1.32,8.53,61.13,FPS,1.85,7.89,216.13,11.89,Low,29.48,F
4508,20,Male,6.39,3.55,4.01,78.44,RPG,1.99,12,262.29,15.38,Low,31.57,F
4509,22,Female,6.2,6.87,7,82.82,FPS,3.16,7.37,246.8,12.58,Low,65.41,D
4510,19,Male,4.2,6.83,8.58,69.91,Casual,4.54,10.06,262.9,11,Medium,83.95,B
4511,19,Male,2.28,1.66,6.54,90.62,Casual,1.47,4.86,279.74,4.96,Medium,57,F
4512,24,Male,6.48,3.59,4.01,74.84,FPS,4.74,9.06,264.25,13.47,Low,21.8,F
4513,21,Male,1.49,6.13,5.09,89.97,RPG,1.41,4.72,308.67,7.95,Medium,78.72,C+
4514,19,Male,2.32,3.87,8.61,83.16,RPG,4.08,6.79,290.88,6.03,Medium,79.33,C+
4515,17,Female,1.47,4.76,4.09,94.77,Casual,1.38,3.27,314.56,4.38,Medium,79.82,C+
4516,21,Female,5.39,7.42,5.97,81.88,FPS,0.36,7.66,259.21,12.12,High,92.82209158159708,A-
4517,17,Male,5.49,1.08,7.95,67.43,RPG,4.06,11.3,249.1,14.03,Low,44.9,F
4518,20,Male,5.22,3.49,8.19,92.9,FPS,2.25,10.6,251.3,14.09,Low,62.58,D-
4519,21,Female,3.32,2.28,6.39,91.32,RPG,1.95,5.38,274.26,6.4,Medium,56.37,F
4520,19,Female,0.8,2.15,5.16,98.89,FPS,2.15,4.67,300.24,6.34,Medium,59.67,F
4521,18,Female,7.29,9.63,7,63.74,FPS,3.06,9.31,243.64,13.75,Low,68.48555703383708,D+
4522,22,Female,4.06,4.39,5.32,83.65,FPS,1.31,7.81,266.1,9.67,Medium,56.69,F
4523,17,Male,3.26,5.74,5.28,79.67,FPS,1.19,6.09,294.41,5.56,Medium,67.16,D+
4524,21,Male,4.71,7.6,8.04,86.83,FPS,2.42,7.52,255.19,12.62,Medium,92.89,A-
4525,19,Female,1.54,1.43,4.77,99.21,RPG,0.18,5.72,295.53,3.33,Medium,61.53,D-
4526,21,Female,1.06,3.17,4.03,81.29,RPG,3.21,3.32,302.76,4.76,Medium,61.2,D-
4527,19,Female,3.24,8.49,5.68,87.43,RPG,4.11,6.26,272.13,8.52,High,83.82,B
4528,19,Male,1.82,8.76,6.45,73.89,FPS,3.64,7.45,292.3,6.81,Medium,100,A
4529,19,Other,1.95,4.36,7.53,71.96,FPS,2.35,6.73,302.11,8.52,Medium,78.11,C+
4530,24,Female,7.14,4.37,7.91,73.41,Casual,2.83,10.06,246.34,14.53,Low,39.47,F
4531,22,Male,4.25,7.81,7.32,61.54,FPS,0.13,6.4,271.99,12.51,Medium,73.65,C
4532,18,Female,3.87,3.66,7.13,71.39,Casual,4.56,8.17,261.65,9.12,Medium,59.42,F
4533,18,Male,5.52,2.05,7.33,66.92,Casual,2.79,10.56,247.76,14.42,Low,33.72,F
4534,21,Male,7.61,3.32,5.36,78.3,FPS,1.58,12.91,222.89,17.48,Low,21.25,F
4535,21,Male,0.9,4.49,5.91,78.43,Casual,1.47,4.72,326.21,4.94,Medium,69.98,D+
4536,19,Male,6.67,1.47,7.08,90.61,RPG,3.3,10.25,249.82,13.12,Low,44.04,F
4537,24,Male,4.67,5.31,4.33,80.09,RPG,2.92,9.27,276.1,11.85,Medium,60.95640138192927,D-
4538,19,Female,1.17,7.66,5.48,78.52,Casual,0.94,3.05,298.87,3.32,High,89.79,B+
4539,24,Male,2.38,5.62,6.03,69.27,RPG,2.05,7.64,278.71,8.26,Medium,58.41,F
4540,19,Female,3.86,1.65,6.67,94.1,Casual,3.38,5.23,279.41,9.22,Medium,41.44,F
4541,17,Male,5.53,4.96,6.43,63.64,RPG,1.49,9.55,249.04,11.35,Low,47.1,F
4542,17,Male,1.94,7.38,7.59,99.29,Casual,2.55,5.89,299.64,8.47,Medium,100,A
4543,20,Female,4.28,1.52,6.37,79.04,RPG,1.27,6.83,272.76,9.72,Medium,52.04,F
4544,19,Female,5.48,1.54,8.52,67.44,FPS,0.36,6.66,250.29,13.01,Low,36.7,F
4545,22,Female,3.59,4.34,5.9,74.17,FPS,1.94,8.18,286.96,6.95,Medium,60.11,D-
4546,20,Other,6.9,2.75,6.63,60.61,Casual,3.66,8.02,222.6,13.53,Low,24.13,F
4547,21,Male,6.96,9.41,4.02,66.66,FPS,1.07,8.86,237.57,17.03,High,64.63958998344191,D
4548,19,Male,3.77,6.23,5.55,73.41,RPG,3.77,7.49,281.54,12.67,Medium,65.76,D
4549,17,Female,7.78,3.59,8.33,82.18,FPS,3.35,13.48,243.66,19.26,Low,33.33,F
4550,24,Other,0.6,7.34,5.67,65.18,FPS,2.54,1.93,314.15,1.69,High,82.06,B-
4551,22,Female,0.03,4.37,5.27,87.04,FPS,4.86,3.92,332.21,-0.12,Medium,76.95,C
4552,19,Female,3.05,2.19,6.72,93.77,FPS,4.42,5.69,295.32,9.01,Medium,64.01,D
4553,18,Female,4.81,3.14,4.39,82.89,RPG,2.82,9.16,285.65,12.41,Medium,37.92,F
4554,18,Male,5.03,6.78,6.66,71.88,Casual,2.79,10.79,262.88,8.23,Low,69.96,D+
4555,24,Female,3.81,1.47,5.52,64.86,RPG,1.39,6.15,294.8,5.32,Medium,36.27,F
4556,20,Female,1,3.45,5.92,60.62,RPG,4.6,6.78,316.1,5.59,Medium,72.38073868772057,C-
4557,18,Female,1.36,2.87,7.96,89.27,RPG,4.48,6.71,288.34,3.73,Medium,81.06,B-
4558,20,Male,6.82,2.81,7.31,85.14,Casual,3.71,10.86,238.45,13.58,Low,42.76,F
4559,17,Male,6.94,7.14,6.23,79.05,RPG,0.64,11.73,227.55,16.07,Low,60.860175721591666,D-
4560,19,Male,5.39,8.43,6.89,64.08,FPS,3.52,10.71,270.62,14.13,Low,83.68413802251347,B
4561,17,Male,5.31,7.44,7.83,68.28,RPG,1.27,10.33,257.97,15.99,Low,91.35856129607252,A-
4562,17,Female,4.78,6.81,7.73,92.61,Casual,0.94,7.41,249.44,9.24,Medium,78.45,C+
4563,23,Male,1.62,9.25,4.93,79.19,Casual,3.8,6.68,309.39,6.64,High,95.88,A
4564,16,Male,3.43,1.53,5.5,98.51,Casual,4.8,6,292.06,6.09,Medium,48.88,F
4565,22,Male,5.57,2.51,5.74,100,FPS,0.54,10.91,249.13,12.82,Low,41.77,F
4566,20,Female,4.3,4.73,4.94,92.03,Casual,0.82,6.58,263.93,10.12,Medium,63.19,D
4567,23,Female,0.15,4.35,4.06,70.33,FPS,1.1,4.01,320.22,1.93,Medium,63.1,D
4568,16,Male,7.63,4.76,4.87,69.24,FPS,4.81,12.09,210.33,14.76,Low,26.61,F
4569,22,Male,6.76,2.86,8.04,70.15,RPG,3.48,9.89,245.98,16.11,Low,34.95,F
4570,20,Male,2.08,2.35,6.73,99.47,FPS,3.39,6.99,311.95,8.1,Medium,65.7,D
4571,19,Female,4.93,5.58,5.71,73.41,RPG,2.53,10.56,254.33,17.39,Medium,64.03,D
4572,22,Male,7.39,9.35,7.04,88.26,Casual,2.69,9.32,249.75,16.19,Low,83.43434585024843,B
4573,17,Female,0.77,4.53,7.7,98.36,Casual,1.45,1.94,320.71,2.47,Medium,87.34710212279455,B+
4574,16,Male,4.02,1.39,5.77,92.78,RPG,0.77,8.15,270.99,10.71,Medium,44.54,F
4575,16,Male,3.65,7.36,6.33,83.9,RPG,3.9,7.66,282.55,6.58,Medium,82.43,B-
4576,16,Female,3.28,3.62,4.32,66.76,Casual,2.35,5.99,296.62,5.32,Medium,49.03,F
4577,20,Male,6.68,3.21,6.99,67,RPG,1.28,11.61,241.26,15.66,Low,25.39,F
4578,22,Female,3.05,3.92,5.78,79.7,Casual,3.16,8.18,287.33,4.07,Medium,60.63,D-
4579,17,Male,0.51,7.51,6.17,98.08,Casual,1.05,3.17,308.53,0.09,Medium,95.6,A
4580,23,Female,0.53,8.37,6.11,96.18,FPS,2.44,4.94,312.44,2.27,Medium,95.26,A
4581,19,Female,0.34,6.29,7.16,66.65,FPS,0.95,4.55,322.93,4.8,Medium,92.02,A-
4582,18,Female,3.27,3.9,6.86,71.51,RPG,3.8,5.98,278.96,8.41,Medium,59.06,F
4583,23,Male,5.75,3.79,6.11,83.55,Casual,1.6,11.6,245.97,11.39,Low,43.33,F
4584,17,Male,1.63,2.12,4.08,79.1,Casual,2.21,4.36,311.95,4.54,Medium,58.02,F
4585,18,Male,5.17,9.4,7.1,64.77,RPG,3.77,9.27,262.79,13.56,Low,100,A
4586,18,Female,5.5,6.74,8.4,74.77,FPS,3.3,8.4,249.2,13.88,Low,69.43,D+
4587,16,Female,2.04,1.24,7.85,98.19,FPS,2,3.1,313.05,6.7,Medium,62.62,D-
4588,21,Male,4.8,6.96,8.91,98.06,Casual,0.36,6.26,283.54,12.73,Medium,80.73,B-
4589,17,Male,5.48,5.02,4.7,82.38,RPG,4.61,7.64,264.39,13.18,Low,51.35197149834196,F
4590,16,Female,3.73,9.75,5.11,85.41,RPG,0.04,8.79,263.29,10.96,High,96.64,A
4591,17,Male,2.69,8.37,6.7,68.88,Casual,3.67,5.9,291.79,7.45,Medium,89.09,B+
4592,21,Male,4.95,2.54,5.18,89.68,Casual,4.73,8.89,266.49,13.55,Medium,51.54920051299548,F
4593,19,Male,7.82,7.48,4.17,62.1,RPG,1.53,13.54,210.31,16.92,High,50.1788944982729,F
4594,21,Female,3.41,5.37,6.01,68.83,RPG,0.38,5.15,291,7.28,Medium,66.42,D
4595,24,Female,3.13,2.68,5.44,60.24,Casual,1.25,8.44,284.53,7.52,Medium,36.12,F
4596,23,Other,3.71,7.29,5.32,75.43,FPS,1.57,6.61,286.71,9.74,High,77.66,C+
4597,16,Male,0.61,5.93,8.77,94.01,RPG,2.26,3.3,309.62,2.05,Medium,97.77,A
4598,23,Female,4.43,1.27,5.19,99.3,FPS,2.63,8.56,271.68,12.95,Medium,37.17,F
4599,24,Female,2.63,6.82,4.65,86.71,Casual,3.63,8.12,293.76,8.11,Medium,80.15,B-
4600,21,Male,0.97,6.71,4.63,89.79,Casual,4.5,3.71,310.25,5.44,Medium,88.77,B+
4601,20,Female,3.73,2.3,8.03,70.51,Casual,2.32,8.54,280.15,5.64,Medium,50.64,F
4602,21,Male,0.03,4.14,7.57,80.81,FPS,3.73,1.13,318.27,-0.83,Medium,73.37,C
4603,21,Male,3.21,6.27,4.65,89.46,RPG,0.64,7.33,269.65,10.36,Medium,79.88,C+
4604,24,Male,0.85,2.25,5.1,79.89,FPS,1.64,5,289.38,3.82,Medium,55.22,F
4605,19,Male,0.19,8.67,7.74,63.54,FPS,0.59,3.97,311.55,4.38,Medium,92.28,A-
4606,17,Female,6.6,1.25,5.37,89.63,RPG,3.46,12.29,248.71,16.55,Low,27.512124852939372,F
4607,24,Male,7.33,1.93,8.91,68.78,Casual,4.54,13.02,221.65,15.64,Low,30.41,F
4608,17,Male,1.66,2.04,6.7,63.91,FPS,4.45,4.37,310.69,8.26,Medium,58.53,F
4609,24,Male,4.31,5.75,4.96,79.12,FPS,1.63,7.59,282.19,8.93,Medium,59.54,F
4610,17,Female,2.22,6.58,8.29,62.98,RPG,1.17,7.18,298.09,5.43,Medium,83.16,B
4611,23,Female,3.95,4.63,5.6,85.18,FPS,1.37,9.17,270.94,12.15,Medium,57.93,F
4612,24,Female,3.49,3.6,5.44,85.62,FPS,1.44,6.58,288.37,6.7,Medium,49.62,F
4613,24,Female,2.15,8.28,5.64,70.27,RPG,0.41,4.9,305.77,3.09,High,80.53,B-
4614,24,Male,5.6,1.61,7.84,98.58,RPG,0.67,10.7,250.55,12.21,Low,51.06086937544521,F
4615,17,Male,1.01,3.52,4.87,92.98,RPG,1.07,3.89,308.73,5.1,Medium,77.62,C+
4616,19,Female,0.42,1.35,5.91,64.38,FPS,0.04,3.45,306.83,6.63,Medium,49.13,F
4617,22,Male,6.14,1.13,4.15,89.94,FPS,0.24,7.82,249.18,13.13,Low,26.86,F
4618,17,Male,5.33,4.18,8.13,74.12,FPS,3.49,9.04,235.37,11.07,Low,60.72,D-
4619,16,Female,3.99,2.75,5.7,90.01,FPS,3.1,6.62,269.19,11.76,Medium,49.7,F
4620,18,Male,3.74,3.42,5.24,92.03,FPS,4.73,7.69,266.59,8.22,Medium,57.81,F
4621,19,Male,3.98,8.39,6.9,66.06,Casual,2.01,7.22,271.36,8.69,Medium,84.32,B
4622,23,Male,3.5,2.47,7.52,86.47,FPS,2.22,8.24,270.05,10.2,Medium,55.22,F
4623,21,Male,3.14,8.02,8.06,94.51,FPS,0.34,5.53,263.19,9.76,Medium,96.07987940052212,A
4624,17,Female,4,7.08,5.74,72.93,FPS,0.76,5.86,265.46,9.07,High,72.01,C-
4625,24,Female,4.23,3.94,8.06,63.21,RPG,3.46,8.74,264.48,10.01,Medium,69.99239904973058,D+
4626,17,Female,5.54,5.92,6.32,61.09,FPS,1.18,8.46,264.17,17.18,Low,50.28,F
4627,20,Female,5.69,5,4.51,64.4,FPS,3.87,9.51,245.31,11.95,Low,50.25,F
4628,19,Male,3.02,2.16,8.23,60.17,FPS,3.53,8.73,275.28,7.78,Medium,68.35815300909086,D+
4629,22,Male,3.31,9.16,6.74,73.08,Casual,3.74,6.73,268.36,7.55,Medium,84.44,B
4630,23,Male,2.99,6.13,7.01,71.97,Casual,3.45,4.75,295.55,7.96,Medium,75.1,C
4631,20,Male,4.29,8.92,8.69,64.41,Casual,3.54,7.42,266.29,9.21,Medium,85.63,B
4632,20,Other,3.63,8.41,6.8,86.04,FPS,2.73,7.02,279.16,10.59,Medium,87.8,B+
4633,17,Female,7.12,1.72,4.03,99.68,FPS,3.39,11.95,219.12,16.55,Low,21.62,F
4634,23,Male,5.57,2.87,8.35,96.04,RPG,2.63,7.55,235.61,11.49,Low,51.88,F
4635,17,Male,7.19,2.31,5.42,70.11,FPS,1.03,9.92,224.7,14.62,Low,15.16,F
4636,21,Male,5.67,8.48,6.51,90.8,RPG,1.09,6.92,268.19,11.91,Low,85.99716617933741,B
4637,23,Male,7.77,8.76,5.02,97.47,RPG,2.03,12.28,215.85,18.69,High,68.39128662950736,D+
4638,21,Male,5.09,5.75,5.48,96.25,RPG,0.07,9.81,252.66,12.47,Low,66.08,D
4639,19,Female,7.71,1.94,7.43,95.38,RPG,4.45,11,227.61,17.53,Low,30.23,F
4640,19,Female,1.27,2.22,6.15,91.46,FPS,1.34,4.96,298.51,2.83,Medium,74.35,C
4641,21,Female,0.42,8.32,7.14,71.72,Casual,0.26,5.17,319.74,1.78,Medium,99,A
4642,19,Male,4.63,9.36,8.12,63.34,Casual,2.12,6.97,256.13,10.42,Medium,85.91,B
4643,23,Male,7.87,2.8,5.7,79.51,RPG,4.08,11.9,214.55,17.99,Low,27.234716928091053,F
4644,24,Female,3.34,1.1,6.84,62.19,FPS,1.99,9.16,307.1,9.69,Medium,41.61533174384684,F
4645,16,Female,1.7,3.98,7.89,99.94,Casual,1.31,5.99,290.23,4.36,Medium,81.83,B-
4646,19,Female,4.17,1.27,7.58,74.33,Casual,2.72,5.56,277.91,9.18,Medium,46.9,F
4647,19,Female,5.19,8.45,6.7,98.33,RPG,2.87,7.64,248.3,11.66,Low,95.86472971993044,A
4648,17,Female,2.52,5.42,5.92,90.92,RPG,3.8,6.12,274.35,6.6,Medium,62.25,D-
4649,21,Female,5.72,6.78,6.04,76.45,Casual,4,7.08,250.46,10.82,Low,65.12,D
4650,18,Male,7.8,4.7,6.17,64.73,RPG,3.53,12.18,212.99,18.83,Low,26.67,F
4651,22,Female,7.18,4.11,5.74,69.49,Casual,0.02,11.45,229.91,16.47,Low,26.83,F
4652,20,Male,2.33,3,7.5,86.92,Casual,0.01,7.71,284.08,5.85,Medium,65.33,D
4653,19,Male,2.61,7.93,4.63,93.2,Casual,4.89,6.11,301.2,6.72,High,79.32,C+
4654,20,Female,2.97,7.26,8.84,99.18,RPG,1.32,7.43,268.94,7,Medium,97.6,A
4655,23,Male,3.16,4.25,7.89,65.29,FPS,1.41,5.07,288.84,7.28,Medium,74.99,C
4656,18,Male,0.8,3.89,5.49,66.24,RPG,3.66,1.81,313.25,4.96,Medium,56,F
4657,22,Male,6.1,1.01,4.21,61.7,FPS,2.91,7.96,244.51,13.43,Low,14.37,F
4658,21,Male,2.92,1.57,7.56,70.41,RPG,2.32,4.23,277.38,6.9,Medium,55.68,F
4659,16,Male,7.04,6.61,7.67,92.84,Casual,0.58,10.18,237.24,18.5,Low,63.74,D
4660,22,Male,7.42,5.63,8.82,67.93,RPG,0.41,10.76,233.21,17.05,Low,56.68,F
4661,22,Male,0.2,4.91,5.27,81.91,FPS,3.52,4.42,321.54,3.38,Medium,79.84,C+
4662,16,Male,7.91,8.45,4.41,77.86,FPS,0.62,9.61,222.39,16.96,High,62.5306647053331,D-
4663,24,Other,5.68,5.54,8.58,73.03,FPS,2.18,7.75,240.39,11.63,Low,67.59,D+
4664,21,Male,4.16,4.46,5.29,84.73,Casual,3.68,9.15,278.86,11.71,Medium,69.50509008651692,D+
4665,17,Male,3.12,2.45,7.61,80.09,Casual,4.62,7,282.53,11.58,Medium,56.4,F
4666,20,Female,4.15,8.39,4.3,73.39,Casual,4.37,5.3,264.07,6.23,High,75.8,C
4667,19,Female,2.6,6.19,7.8,87.55,FPS,4.32,7.84,278.78,6.91,Medium,84.86,B
4668,22,Female,4.98,1.83,4.64,71.2,FPS,1.79,9.13,269.46,10.33,Medium,22,F
4669,23,Male,0.74,6.84,7.48,85.73,Casual,4.64,2.67,324.96,0.96,Medium,100,A
4670,16,Female,4.97,4.83,6.66,98.29,FPS,3.42,7.23,266.11,13.52,Medium,60.18,D-
4671,20,Female,2.2,8.3,8.78,89.16,RPG,4.43,5.97,300.02,5.97,Medium,100,A
4672,18,Female,0.14,9.27,4.18,76.74,Casual,0.44,3.94,330.04,3.63,High,97.93,A
4673,16,Female,4.42,6.4,5.46,89.9,RPG,0.2,9.45,263.34,10.02,Medium,64.15,D
4674,18,Female,4.63,7.58,4.35,92.37,RPG,2.15,7.42,285.78,9.37,High,66.79,D
4675,21,Female,3.41,1.51,8.4,73.03,FPS,4.14,7.16,268.48,6.66,Medium,53.96,F
4676,22,Female,0.58,6.04,6.97,88.21,Casual,2.04,4.49,310.61,6.01,Medium,91.7,A-
4677,23,Male,7.15,7.8,6.67,77.38,FPS,4.42,10.94,226.48,17.75,Low,64.09045461920309,D
4678,19,Female,4.89,5.47,4.66,92.74,FPS,1.17,6.25,261.96,8.36,Medium,49.75,F
4679,18,Female,0.93,6.34,6.45,71.82,RPG,0.2,3.99,326.15,5.67,Medium,87.61,B+
4680,20,Male,4.09,9.09,5.99,97.51,FPS,3.81,6.78,268.54,9.01,High,76.58,C
4681,24,Other,3.98,2.78,5.58,82.99,RPG,3.13,9.94,276.46,11.85,Medium,49.76,F
4682,21,Male,0.48,1.88,7.86,74.13,RPG,2.2,3.81,285.16,2.72,Medium,69.96,D+
4683,24,Male,4.85,7.22,4.31,76.77,FPS,4.23,8.03,266.08,8.42,High,52.98,F
4684,21,Female,6.47,8.41,7.23,73.91,FPS,4.12,9.89,252.34,12.99,Low,76.26941267463728,C
4685,17,Male,5.99,8.65,8.11,65.85,FPS,1.62,11.59,249.35,17.49,Low,80.49620269983933,B-
4686,20,Male,1.62,6.77,8.54,62.74,FPS,4.19,5.68,289.9,7.15,Medium,95.45,A
4687,24,Male,6.9,8.5,7.73,72.87,FPS,1.73,9.85,225.2,13.23,Low,82.93732463867757,B-
4688,23,Male,2.74,7.31,5.41,78.35,Casual,3.11,8.3,281.57,8.68,High,73.2,C
4689,22,Male,7.57,1.79,7,74.47,FPS,0.96,13.22,217.07,17.54,Low,28.30729184548472,F
4690,16,Male,0.57,7.86,4.71,60.56,FPS,1.32,2.89,328.92,4.58,High,82.48,B-
4691,19,Male,3.89,2.61,4.59,83.16,FPS,2.24,6.86,278,8.86,Medium,33.88,F
4692,22,Other,4.78,3.13,7.19,65.79,RPG,1.57,10.61,277.09,10.94,Medium,49.24,F
4693,22,Other,1.98,4.55,8.26,68.44,Casual,0.65,5.69,293.35,7.29,Medium,97.41910563523614,A
4694,21,Male,6.17,3.83,4.34,64.83,Casual,2.41,9.33,238.31,16.3,Low,32.49,F
4695,23,Female,5.02,3.89,4.53,80.82,RPG,2.56,7,252.73,11.82,Low,43.86,F
4696,21,Male,0.14,2.52,6.83,63.81,FPS,0.79,3.06,313.7,2.88,Medium,65.91,D
4697,18,Male,4.87,3.64,5.09,70.25,FPS,0.87,9.03,256.62,9.43,Medium,38.81,F
4698,19,Male,3.93,1.18,7.06,78.07,FPS,0.15,5.12,285.06,5.9,Medium,38.75,F
4699,18,Other,1.57,5.26,5.07,66.71,Casual,0.15,2.99,310.3,1.15,Medium,81.37991517963299,B-
4700,16,Female,7.97,7.92,4.58,77.85,RPG,1.79,9,227.07,18.56,High,59.08582121884935,F
4701,20,Male,7.18,8.76,6.73,73.71,FPS,0.73,9.27,217.24,14.63,Low,71.00086126689163,C-
4702,16,Male,2.34,8.38,8.31,94.42,Casual,4.6,4.25,294.87,7.29,Medium,100,A
4703,16,Male,4.33,4.75,7.43,91.8,Casual,1,9.58,264.93,10.08,Medium,60.21,D-
4704,17,Female,2.53,7.57,8.09,99.71,Casual,0.33,4.46,303.7,6,Medium,94.45,A
4705,19,Female,6.2,3.59,5.33,81.16,FPS,2.02,10.51,254.55,12.94,Low,32.07,F
4706,21,Male,7.44,1.5,8.43,83.02,FPS,0.96,9.03,232.14,15.02,Low,16.83,F
4707,23,Female,2.87,7.08,5.89,97.87,FPS,0.31,6.84,264.58,4.31,High,88.05,B+
4708,18,Male,6.44,6.84,8.26,75.98,RPG,3.76,9.62,241.36,13.83,Low,57.74,F
4709,16,Female,3.99,8.21,6.36,82.23,RPG,2.79,7.03,265.59,8.69,Medium,76.71,C
4710,18,Female,3.17,6.54,5.34,75.16,Casual,0.29,8.45,286.01,5.59,Medium,70.55,C-
4711,18,Male,7.51,2.41,5.3,81.83,FPS,2.34,9.35,218.46,16.79,Low,14.52,F
4712,20,Female,4.08,8.68,6.84,63.23,RPG,0.19,8.06,273.66,11.3,Medium,74.04,C
4713,19,Female,3.74,6.65,4.4,91.35,Casual,1.77,8.85,252.94,8.71,Medium,63.1,D
4714,19,Male,5.38,8.27,8.65,99.41,FPS,1.82,9.95,241.58,10.63,Low,98.19770014450538,A
4715,24,Male,2.09,7.97,5.36,62.63,FPS,4.11,8.01,286.12,10.6,High,80.32,B-
4716,22,Female,2.6,3.68,5.68,92.04,RPG,3.68,3.61,283.34,6.22,Medium,56.46,F
4717,19,Male,7.46,1.67,5.17,69.67,Casual,4.48,12.88,234.37,12.87,Low,18.13,F
4718,18,Male,5.43,2.59,4.02,67.9,Casual,0.7,9.5,238.29,12.04,Low,23.13,F
4719,21,Male,6.61,1.84,7.46,87.73,Casual,2.67,7.62,234.27,12.42,Low,35.86,F
4720,18,Female,2.17,3.19,6.95,61.77,Casual,0.1,5.5,287.8,4.55,Medium,58.54,F
4721,21,Female,4.35,5.14,8.05,78.53,RPG,4.13,9.19,274.68,13.3,Medium,68.94,D+
4722,24,Female,7.77,9.16,4.21,60.06,FPS,1.83,9.68,224.84,17,High,55.88479805367045,F
4723,21,Female,2.55,8.85,8.64,82.18,Casual,0.35,6.94,279.73,8.57,Medium,97.28,A
4724,19,Male,1.28,7.47,5.65,78.48,Casual,1.62,2.98,293.85,3.13,High,100,A
4725,20,Female,4.09,1.22,8.57,96.62,FPS,1.43,9.11,265.39,12.4,Medium,50.24,F
4726,21,Female,3.1,4.07,4.54,88.81,FPS,3.83,6.94,266.32,7.37,Medium,62.43,D-
4727,18,Male,1.28,7.14,7.72,65.04,RPG,0.63,2.45,320.9,3.61,Medium,100,A
4728,23,Male,7.11,2.16,6.9,74.18,Casual,2.78,8.56,234.64,15.92,Low,19.37,F
4729,19,Male,7.93,8.21,5.79,97.26,FPS,3.97,13.25,215.7,17.27,High,70.03387335906189,C-
4730,23,Female,4.55,9.23,4.4,89.01,Casual,3.7,5.72,254.86,5.49,High,88.06,B+
4731,18,Female,6.2,4.19,7.02,83.77,Casual,4.68,8.69,233.53,10.26,Low,49.74,F
4732,22,Female,6.87,7.35,4.13,82.36,Casual,0,10.7,241.27,20.28,High,68.14151039738456,D+
4733,24,Other,5.61,2.33,6.51,75.92,RPG,1.77,7.68,236.15,13.56,Low,29.95,F
4734,19,Male,0.35,7.22,7.02,83.41,Casual,1.85,2.47,314.02,3.16,Medium,99.31,A
4735,23,Female,1.26,1.19,7.66,90.87,FPS,0.17,6.14,310.62,7.8,Medium,70.46,C-
4736,18,Female,0.57,2.36,8.96,65.1,FPS,4.09,3.02,307.3,0.12,Medium,70.86,C-
4737,22,Male,0.08,7.39,5.3,98.79,FPS,3.44,1.27,308.92,-0.69,High,100,A
4738,18,Other,2.45,7.41,5.61,69.57,FPS,2.64,7.06,298.98,5,High,68.7,D+
4739,22,Male,3.14,6.77,5.71,77.91,FPS,2.03,8.91,271,13.88,Medium,74.81,C
4740,21,Female,1.93,5.3,7.66,60.91,FPS,4.48,7.09,294.06,4.44,Medium,87.76,B+
4741,17,Female,0.52,7.07,8.66,82.01,Casual,1.32,4.26,314.91,5.42,Medium,95.35,A
4742,18,Female,4.24,7.96,8.87,75.27,RPG,1.67,7.36,263.08,8.72,Medium,91.61,A-
4743,21,Female,2.19,9.7,8.73,69.99,Casual,4.76,7.82,281.74,7.37,Medium,100,A
4744,19,Male,6.37,9,8.4,99.42,FPS,0.32,11.2,237.97,17.7,Low,99.49641369548678,A
4745,21,Female,0.06,8.15,8.95,77.13,FPS,3.9,3.91,322.68,2.62,Medium,100,A
4746,16,Male,6.74,7.25,5.88,76.57,FPS,3.59,12.14,231.83,15.92,High,71.95767642814612,C-
4747,16,Female,7.64,6.17,8.74,78.52,FPS,4.51,11.65,232.87,21.82,Low,47.57,F
4748,18,Female,5.73,2.09,7.81,64.65,FPS,0.45,11.6,248.69,10.73,Low,35.09,F
4749,23,Female,5.87,2.49,4.84,75.72,FPS,4.85,11.16,243.51,12.5,Low,27.28,F
4750,23,Male,7.47,8.38,4.23,73.46,RPG,0.14,11.22,223.11,16.2,High,67.84872014163939,D+
4751,19,Female,1.67,8.23,5.07,78.6,FPS,1.69,7.28,302.28,8.23,High,94.27,A
4752,21,Female,7.96,6.53,7.89,94.26,FPS,0.42,10.67,235.75,16.27,Low,46.22,F
4753,23,Female,6.19,4.95,7.16,67.71,FPS,0.26,10.69,246.94,16.57,Low,44.64,F
4754,22,Male,5.81,1.23,5.12,84.31,Casual,4.82,7.67,240.63,9.11,Low,14.33,F
4755,22,Male,2.89,3.94,7.71,61.51,FPS,3.6,8.37,296.25,10.82,Medium,63.47,D
4756,19,Male,4.37,4.79,4.71,72.67,FPS,2.53,6.61,258.71,11.65,Medium,60.02,D-
4757,24,Female,5.23,5.37,8.11,78.91,FPS,0.54,10.98,274.53,11.19,Low,63.42,D
4758,21,Female,4.96,9.36,7.97,62.97,Casual,2.63,6.04,258.87,10.39,Medium,86.54,B
4759,18,Other,5.64,1.98,8.86,81.76,RPG,1.6,10.05,243.54,12.95,Low,50.57,F
4760,20,Male,0.66,5.67,4.75,72.41,FPS,1.36,2.41,317.67,3.1,Medium,70.22,C-
4761,20,Male,2.85,4.31,8.53,99.71,RPG,3.09,7.7,282.69,10.45,Medium,85.77,B
4762,20,Female,3.47,9.91,5.71,85.24,RPG,3.95,6.93,282.79,7.3,High,100,A
4763,23,Female,2.09,8.76,6.08,69.77,FPS,2.22,7.64,295.84,7.69,Medium,92.55435896451584,A-
4764,24,Female,1.38,4.95,6.34,64.11,FPS,2.47,5.96,289.65,5.54,Medium,81.74,B-
4765,24,Female,1.11,10,7.13,61.63,Casual,3.26,5.95,305.98,4.89,Medium,100,A
4766,21,Male,2.93,5.63,8.97,63.63,RPG,0.62,4.53,289.85,9.57,Medium,74.84,C
4767,21,Female,3.95,2.5,7,87.2,RPG,4.14,5.43,273.73,8.96,Medium,59.12,F
4768,24,Female,0.5,6,8.63,94.2,FPS,4.18,5.75,326.56,1.2,Medium,99.68,A
4769,19,Female,7.57,3.04,5.28,66.27,Casual,2.71,9.7,232.28,17.68,Low,15.29,F
4770,21,Male,6.12,6.73,5.99,76.09,FPS,0.94,11.45,244.14,18.11,Low,68.06,D+
4771,19,Male,5.85,9.44,6.52,74.17,FPS,2.5,7.56,251.9,12.83,Low,82.86447207365738,B-
4772,16,Male,1.38,8.08,5.61,85.78,RPG,0.53,3.92,298.52,6.73,High,100,A
4773,22,Female,4.83,3.46,8.88,67.31,RPG,3.82,10.47,265.64,11.64,Medium,53.72,F
4774,21,Male,4.24,3.67,7.63,98.13,Casual,1.56,9.44,272.71,11.91,Medium,66.81,D
4775,24,Male,7.86,1.62,6.39,89.14,FPS,1.56,9.13,213.29,13.23,Low,20.41,F
4776,22,Male,5.98,3.57,7.76,98.2,RPG,4.73,9.22,255.97,12.36,Low,53.07,F
4777,22,Female,4.61,1.83,6.34,71.09,FPS,2.11,10.16,287.01,12.33,Medium,30.78,F
4778,17,Male,6.81,5.5,4.09,83.51,Casual,3.95,7.88,243.74,15.49,Low,40.26,F
4779,24,Female,1.24,7.38,6.72,89.29,FPS,3.19,2.78,284.82,4.12,Medium,97.29,A
4780,24,Male,0.12,7.76,7.13,88.44,RPG,1.58,4.35,314.29,4.92,Medium,99.24,A
4781,21,Male,5.52,1.54,8.91,60.85,FPS,0.62,7.04,240.97,8.74,Low,40.16,F
4782,18,Female,0.79,4.06,4.2,99.93,RPG,3.99,4.03,307.6,6.14,Medium,72.36,C-
4783,16,Male,0.92,3.59,6.56,97.12,RPG,3.81,4.46,315.82,2.18,Medium,71.37,C-
4784,19,Male,5.96,1.94,4.49,64.79,FPS,0.85,11.26,241.3,12.11,Low,21.02,F
4785,18,Male,2.16,4.26,4.74,81.74,RPG,1.25,7.95,312.93,9.29,Medium,62.79,D-
4786,16,Female,5.03,3.69,7.05,72.58,FPS,3.83,8.59,230.83,9.62,Low,45.24,F
4787,18,Female,7.34,6.71,5.16,95.16,Casual,4.92,10.89,229.44,19.28,Low,45.68,F
4788,19,Male,2.53,8.95,7.75,87.9,RPG,4.22,7.16,293.43,3.01,Medium,99.1,A
4789,23,Male,1.74,5.09,6.57,68.94,Casual,3.42,3.7,286.93,2.95,Medium,77.86,C+
4790,24,Other,0.85,7.72,5.09,61.35,FPS,4.58,6.55,298.92,6.3,High,82,B-
4791,18,Female,1.04,2.31,6.47,71.67,FPS,1.43,2.05,315.08,3.93,Medium,74.98329592831172,C
4792,21,Male,0.5,9.05,4,61.53,FPS,0.05,1.51,333.28,-3.76,High,91.63348795563591,A-
4793,20,Female,0.7,2.37,8.31,65.65,FPS,1.6,4.83,332.06,2.14,Medium,65.12,D
4794,21,Female,3.46,2.73,4.06,85.45,FPS,4.86,6.17,275.01,4.84,Medium,44.89,F
4795,19,Female,2.57,1.96,4.04,89.8,FPS,4.41,5.56,302.67,6.91,Medium,48.25,F
4796,21,Male,5.65,3.79,7.06,78.72,Casual,0.25,7.76,251.51,12.46,Low,62.089784336655846,D-
4797,22,Male,6.96,5.97,8.87,84.01,RPG,2.51,10,245.65,14.94,Low,72.06506070510335,C-
4798,24,Male,6.28,9.89,8.28,66.24,RPG,0.4,11.42,242.53,14.92,Low,94.26968367701548,A
4799,22,Female,4.25,8.14,5.26,72.67,Casual,3.95,8.75,257.65,8.55,High,66.18,D
4800,21,Female,0.82,4.42,4.98,88.52,FPS,1.86,2.29,326.18,0.91,Medium,68.95,D+
4801,16,Male,5.68,6.18,7.13,74.6,Casual,4.56,6.96,270.47,14.13,Low,65.51,D
4802,17,Female,2.9,6.61,8.11,73.95,RPG,0.27,6.43,280.99,6.59,Medium,84.13,B
4803,16,Female,0.69,8.4,5.81,67.76,FPS,3.67,5.34,321.09,2.56,High,86.53,B
4804,24,Other,6.74,7.63,6.16,83.79,Casual,2,11.06,237.67,17.92,Low,67.91468837776014,D+
4805,24,Female,2.71,6.12,4.58,92.38,RPG,1.34,8.03,309.29,5.72,Medium,71.48,C-
4806,22,Other,1.75,7.02,4.76,78.78,RPG,2.59,3.42,284.07,7.29,High,91.47,A-
4807,17,Male,6.97,7.71,6.84,64.62,Casual,2.43,11,234.58,19.08,Low,58.990010959069274,F
4808,21,Female,7.22,2.2,4.51,93.53,Casual,1.74,12.05,218.89,14.82,Low,22.57,F
4809,19,Female,2.71,2.8,5.01,62.86,Casual,3.24,8.4,271.61,10.11,Medium,50.22,F
4810,16,Male,2.84,7.2,5.17,78.87,RPG,3.31,4.34,284.76,2.11,High,71.78,C-
4811,16,Male,4.64,8.65,6.22,70.44,Casual,0.39,6.84,259.82,10.58,Medium,74.2,C
4812,20,Other,5.87,4.68,4.23,97.45,FPS,2.98,8.64,239.45,11.11,Low,49.3182551440842,F
4813,17,Male,0.51,9.82,6.5,89.5,Casual,3.55,4.21,322.25,3.88,Medium,100,A
4814,19,Female,4.75,2.94,8.64,82.66,FPS,0.38,7.79,275.99,11.65,Medium,53.32,F
4815,16,Male,7.62,4.75,4.12,86.71,RPG,3.3,12.93,233.69,17.34,Low,22.05,F
4816,19,Male,2.1,4.41,7.15,81.31,Casual,4.02,7.85,276.03,4.89,Medium,76.68147070943411,C
4817,21,Male,7.27,9.37,8.18,65.9,Casual,4.16,8.62,236.15,17.05,Low,86.99620059843873,B
4818,19,Male,7.6,3.57,5.56,88.36,Casual,0.21,12.1,232.1,17.39,Low,38.62,F
4819,16,Female,2.15,5.24,4.66,79.71,FPS,3.49,3.72,285.78,3.67,Medium,69.21,D+
4820,22,Female,6.03,2.69,4.22,85.37,FPS,3.98,11.52,251.1,13.78,Low,43.78253634973897,F
4821,17,Male,1.91,5.69,7.22,61.81,Casual,1.98,3.62,292.01,4.48,Medium,83.05,B
4822,24,Male,5.9,8.72,6.76,65.68,RPG,2.71,11.86,241,14.58,Low,80.71510960263637,B-
4823,18,Male,6.38,3.74,5.15,83.57,Casual,1.33,9.52,231.61,14.95,Low,39.58,F
4824,23,Male,1.98,8.3,8.16,78.38,Casual,1.55,4.89,304.58,7.33,Medium,100,A
4825,23,Female,5.73,9.2,7.68,69.07,Casual,2.51,9.66,264.17,15.52,Low,88.0702196046585,B+
4826,18,Male,6.5,1.66,5.38,69.63,RPG,0.76,9.47,240.59,14.03,Low,19.94,F
4827,19,Male,2.87,7.81,7.77,85.27,Casual,1.85,5.04,295.41,7.68,Medium,91.77,A-
4828,17,Female,1.34,3.3,5.22,62.36,FPS,1.51,5.49,319.18,4.35,Medium,63.91,D
4829,19,Male,0.74,2.58,7.38,77.37,Casual,1.19,5.38,312.43,6.23,Medium,68.49,D+
4830,24,Male,4.6,6.41,4.59,80.92,FPS,2.42,10.33,264.03,11.8,Medium,56.83,F
4831,17,Male,7.82,7.35,7.46,72.33,FPS,4.19,10.87,230.86,17.41,Low,70.53606020508536,C-
4832,18,Female,6.58,4.55,5.19,92.82,RPG,1.21,11.11,232.66,15.37,Low,47.11,F
4833,19,Female,3.49,1.35,6.86,62.27,Casual,3.3,8.66,283.59,10.49,Medium,42.15,F
4834,20,Female,4.29,9.18,4.86,94.63,Casual,1.27,9.45,270.03,12.42,High,91.03,A-
4835,16,Male,2.24,7.58,7.63,88.93,FPS,0.71,3.41,280.05,7.84,Medium,99.61,A
4836,22,Male,1.3,3.45,4.3,77.85,Casual,4.72,4.08,291.45,6.41,Medium,61.09,D-
4837,22,Female,3.86,5.47,4.83,96.98,Casual,3.17,4.93,263.83,8.34,Medium,66.3741177334196,D
4838,24,Female,3.71,1.25,4.92,88.09,RPG,0.52,7.51,280.61,9.23,Medium,30.07,F
4839,19,Other,4.18,4.05,4.21,97.24,FPS,3.16,9.51,266.47,10.57,Medium,59.53,F
4840,21,Male,7.62,5.7,7.73,78.9,RPG,0.88,12.69,228.31,19.79,Low,46.58,F
4841,17,Male,4.83,5.66,8.9,78.12,Casual,4.44,9.89,275.7,12.68,Medium,69.91,D+
4842,19,Female,4.85,2.87,7.89,81.23,Casual,1.24,7.61,266.23,16,Medium,48.49,F
4843,17,Female,1.02,7.99,8.3,62.62,FPS,4.03,2.25,301.33,2.53,Medium,100,A
4844,20,Female,7.97,3.69,4.03,96.34,FPS,1,9.83,214.49,19.91,Low,26.73,F
4845,22,Female,6.18,6.22,4.59,86.71,FPS,2.79,10.53,248.89,17.6,Low,46.9,F
4846,16,Female,7.02,3.44,6.8,84.7,RPG,4.56,8.69,226.05,17.88,Low,36.52,F
4847,22,Female,3.31,4.83,8.89,97.06,RPG,1.48,4.94,292.81,6.78,Medium,94.9,A
4848,21,Female,4.02,2.87,7.3,99.75,RPG,0.41,6.79,274.22,9.26,Medium,69.3,D+
4849,21,Other,4.18,6.7,5.87,66.54,RPG,2.76,5.65,271.13,8.77,Medium,55.39,F
4850,23,Female,1.55,4.83,4.73,89.96,FPS,0.86,4.2,291.85,7.37,Medium,66.96,D
4851,23,Male,5.52,1.15,4.76,83.2,FPS,3.64,11.37,259.95,13.06,Low,33.99,F
4852,21,Male,7.22,1.25,5.81,78.44,FPS,2.95,8.32,244.64,13.83,Low,19.95,F
4853,18,Female,1.31,5.24,7.57,99.1,FPS,1.73,6.46,302.92,6.58,Medium,93.71,A
4854,20,Male,0.69,2.65,4.16,94.01,Casual,3.53,6.66,321,1.71,Medium,62.24,D-
4855,17,Female,5.91,6.27,8.26,87.87,FPS,1.19,9.09,245.03,14.95,Low,66.7,D
4856,20,Male,2.19,4.67,8.71,75.31,RPG,4.59,7.91,293.1,4.96,Medium,75.64,C
4857,24,Male,4.99,6.89,8.44,86.64,FPS,1.73,7.3,280.98,10.31,Medium,82.45,B-
4858,16,Female,5.57,9.57,8.57,81.27,RPG,3.81,11.48,249.45,16.41,Low,94.9118970360268,A
4859,20,Male,2.58,5.76,4.08,69.97,RPG,1.29,7.89,294.44,6.7,Medium,67.91,D+
4860,21,Male,6.52,8.09,8.89,78.02,FPS,3.57,11.94,237.87,16.36,Low,79.82961213970665,C+
4861,22,Male,4.4,7.78,5.83,68.49,RPG,0.16,6.05,270,12.04,High,75.65,C
4862,24,Female,6.95,9.3,8.35,80.02,FPS,1.48,12.3,243.56,14.3,Low,88.73077871780677,B+
4863,21,Male,6.11,2.93,4.93,88.81,RPG,0.46,11.82,237.67,15.42,Low,27.06,F
4864,20,Female,6.95,8.45,6.23,61.47,Casual,2.26,12.05,229.55,17.74,Low,70.94788725707579,C-
4865,22,Male,0.16,9.15,4.22,90.62,RPG,2.18,1.62,323.76,-1.79,High,91.8,A-
4866,16,Female,1.95,4.53,4.2,60.8,Casual,1.8,3.37,298.22,2.53,Medium,68.43,D+
4867,20,Male,0.72,3.82,8.72,80.69,FPS,4.91,3.51,323.08,6.07,Medium,83.06,B
4868,17,Male,3.54,9.57,8.05,82.94,FPS,1.22,8.06,280.22,7.05,Medium,100,A
4869,19,Male,7.12,6.65,6.65,90.45,FPS,3.96,8.18,253.16,14.07,Low,53.17,F
4870,22,Male,3.74,4.43,6.63,90.44,FPS,2.24,9.49,282.09,6.32,Medium,63.92,D
4871,20,Female,6.8,8.13,7.74,76.7,RPG,1.67,10.43,257.19,13.84,Low,76.5539300231175,C
4872,21,Male,2.62,3.74,5.71,62.65,RPG,1.02,5.41,305.46,8.19,Medium,49.15,F
4873,17,Male,2.72,2.59,7.81,87.74,Casual,3.17,6.53,280.94,9.26,Medium,67.01,D+
4874,18,Female,7.16,5.9,6.43,80.44,Casual,1.67,11.74,248.88,18.2,Low,45.14,F
4875,22,Male,3.41,6.1,7.19,73.32,RPG,4.06,5.78,288.48,7.94,Medium,71.48078015986349,C-
4876,17,Male,6.32,8.43,8.82,69.39,RPG,4.84,8.78,252.86,11.72,Low,92.8776669441845,A-
4877,21,Female,1.89,5.11,6.36,64.79,FPS,1.14,5.23,309.17,6.28,Medium,76.67,C
4878,20,Female,7.59,8.33,6.09,71.81,RPG,0.64,11.94,225.83,16.47,Low,72.526711211123,C-
4879,16,Male,4.6,3.8,8.53,78.34,FPS,1.58,9.13,268.08,8.25,Medium,66.35507421343766,D
4880,19,Male,6.07,6.18,8.51,79.1,RPG,2.34,8.69,242.95,13.51,Low,66.6,D
4881,17,Other,0.72,2.88,8.96,83.31,Casual,1.5,3.33,334.46,5.29,Medium,80.57,B-
4882,19,Male,3.94,4.47,6.75,74.5,RPG,4.85,7.38,265.19,11.82,Medium,53.26,F
4883,16,Other,7.21,8.72,5.72,96.8,FPS,3.9,10.92,220.7,18.63,High,76.24431349439914,C
4884,17,Male,7.02,2.94,5.2,79.83,Casual,4.83,11.27,227.58,16.77,Low,19.89,F
4885,23,Female,0.37,8.29,4.17,76.95,FPS,1.87,4.46,315.01,0.93,High,82.62,B-
4886,21,Male,2.43,3.55,7.63,61.93,Casual,1.52,5.29,290.22,7.46,Medium,58.42,F
4887,17,Female,3.55,1.31,5.17,83.96,Casual,2.04,6.03,286.3,8.64,Medium,50.85,F
4888,21,Male,1.38,1.99,7.03,84.11,RPG,2.61,3.92,303.75,3.52,Medium,70.97,C-
4889,24,Female,5.84,7.71,8.58,83.33,FPS,3.71,10.07,244.97,15.13,Low,85.65129954795526,B
4890,22,Male,1.48,3.36,8.75,95.5,Casual,4.41,4.65,307.07,5.46,Medium,93.72,A
4891,24,Male,2.77,6.89,4.02,90.52,RPG,2.32,4.44,298.41,5.14,Medium,70.74,C-
4892,20,Female,5.31,7.29,5.59,94.7,FPS,1.45,6.34,258.35,9.8,High,73.81918798143515,C
4893,22,Female,3.86,4.11,8.19,62.38,RPG,1.59,5.01,282.37,5.99,Medium,56.38,F
4894,22,Female,5.91,5.27,6.68,72.73,RPG,3.48,11.25,249.91,15,Low,60.81,D-
4895,18,Male,7.69,4.63,8.04,72.75,FPS,2.84,10.98,225.12,18.84,Low,43.46,F
4896,22,Female,0.93,9.53,8.27,86.28,FPS,2.43,5.22,315.82,2.82,Medium,100,A
4897,16,Male,5.68,3.88,6.21,77.94,FPS,1.01,11.33,254.13,12.05,Low,40.97,F
4898,24,Other,1.84,2.65,5.79,91.1,FPS,4.38,3.47,307.96,5.5,Medium,67.81,D+
4899,21,Female,3.32,4.29,6.28,75.38,FPS,3.91,6.56,295.58,11.42,Medium,55.71,F
4900,20,Male,0.26,7.03,7.26,68.86,FPS,0.7,3.96,315.75,6.35,Medium,90.72,A-
4901,22,Female,1.09,7.28,5.84,71.64,FPS,1.84,6.3,313.39,7.82,High,86.29,B
4902,20,Female,2.56,9.32,7.87,67.3,FPS,2.71,8.53,299.96,8.01,Medium,99.05,A
4903,20,Male,2.74,8.94,8.52,67.92,Casual,2.27,7.3,291.22,5.96,Medium,100,A
4904,22,Female,7.2,3.59,5.41,68.67,RPG,1.99,11.41,238.7,17.72,Low,33.86,F
4905,22,Male,5.93,5.1,8.82,60.64,RPG,3.59,11.53,250.27,14.52,Low,47.36,F
4906,18,Female,7.78,7.73,7.11,88.64,RPG,0.27,12.97,229.19,17.76,Low,67.29181607743422,D+
4907,18,Male,4.79,9.25,8.39,75.98,FPS,2.36,10.12,267.74,16.05,Medium,94.28,A
4908,18,Male,1.93,4.03,4.52,60.91,Casual,1.31,2.94,290.76,7.14,Medium,59.01,F
4909,21,Male,2.62,5,5.26,74.8,RPG,0.42,6.19,271.58,8.3,Medium,62.04,D-
4910,21,Female,2.56,9.1,5.61,96.21,RPG,2.32,7.47,288.4,7.38,High,94.74,A
4911,18,Female,2.61,4.23,5.51,80.45,Casual,0.86,4.52,286.99,6.19,Medium,53.86,F
4912,18,Other,5.38,5.32,4.86,99.47,Casual,1.29,10.14,271.64,10.05,Low,65.83944946231762,D
4913,23,Male,4.25,9.14,8.34,81.6,FPS,2.54,5.3,271.96,11.12,Medium,96.3559997924435,A
4914,23,Male,3.08,8.22,6.09,98.51,Casual,4.87,6.96,288.66,10.69,Medium,84.08,B
4915,22,Female,1.19,3.19,8.82,68.07,Casual,3.42,6.45,301.6,3.48,Medium,78.86,C+
4916,19,Female,0.18,3.92,6.92,71.6,Casual,1.4,3.34,311.88,0.68,Medium,74.09,C
4917,19,Male,1.75,4.18,4.69,88,FPS,1.91,6.45,290.65,7.8,Medium,74.84,C
4918,18,Male,0.86,9.21,6.73,99.47,Casual,2.03,4.51,297.08,2.9,Medium,100,A
4919,20,Female,6.28,9.99,8.97,93.01,RPG,0.77,10.52,251.9,16.95,Low,99.527831634696,A
4920,18,Male,0.9,7.97,6.83,82.15,RPG,0.8,4.48,312.27,2.03,Medium,96.58,A
4921,23,Female,5.79,5.36,4.01,63.41,FPS,0.74,9.17,265.29,12.65,Low,37.41,F
4922,22,Female,3.09,1.09,8.67,74.58,FPS,2.61,8.3,288.42,9.82,Medium,59.00109858285251,F
4923,18,Female,0.59,7.28,5.17,63.46,FPS,3.37,2.05,315.35,1.26,High,86.56699848827161,B
4924,24,Female,6.5,4.5,7.44,72.45,RPG,2.95,10.42,222.19,14.2,Low,43.18,F
4925,20,Male,4.64,6.7,6.58,70.35,FPS,4.89,6.21,283.4,9.26,Medium,64.03,D
4926,24,Female,1.89,6.46,5.63,75.54,FPS,0.63,5.7,297.71,7.07,Medium,78.55,C+
4927,22,Female,7.16,5.33,5.41,93.49,Casual,4.93,12.98,213.24,19.16,Low,52.03,F
4928,22,Male,0.36,9.5,8.64,66.02,Casual,2.33,1.65,317.94,2.35,Medium,100,A
4929,21,Female,1.61,1.21,8.56,72.24,RPG,1.09,4.72,292.57,3.38,Medium,54.77,F
4930,17,Male,6.02,7.41,6.57,70.44,Casual,4.72,11.03,239.29,17.28,Low,78.02493551993366,C+
4931,24,Female,5.68,4.69,5.29,71.85,RPG,2.34,8.53,254.51,13.3,Low,43.46,F
4932,21,Male,2.31,7.42,4.51,74.42,FPS,1.74,5.91,286.41,8.52,High,78.59,C+
4933,23,Female,0.5,7.08,4.78,69.77,RPG,1.07,2.07,324.27,-0.8,High,74.57,C
4934,16,Male,6.86,1.09,6.61,97.7,RPG,1.34,8.98,236.53,17.12,Low,17.12,F
4935,20,Male,2.51,3.57,5.54,76.8,FPS,4.9,6.94,293.88,6.49,Medium,58.39,F
4936,16,Other,1.57,2.7,4.21,64.56,FPS,1.52,6.71,306.83,4.83,Medium,51.62,F
4937,23,Female,4.13,2.5,6.28,78.71,FPS,4.89,8.36,272.96,11.19,Medium,44.2,F
4938,23,Male,7.28,7.56,7.73,67.38,RPG,1.65,12.46,234.78,13.05,Low,70.61522943822307,C-
4939,16,Male,0.35,3.16,8.46,68.65,FPS,1.16,4.38,317.22,3.41,Medium,75.98,C
4940,24,Male,6.13,5.27,6.93,71.4,Casual,0.92,11.18,261.38,14.23,Low,54.81,F
4941,17,Female,4.58,3.22,7.62,64.99,FPS,2.06,10.49,273.48,14.94,Medium,44.79,F
4942,24,Female,3.4,6.22,5.82,88.84,RPG,1.18,4.81,272.29,8.05,Medium,70.28,C-
4943,16,Female,5.95,7.49,6.48,91.68,Casual,3.48,9.35,237.48,11.61,Low,85.01628588780721,B
4944,24,Female,7.73,3.98,7.65,75.77,Casual,1.2,9.68,219.3,14.83,Low,40.34,F
4945,19,Female,1.83,6.43,7.64,87.56,Casual,4.18,5.16,302.32,0.41,Medium,94.39,A
4946,24,Male,1.15,8.42,6.12,75.56,FPS,4.17,4.65,295.16,8.91,Medium,100,A
4947,22,Male,7.3,1.85,6.72,66.56,Casual,1.43,11.41,225.87,11.65,Low,11.68,F
4948,21,Female,5.35,7.4,8.62,75.89,RPG,3.77,8.55,242.37,11.22,Low,75.70659691397492,C
4949,20,Female,3.5,3.91,7.16,82.28,Casual,4.29,6.12,287.32,9.79,Medium,75.25,C
4950,24,Female,4.59,2.1,7.21,61.64,Casual,2.95,5.81,271.55,12.73,Medium,41.65,F
4951,17,Female,5.96,5.91,7.92,86.18,FPS,1.83,7.13,257.27,16.11,Low,58.8,F
4952,17,Female,6.18,3.04,4.58,89.7,RPG,2.2,8.06,241.09,13.1,Low,22.03,F
4953,24,Female,7.36,8.39,6.61,94.4,FPS,3.93,10.6,214.09,17.34,Low,78.74556737573,C+
4954,18,Male,3.41,1.39,8.8,64.11,FPS,1.47,6.5,270.73,7.75,Medium,45.46,F
4955,23,Male,2.35,1.89,5.81,60,RPG,1.67,4.3,278.33,2.56,Medium,40.65,F
4956,24,Other,5.12,5.69,5.47,62.93,RPG,0.8,10.23,244.98,10.7,Low,48.14,F
4957,23,Female,3.33,6.3,7.01,96.96,RPG,2,7.75,291.41,5.44,Medium,83.46,B
4958,19,Male,4.76,7.57,5.11,90.62,Casual,0.43,7.48,260.41,11.51,High,75.47,C
4959,16,Male,3.36,3.33,6.78,93.42,RPG,1.61,8.34,282.57,8.53,Medium,61.31,D-
4960,19,Male,1.22,8.58,4.78,80.68,Casual,1.87,7.17,316.39,5.04,High,91.87,A-
4961,24,Male,3.76,9.58,6.9,81.07,Casual,1.28,5.99,264.68,9.98,Medium,100,A
4962,17,Female,5.53,5.49,7.01,71.94,Casual,0.51,8.34,259.78,12.96,Low,54.1,F
4963,18,Male,6.39,7.84,6.09,93.71,Casual,2.61,12.35,228.79,17.08,Low,79.09771229809414,C+
4964,23,Female,3.95,5.72,5.91,93.19,RPG,4.33,5.64,275.12,12.37,Medium,62.71,D-
4965,21,Male,1.32,1.63,5.23,75.69,RPG,1.68,2.71,314.84,1.75,Medium,58.27,F
4966,23,Female,3.32,3.94,5.65,73.17,Casual,1.18,6.92,268.77,4.69,Medium,61.55,D-
4967,22,Male,6.29,1.79,6.49,89.53,RPG,1.43,9.63,252.81,13.09,Low,27.71,F
4968,20,Female,3.3,9.9,5.24,61.05,RPG,4.31,4.69,282.65,6.88,High,77.48,C+
4969,24,Female,5.57,3.06,7.91,94.4,Casual,2.64,8.02,248.62,13.24,Low,50.12,F
4970,19,Female,4.06,6.72,7.55,77.85,Casual,0.65,7.15,259.28,11.11,Medium,86.99,B
4971,21,Male,1.93,3.56,5.35,77.65,FPS,3.55,7.04,299.26,4.29,Medium,62.49,D-
4972,17,Male,6.37,6.88,4.49,86.76,RPG,0.77,10.91,248.5,12.58,Low,65.78,D
4973,17,Male,0.67,2.89,4,85.83,RPG,0.3,6.24,308.79,6.85,Medium,55.19,F
4974,17,Male,4.2,8.07,6.98,70.64,FPS,1.28,6.86,259.79,10.37,Medium,71.19,C-
4975,22,Female,1.67,2,5.06,97.73,Casual,0.84,4.22,307.58,5.32,Medium,59.69,F
4976,17,Female,0.54,9.06,4.06,99.45,Casual,3.02,3.86,325.37,3.27,High,90.29,A-
4977,17,Female,4.02,8.56,5.8,81.04,FPS,2.42,5.06,281.3,8.86,High,79.16,C+
4978,24,Female,4,7.11,8.81,82.46,FPS,3.62,6.04,287.89,8.57,Medium,88.55,B+
4979,22,Male,5.66,1.61,7.45,82.17,Casual,2.56,7.72,245.56,10.93,Low,34.86,F
4980,18,Male,5.96,2.88,8.29,79.43,FPS,2.1,7.27,234.33,11.5,Low,50.67,F
4981,18,Male,5.82,8.73,4.72,97.81,RPG,2.63,9.1,254.27,17.61,High,84.20827357452795,B
4982,22,Female,3.28,2.1,4.37,69.79,FPS,2.17,8.81,276.61,12.93,Medium,31.68,F
4983,20,Female,5.05,2.4,4.06,64.32,Casual,0.19,6.07,269.28,12.46,Low,27.98,F
4984,21,Male,4.62,5.9,8.78,97.18,Casual,3.4,8.76,254.19,11.18,Medium,79.07,C+
4985,23,Male,3.37,3.47,5.5,68.52,FPS,4.81,8.77,269.92,10.57,Medium,50.88,F
4986,24,Female,4.78,3,6.3,89.97,Casual,2.11,6.32,263.32,7.48,Medium,42.92,F
4987,16,Female,7.58,6.18,5.97,68.15,Casual,2.12,13.17,230.79,19.95,Low,41.01,F
4988,18,Female,1.54,4.35,7.65,98.41,RPG,0.23,6.63,308.27,5.14,Medium,94.35,A
4989,22,Male,7.25,2.27,5.55,91.64,FPS,4.45,9.32,232.02,15.57,Low,17.7,F
4990,21,Male,0.43,5.81,6.68,96.75,Casual,4.65,5.96,295.67,3.82,Medium,80.49,B-
4991,22,Other,2.47,4.48,8.98,98.04,FPS,4.07,7.49,324.88,7.09,Medium,76.73,C
4992,23,Female,2.31,7.61,6.22,63.38,RPG,0.53,3.87,292.62,7.01,Medium,82.39,B-
4993,21,Male,5.01,1.92,6.76,77.34,FPS,4.5,10.16,288.77,15.78,Low,31.3,F
4994,18,Female,1.05,6.59,6.51,85.92,RPG,0.12,4.76,306.14,5.67,Medium,95.84,A
4995,17,Female,7.06,4.93,8.02,92.1,FPS,2.22,12.14,224.75,16.79,Low,53.56,F
4996,22,Male,6.63,4.65,5.33,69.66,RPG,2.5,10.72,237.27,13.17,Low,37.81,F
4997,16,Male,5.22,3.09,4.85,96.58,FPS,4.17,8.18,268.37,12,Low,56.01,F
4998,18,Male,3.67,1.27,7.77,68.84,RPG,3.75,7.68,282.15,9.19,Medium,35.96,F
4999,19,Male,7.46,8.63,6.08,94.65,Casual,3.99,11.64,233.56,18.66,Low,60.52003752603707,D-
5000,16,Female,6.65,3.94,8.57,80.51,FPS,4.34,11.48,239.59,14.43,Low,62.45085511210443,D-
5001,20,Male,3.99,7.13,7.22,80.62,Casual,2.38,9.14,273.41,8.78,Medium,82.57,B-
5002,18,Female,5.61,9.53,6.82,74.96,FPS,3.9,9.93,251.19,13.98,Low,91.33042545789291,A-
5003,17,Other,4.54,6.08,4.35,64.14,RPG,0.34,10.49,277.49,13.9,Medium,43.57,F
5004,18,Male,4.7,4.57,7.65,73.88,RPG,2.22,9.59,272.76,12.15,Medium,53.01,F
5005,23,Male,2.65,3.41,7.43,77.07,RPG,0.15,8.2,278.78,10.01,Medium,69.57,D+
5006,21,Female,3.7,9.41,7.2,79.16,FPS,4.58,6.3,260.83,6.15,Medium,93.94,A
5007,22,Female,0.62,7.14,5.34,89.56,FPS,4.79,3.2,300.3,3.48,High,96.66,A
5008,21,Female,2.86,6.99,8.73,74.08,FPS,0.42,5.67,282.12,4.56,Medium,87.33,B+
5009,21,Male,5.57,4.84,5.61,76.26,Casual,2.66,8.77,255.37,18.07,Low,47.01,F
5010,18,Male,7.63,8.61,4.76,96.24,RPG,1.63,13.44,227.89,20.85,High,79.99535151474376,C+
5011,23,Female,7.7,7.42,8.94,90.1,Casual,1.71,9.07,233.9,16.85,Low,64.76444981423793,D
5012,22,Other,4.45,3.55,7.73,60.91,Casual,2.25,7.94,266.45,7.44,Medium,55.42,F
5013,22,Male,4.85,6.4,6.07,92.48,Casual,0.63,6.66,277.76,7.85,Medium,61.22,D-
5014,21,Female,1.49,4.87,8.68,99.6,RPG,0.9,6.54,307.21,9.3,Medium,90.85,A-
5015,20,Male,5.56,1.06,4.46,97.59,FPS,2.89,6.72,253.46,9.38,Low,30.94,F
5016,23,Other,0.57,8.27,4.44,93.44,Casual,0.09,3.85,298.05,3.78,High,87.48,B+
5017,20,Female,2.28,2.11,7.41,85.17,FPS,3,5.25,296.14,9.69,Medium,65.35,D
5018,24,Male,5.35,5.59,4.89,71.13,RPG,1.59,6.81,260.79,11.64,Low,48.59,F
5019,24,Female,2.48,4.03,8.59,86.18,Casual,4.16,5.36,283.1,4.01,Medium,71.71,C-
5020,16,Male,0.4,4.08,8.2,87.82,RPG,3,5.45,303.64,-0.23,Medium,82.58,B-
5021,21,Male,6.65,5.3,5.53,71.26,FPS,3.54,8.34,251.15,14.91,Low,38.07,F
5022,22,Male,2.48,9.97,8.44,70.21,FPS,0.57,8.4,280.55,5.71,Medium,100,A
5023,18,Male,0.5,4.68,4.21,75.88,Casual,1.33,1.79,315.66,1.65,Medium,64.5,D
5024,22,Male,0.6,2.64,6.74,85.65,Casual,4.98,3.05,313.1,0.29,Medium,60.6,D-
5025,22,Female,2.01,6.52,8.68,71.72,Casual,2.17,6.88,300.35,5.25,Medium,80.84,B-
5026,17,Female,1.42,3.13,8.28,82.23,Casual,1.79,4.21,293.35,3.1,Medium,67.55,D+
5027,22,Male,6.19,1.95,5.78,95.97,FPS,4.37,9.59,244.51,13.56,Low,35.33,F
5028,16,Female,2.57,1.45,4.91,71.8,FPS,0.17,4.5,279.49,4.62,Medium,49.49904901756099,F
5029,20,Female,6.44,1.21,5.05,98.64,FPS,2.67,11.02,243.46,15.74,Low,20.4,F
5030,24,Other,1.39,4.88,6.57,78.93,FPS,1.05,3.29,308.36,5.72,Medium,80.31,B-
5031,22,Female,3.94,4.84,6.98,64.04,FPS,1.84,9.18,281.67,9.78,Medium,72.47986378881951,C-
5032,22,Male,5.5,2.67,4.16,62.2,FPS,1,9.2,268.95,13.37,Low,22.39,F
5033,17,Male,5.22,8.06,6.07,73.55,RPG,0.19,8.96,254.72,10.44,Low,78.43577693902378,C+
5034,23,Female,4.81,2.16,8.15,70.35,FPS,2.08,10.48,259.47,9.32,Medium,55.26,F
5035,18,Male,7.4,9.24,6.22,93.75,FPS,3.95,12.26,243.93,18.03,Low,78.8942856947345,C+
5036,23,Male,1.83,6.29,4.85,89.51,Casual,4.76,6.55,303.79,7.78,Medium,88.57,B+
5037,18,Male,3.95,1.25,8.77,95.38,FPS,3.12,9.24,284.97,6.72,Medium,59.04,F
5038,22,Male,7.07,9.67,5.33,83.57,FPS,1.94,8.53,254.69,14.69,High,75.32980580311948,C
5039,17,Male,0.62,3.77,7.99,77.42,FPS,3.85,5.25,304.12,4.42,Medium,73.2,C
5040,19,Female,0.45,5.05,4.97,70.82,Casual,2.53,2.62,322.69,2.56,Medium,65.96,D
5041,21,Male,1.87,3.56,6.12,83.32,RPG,1.84,4.27,291.57,3.76,Medium,74.09,C
5042,24,Female,5.06,7.56,6.45,84.72,RPG,0.9,6.14,274.91,10.76,Low,88.88881444876726,B+
5043,20,Female,2.08,5.37,6.5,75.72,FPS,3.98,7.55,283.16,8.75,Medium,76.1,C
5044,24,Male,1.52,2.19,6.58,97.46,RPG,2.5,6.22,310.94,3.67,Medium,71.41,C-
5045,20,Male,3.67,1.94,5.12,85.6,FPS,4.82,5.37,270.42,11.3,Medium,39.88,F
5046,23,Male,4.91,7.53,6.58,93.5,FPS,4.01,7.55,266.62,8.36,Medium,71.9,C-
5047,16,Male,1.99,3.13,6.41,84.82,RPG,2.1,5.39,308.8,7.48,Medium,65.59,D
5048,22,Male,2.41,2.24,5.04,72.66,Casual,3.7,5.88,284.64,6.66,Medium,46.66,F
5049,19,Male,4.91,5.49,8.94,89.46,FPS,2.27,8.89,246.4,10.78,Medium,70.8,C-
5050,20,Female,7.57,8.22,8.33,69.21,Casual,0.4,10.93,226.57,13.14,Low,75.6788682985935,C
5051,21,Female,5.4,3.51,8.44,83.86,FPS,2.58,9.64,251.33,15.3,Low,62.26,D-
5052,20,Male,6.26,3.49,7.43,76.09,FPS,4.33,11.68,232.04,13.36,Low,46.42,F
5053,16,Male,2.93,8.5,4.8,66,FPS,4.28,5.92,264.75,7.3,High,86.07,B
5054,24,Female,2.18,2.33,6.84,76.53,Casual,2.87,7.56,306.01,7.99,Medium,51.39,F
5055,17,Female,3.63,6.55,8.11,72.41,FPS,1.9,5.73,291.36,13.07,Medium,83.22,B
5056,24,Female,6.46,9.6,4.19,64.49,RPG,0.05,8.07,236.46,13.01,High,77.13491604277326,C+
5057,17,Female,3.65,8.57,6.48,92.95,FPS,1.56,5.85,273.27,8.5,Medium,88.97,B+
5058,24,Male,6.77,1.56,5.98,79.94,RPG,4.95,8.8,246.84,15.38,Low,20.62,F
5059,21,Male,7.91,3.88,5.06,73.85,RPG,3.63,13.84,233.31,19.02,Low,19.83,F
5060,24,Female,0.58,2.28,5.89,80.2,FPS,3.59,3.49,330.83,1.09,Medium,58.52,F
5061,21,Male,0.36,9.54,8.92,90.18,Casual,3.81,4.62,321.9,5.82,Medium,100,A
5062,21,Other,1.2,9.87,7.62,60.73,Casual,3.1,5.68,295.35,3.72,Medium,100,A
5063,17,Female,3.07,3.11,5.5,81.87,FPS,2.93,6.3,291.07,8.69,Medium,54.41228420854964,F
5064,23,Female,1.05,7.03,7.03,79.17,RPG,2.27,3.17,300.42,2.73,Medium,98.91,A
5065,18,Male,6.97,8.57,5.23,95.72,FPS,2.22,10.16,235.7,14.32,High,62.48240949966856,D-
5066,22,Female,0.19,3.1,7.05,82.24,Casual,4.35,3.56,328.85,4.16,Medium,81.03,B-
5067,20,Female,2.53,2.69,8.48,65.49,RPG,1.97,8.3,280.59,8.47,Medium,58.55,F
5068,18,Male,1.48,1.1,6.78,75.55,FPS,4.2,5.32,301.51,0.51,Medium,48.79,F
5069,16,Male,7.45,4.71,7.67,84.84,Casual,4.19,13.3,218.34,18.42,Low,46.33,F
5070,23,Female,5.36,9.09,6.27,61.84,FPS,3.85,9.24,245.79,11.41,Low,83.86178983037294,B
5071,18,Female,7.3,9.13,6.62,95.39,FPS,0.19,9.02,226.93,12.28,Low,75.41616310922666,C
5072,17,Male,7.78,2.15,7.48,62.71,Casual,0.74,10.7,242.94,18.93,Low,15.36,F
5073,16,Male,3.98,2.84,8.06,61.22,FPS,1.57,8.94,272.57,8.91,Medium,51.32,F
5074,19,Female,1.87,4.67,7.3,60.08,FPS,4.24,4.98,324,5.82,Medium,80.55,B-
5075,23,Female,1.55,8.03,8.89,87.35,FPS,4.37,3.05,310.95,5.69,Medium,97.86,A
5076,18,Female,1.78,6.51,8.1,78.24,Casual,0.21,3.26,308.46,3.82,Medium,96.77,A
5077,16,Female,5.67,5.62,7.89,64.11,FPS,1.62,7.86,241.02,12.94,Low,65.74,D
5078,19,Male,0.32,6.33,8.23,94.25,FPS,4.25,4.14,314.63,1.19,Medium,94.74,A
5079,24,Female,0.41,1.87,5.41,68.11,FPS,1.25,5.56,303.65,5.6,Medium,56.51,F
5080,16,Male,4.87,5.3,6.16,73.05,FPS,4.88,8.54,258.46,11.21,Medium,60.22,D-
5081,17,Female,5.14,9.93,6.82,67.11,Casual,2.45,9.87,253.75,13.72,Low,100,A
5082,24,Female,5.32,1.8,6.31,97.07,RPG,4.69,9.55,255.74,15.77,Low,41.79,F
5083,17,Male,2.98,5.67,8.24,90.32,Casual,2.14,6.6,292.5,4.07,Medium,87.31,B+
5084,18,Male,6.45,3.66,4.14,88.96,RPG,1.62,8.52,239.98,12.56,Low,37.77,F
5085,22,Female,4.27,5.86,5.05,61.76,FPS,1.81,9.69,277.2,10.9,Medium,59.33,F
5086,18,Male,0.84,6.16,8.41,80.91,RPG,4.42,3.22,295.26,3.13,Medium,88.87,B+
5087,24,Male,6.38,6.2,4.3,83.02,Casual,1.65,8.64,247.92,15.12,Low,43.43,F
5088,21,Female,7.62,8.67,5.13,75.3,RPG,3.35,9.91,224.2,18.83,High,67.0305286501294,D+
5089,18,Male,0.48,4.51,5.76,72.87,Casual,2.35,1.96,316.77,0.21,Medium,75.63,C
5090,24,Female,3.13,5.65,7.75,94.08,Casual,4.71,6.62,291.07,7.6,Medium,83.74,B
5091,16,Male,3.9,1.1,6.8,60.92,Casual,0.8,6.54,258.78,11.36,Medium,31.49,F
5092,18,Female,1.17,8.11,8.77,85.01,Casual,2.14,4.78,320.65,4.82,Medium,100,A
5093,16,Male,6.94,3.34,5.14,75.77,RPG,0.62,10.21,234.78,12.11,Low,19.83,F
5094,17,Male,2.27,8.35,8.36,86.64,FPS,2.89,5.87,311.38,2.77,Medium,100,A
5095,23,Female,6.26,3.39,5.41,67.92,RPG,2.01,8.75,245.59,12.79,Low,40.93,F
5096,22,Female,5.37,1.1,5.23,69.55,FPS,0.3,10.45,268.77,14.38,Low,33.429071977320326,F
5097,17,Male,4.78,2.39,6.49,83.47,FPS,4.25,8.45,263.24,12.46,Medium,34.66,F
5098,17,Male,1.54,9.87,4.36,99.2,RPG,1.88,3.58,304.19,2.31,High,100,A
5099,24,Female,1.77,3.88,5.92,98.99,FPS,2.47,7.28,299.92,7.62,Medium,76.87,C
5100,21,Female,0.38,1.98,5.78,69.96,FPS,2.04,1.93,313.24,2.04,Medium,52.87,F
5101,20,Other,1.93,2.07,4.8,64.09,RPG,2.44,6.6,294.27,4.03,Medium,40.26,F
5102,21,Other,2.76,3.79,8.3,83.61,FPS,0.08,7.15,289.14,6.51,Medium,74.25,C
5103,24,Female,6.67,1.34,5.93,76.8,FPS,4.08,8.03,245.44,10.13,Low,25.09,F
5104,22,Male,2.93,5.6,8.91,90.47,Casual,1.66,8.44,287.18,6.23,Medium,81.93,B-
5105,24,Female,6.04,2.92,8.5,81.12,FPS,3.62,8.62,252.71,9.6,Low,41.7,F
5106,19,Female,3.52,5.67,4.97,80.42,Casual,0.32,8.22,262.58,6.3,Medium,63.23,D
5107,17,Male,6.28,2.27,6.53,85.86,Casual,2.62,8.67,253.68,17.11,Low,47.91085264650077,F
5108,23,Male,7.81,4.87,7.01,65.06,Casual,4.54,11.44,218.85,16.63,Low,31.71,F
5109,19,Male,1.92,6.38,8.09,87.09,FPS,1.99,7.78,280.49,3.22,Medium,98.44670155354518,A
5110,24,Male,6.9,1.56,8.43,79.54,Casual,0.99,10.95,255.68,16.66,Low,28.7,F
5111,19,Male,4.97,4.59,7.12,92.81,FPS,0.5,7.45,274.46,11.76,Medium,64.6,D
5112,23,Female,6.54,3.72,4.18,65.55,RPG,4.3,9.83,241.42,15.11,Low,15.14,F
5113,24,Female,5.21,3.16,6.41,72.03,RPG,1.19,9.59,268.18,10.86,Low,41.27,F
5114,24,Female,3.39,6.44,8.42,98.01,RPG,4.88,6.62,276.01,9.64,Medium,87.5,B+
5115,19,Male,1.82,6.3,7.57,82.12,Casual,1.24,7.37,293.47,4.22,Medium,92.26,A-
5116,16,Male,0.56,6.68,8.35,97.17,RPG,2.4,5.9,307.34,5.38,Medium,98.31,A
5117,18,Female,4.28,2.43,7.37,87.56,RPG,2.29,6.01,262.24,11.19,Medium,45.96,F
5118,24,Male,7.92,3.57,4.22,97.06,FPS,0.31,12.84,222.37,18.17,Low,27.5,F
5119,19,Female,5.9,2.89,8.84,72.71,RPG,2.66,11.61,242.06,11.73,Low,36.66,F
5120,20,Other,2.62,5.86,8.59,63.62,RPG,3.36,5.2,260.07,8.13,Medium,87.95,B+
5121,22,Male,6.62,5.15,4.63,92.09,RPG,3.71,8.81,238.73,13.17,Low,44.72,F
5122,20,Male,6.15,3.97,4.56,92.18,RPG,2.61,7.2,236.51,13.37,Low,42.62,F
5123,19,Male,2.25,8.07,6.7,84.75,FPS,4.06,3.83,295.97,6.67,Medium,100,A
5124,17,Other,0.11,1.85,7.79,83.18,FPS,3.76,5.91,316.28,1.5,Medium,73.03,C
5125,17,Female,0.95,9.77,5.91,96.6,RPG,0.97,3.91,314.95,7.67,High,100,A
5126,19,Female,7.02,2.05,4.68,67.06,RPG,2.01,9.96,235.89,15.42,Low,20.46,F
5127,24,Male,6.69,7.96,6.55,84.66,FPS,0.71,9.02,227.06,13.2,Low,90.24840317006228,A-
5128,23,Other,2.36,4.31,5.69,61.99,FPS,0.67,4.18,279.02,7.63,Medium,65.56,D
5129,18,Male,2.28,8.79,5.76,65.63,RPG,3.56,5.82,280.23,9.43,High,85.01,B
5130,24,Male,6.34,1.67,7.22,77.49,Casual,2.65,10.96,235.28,10.86,Low,28.32,F
5131,20,Female,7.5,4.37,8.43,92.85,FPS,3,11.25,222.97,14.11,Low,53.32543077943292,F
5132,18,Female,6.23,4.02,6.79,89.33,RPG,3.66,7.41,254.43,11.5,Low,47,F
5133,20,Male,4.84,9.94,7.44,98.96,Casual,1.39,9.86,263.78,16.42,Medium,100,A
5134,19,Male,1.94,9.87,7.3,61.79,FPS,2.01,7.6,278.11,5.75,Medium,100,A
5135,23,Male,4.21,2.71,6.76,75.25,FPS,3.03,7.41,260.72,13.06,Medium,48.57,F
5136,20,Male,1.87,6.67,5.55,66.35,Casual,0.48,4.7,297.19,5.6,Medium,85.15,B
5137,23,Male,6.46,5.82,5.89,61.48,FPS,4.17,8.61,232.44,11.09,Low,34.51,F
5138,24,Other,3.1,2.39,5.58,70.58,RPG,1.72,5.61,283.61,9.22,Medium,52.2,F
5139,19,Female,6.67,2.51,8.59,69.78,RPG,3.29,10.89,231.57,16.08,Low,46.13,F
5140,22,Female,3.05,9.9,8.13,76.8,FPS,4.98,7.9,282.06,6.8,Medium,99.73,A
5141,17,Female,6.59,5.07,6.9,65.6,FPS,2.38,9.25,235.23,13.19,Low,51.26,F
5142,21,Female,2.67,2.13,8.56,79.54,RPG,1.08,5.37,289.08,4.59,Medium,63.29,D
5143,23,Female,3.52,2.93,8.43,96.8,Casual,1.08,6.78,292.17,7.42,Medium,62.7,D-
5144,22,Female,4.92,3.42,8.64,89.93,FPS,0.3,6.77,269.89,12.08,Medium,64.37,D
5145,22,Male,0.56,5.6,5.11,93.69,RPG,3.84,6.2,302.47,2.13,Medium,91.01,A-
5146,23,Female,7.59,4.02,7.59,92.19,RPG,1.47,12.12,254.03,17.61,Low,38.3,F
5147,22,Female,4.59,5.1,7.05,75.59,FPS,0.86,7.76,276.73,11.39,Medium,56.48,F
5148,20,Female,4.06,2.5,7.67,88.36,RPG,3.57,5.67,264.42,8.82,Medium,44.65,F
5149,22,Other,6.72,3.94,5.32,90.17,FPS,1.55,11.96,230.7,12.83,Low,36.41,F
5150,18,Male,6.93,1.63,7.47,68.23,RPG,3,10.35,240.24,17.07,Low,24.46,F
5151,20,Female,4.18,9.01,6.05,94.41,RPG,2.09,9.16,276.88,8.52,Medium,98.56,A
5152,22,Male,7.42,2.79,8.17,78.31,RPG,1.67,8.59,248.63,14.27,Low,41.79,F
5153,24,Female,0.52,7.81,7.98,60.65,FPS,2.45,2.89,318.84,1.3,Medium,92.91,A-
5154,17,Male,0.91,4.15,5.06,85.74,Casual,1.57,5.02,302.44,3.81,Medium,73.16,C
5155,19,Male,4.77,5.27,4.92,87.07,RPG,4.35,8.21,257.69,11.45,Medium,50.83,F
5156,22,Male,2.83,3.62,7.59,82.07,RPG,0.37,5.31,292.31,8.27,Medium,67.54,D+
5157,16,Female,3.71,7.27,6.75,68.5,Casual,0.15,5.72,262.08,7.8,Medium,76.23,C
5158,17,Male,2.62,8.6,6.79,79.29,Casual,2.03,5.13,303.51,4.06,Medium,89.68,B+
5159,24,Female,3.24,3.58,7.76,76.01,RPG,0.86,7.95,275.67,11.01,Medium,63.06,D
5160,22,Male,6.58,3.18,8.27,98.99,FPS,3.72,8.5,250.64,13.32,Low,52.32,F
5161,22,Female,4.75,7.13,5.19,92.99,Casual,1.77,8.72,274.99,11.12,High,76.21,C
5162,21,Female,7.98,2.76,6.78,90.48,FPS,1.31,11.1,254.79,15.52,Low,32.242338855450576,F
5163,18,Male,6.3,6.76,8.14,67.24,RPG,1.8,11.12,241.35,13.28,Low,61.23,D-
5164,18,Male,2.19,1.85,8.36,73.24,RPG,1.1,4.2,290.94,8.27,Medium,50.83,F
5165,17,Female,2.11,6.58,5.44,75.19,Casual,1.5,4.46,291.38,2.64,Medium,86.71577650498119,B
5166,21,Female,2.69,5.62,4.52,79.71,Casual,2.84,5.68,289.46,4.42,Medium,65.56,D
5167,19,Female,6.75,2.03,5.16,61.21,Casual,4.32,8.58,232.55,13.49,Low,23.459458108544855,F
5168,20,Male,0.22,6.84,8.73,83.72,RPG,1.85,3.53,329.48,2.73,Medium,100,A
5169,18,Female,1.84,5.02,6.31,74.31,RPG,1.6,4.92,308,3.29,Medium,72.92,C-
5170,21,Other,7.24,2.95,6.09,82.47,FPS,3.91,13.19,230.55,14.3,Low,23.47,F
5171,18,Male,5.12,4.18,4.07,60.36,Casual,0.11,9.09,251.45,9.78,Low,32.91,F
5172,23,Male,1.81,5.43,4.26,72.86,Casual,1.51,3.16,293.92,3.46,Medium,64.97,D
5173,24,Male,1.75,1.82,7.34,90.75,Casual,2.26,5.05,294.31,3.15,Medium,69.33,D+
5174,19,Female,6.9,9.62,6.95,80.04,FPS,3,12.29,242.14,20.94,Low,82.101869091895,B-
5175,24,Female,7.15,6.99,6.88,91.56,FPS,0.78,12.48,236.13,20.93,Low,58,F
5176,22,Male,2.05,1.92,4.55,87.96,RPG,2.16,7.86,303.62,9.34,Medium,51.12,F
5177,18,Male,3.36,8.41,5.76,94.2,FPS,2.83,8.83,294.55,10.21,High,98.03023556470116,A
5178,22,Male,6.68,3.9,8.06,60.3,FPS,2.55,8.56,242.83,15.06,Low,44.91,F
5179,16,Male,6.17,6.37,4.87,70.45,FPS,2.87,7.19,251.89,15.49,Low,48.45,F
5180,18,Male,6.51,3.49,8.41,81.95,Casual,3.31,10.59,266.44,15.32,Low,47.33,F
5181,21,Other,4.15,7.6,4.61,97.64,Casual,1.9,8.66,275.91,8.91,High,88.04847696105895,B+
5182,19,Male,7.29,7.51,4.85,87.19,RPG,0.32,8.95,227.62,19.66,High,65.99201839519932,D
5183,22,Male,2.61,5.97,6.39,78.26,FPS,0.28,4.44,288,7.29,Medium,83.39,B
5184,18,Female,1.25,3.17,8.73,65.21,FPS,4.29,7.07,288.34,8.32,Medium,72.38,C-
5185,16,Female,5.67,3.28,5.65,79.73,FPS,3.39,11.39,257.41,17.82,Low,47.83,F
5186,24,Female,4.31,4.45,7.29,77.64,RPG,3.82,6.09,262.78,5.97,Medium,60.27,D-
5187,21,Male,6.84,2.31,6.94,91.14,Casual,4.64,9.08,229.01,13.07,Low,29.92,F
5188,23,Male,0.65,4.04,4.75,76.53,FPS,3.75,6.11,303.55,3.62,Medium,57.31,F
5189,18,Female,6.75,7.16,5.24,72.75,FPS,3.46,9.92,250.43,16.09,High,63.503882867129875,D
5190,23,Female,2.35,8.48,8.65,63.59,FPS,3.28,7.34,289.21,9.03,Medium,95.52,A
5191,17,Male,5.24,3.99,4.92,61.86,Casual,1.29,8.22,264.76,11.84,Low,38.91,F
5192,19,Female,0.32,3.1,7.48,77.57,Casual,4.79,5,320.02,5.57,Medium,72.74,C-
5193,18,Female,4.88,8.49,8.82,73.87,Casual,2.71,7.86,263.44,12.47,Medium,84.38,B
5194,16,Male,5.74,9.02,4.6,82.21,RPG,1.11,11.24,247.29,15.42,High,84.29372768745668,B
5195,22,Female,2.95,4.69,6,88.48,FPS,1.05,5.58,289.56,6.66,Medium,70.82,C-
5196,17,Female,1.72,1.24,5.12,61.6,Casual,4.08,5.34,295.1,5.88,Medium,42.63,F
5197,19,Male,4.3,7.25,5.11,79.85,FPS,1.25,7.91,269.96,11.02,High,63.34,D
5198,24,Female,6.67,8.06,4.59,94.48,FPS,0.21,10.91,251.02,17.39,High,73.66489625293084,C
5199,21,Female,2.59,1.16,7.25,78.21,FPS,2.14,5.12,302.09,3.81,Medium,49.88,F
5200,23,Female,2.02,6.36,7.73,80.85,FPS,4.09,6.23,291.4,7.55,Medium,91.08,A-
5201,17,Male,2.23,6.3,7.38,79.47,FPS,2.07,3.94,296.96,2.02,Medium,83.25,B
5202,22,Male,7.59,4.41,8.62,75.59,Casual,4.02,13.06,234.76,16.21,Low,42.86,F
5203,21,Female,2.87,7.75,4.73,64.4,FPS,4.14,4.59,287.93,7.82,High,79.04,C+
5204,24,Male,0.03,4.85,5.6,65.05,Casual,4.29,5.23,327.28,0.98,Medium,63.5,D
5205,22,Male,6.25,7.09,5.72,67.16,Casual,2.94,10.72,252.75,14.79,High,74.07932259319644,C
5206,16,Male,5.59,5.65,5.16,91.7,RPG,3.5,8.3,271.3,10.69,Low,57.5,F
5207,23,Male,1.03,3.24,4.71,71.01,FPS,1.31,3.67,329.2,4.58,Medium,52.27,F
5208,18,Other,7.88,6.46,6.43,97.92,RPG,0.5,13.71,223.79,18.77,Low,56.36,F
5209,17,Male,4.86,7.63,8.17,92.41,Casual,2.66,6.83,278.28,10.66,Medium,89.7,B+
5210,18,Other,4.01,9.77,8.77,87.38,FPS,0.05,8.62,276.27,12.52,Medium,100,A
5211,21,Male,3.06,4.42,4.65,88.82,Casual,2.33,4.98,281.51,7.91,Medium,68.04,D+
5212,18,Female,7.19,1.58,8.12,61.91,RPG,0.51,12.72,239.79,18.13,Low,18.78,F
5213,20,Male,1.95,9.89,8.12,82.74,Casual,0.54,6.66,294.27,8.47,Medium,100,A
5214,21,Female,2.29,6.61,5.94,97.64,Casual,4.35,7.95,292.09,9.83,Medium,97.5,A
5215,23,Female,0.98,9.52,4.55,61.56,FPS,3.2,6.38,297.27,2.76,High,94.45,A
5216,22,Male,6.07,1.93,8.95,71.64,RPG,3.23,9.82,247.96,15.49,Low,44.38,F
5217,23,Female,4.76,4.08,7.28,62.06,FPS,2.02,6.52,272.21,11.27,Medium,55.53,F
5218,18,Male,4.87,2.21,8.91,82.79,FPS,2.07,6.98,268.77,13.42,Medium,45.31,F
5219,19,Female,1.75,8.52,6.42,64.65,Casual,1.52,3.76,302.64,1.93,Medium,98.06,A
5220,21,Other,5.21,8.92,5.98,79.17,Casual,2.17,7.31,274.85,10.09,High,89.17174435478269,B+
5221,22,Female,6.12,5.51,5.24,88.8,Casual,2.94,9.5,267.9,13.54,Low,65.61513313218104,D
5222,24,Female,2.86,2.68,8.92,66.58,FPS,0.93,8.2,290.66,11.2,Medium,77.75706016102933,C+
5223,16,Male,6.41,2.14,5.27,90.21,FPS,1.31,7.53,259.06,12.81,Low,34.97,F
5224,23,Male,2.79,6.29,4.12,62.41,RPG,2.47,4.98,290.01,6.59,Medium,61.26,D-
5225,23,Male,6.07,5.56,6.56,65.98,FPS,1.92,10.05,248.04,12.76,Low,42.3,F
5226,21,Female,0.27,7.25,5.89,71.2,FPS,4.1,5.6,326.37,4.77,High,90.64,A-
5227,19,Female,4.41,3.75,5.31,91.84,Casual,4.11,6.9,266.37,11.42,Medium,52.33,F
5228,18,Male,7.76,4.62,7.17,94.01,Casual,1.68,10.67,203.28,15.89,Low,36.11,F
5229,18,Female,7.85,1.19,5.82,68.82,Casual,2.25,10.72,223.21,15.05,Low,3.6,F
5230,21,Male,2.25,6.49,6.01,63.83,RPG,4.88,4.72,277.94,7.28,Medium,75.08,C
5231,23,Male,3.53,4.81,4.12,93.92,RPG,4.14,8.02,273.76,10.32,Medium,61.54,D-
5232,22,Female,0.5,9.28,6.95,85.97,Casual,1.08,4.78,308.55,1.81,Medium,100,A
5233,16,Male,6.99,6.78,4.61,66.31,FPS,1.4,12.21,230.73,17.98,Low,47.079787894972164,F
5234,21,Female,4.55,4.59,5.07,82.31,Casual,0.42,10.14,254.88,13.17,Medium,52.74,F
5235,22,Male,3.08,3.37,7.59,94.89,FPS,3.39,8.58,271.05,11.37,Medium,69.61,D+
5236,22,Female,0.9,9.15,5.57,62.78,Casual,1.58,4.6,302.73,5.34,High,99.281506630085,A
5237,24,Male,7.57,1.15,4.82,63.35,Casual,2.68,9.5,225.45,15.43,Low,0.04,F
5238,20,Male,4.24,3.94,6.89,70.94,FPS,3.84,6.35,266.14,8.01,Medium,61.76,D-
5239,16,Female,2.26,9.49,5.07,86.09,Casual,4.18,6.21,295.47,10.53,High,94.96,A
5240,17,Female,2.8,6.89,5.35,67.12,FPS,1.63,8.39,293.46,7.37,Medium,85.76866626473802,B
5241,19,Male,2.17,5.79,7.11,92.65,RPG,1.19,5.82,283.86,2.5,Medium,78.49,C+
5242,20,Male,4.81,2.83,7.7,90.02,Casual,4.24,10.49,253.53,10.04,Medium,67.97037582722291,D+
5243,24,Female,7.44,8.5,7.7,82.44,Casual,1.91,9.75,247.37,11.98,Low,82.3082693685406,B-
5244,16,Male,6.85,2.84,6.41,64.64,Casual,4.11,8.28,245.37,16.86,Low,27.71,F
5245,18,Female,3.68,3.23,6.27,99.53,FPS,0.75,8.66,268.08,13.49,Medium,57.13,F
5246,20,Female,6.61,2.73,7.94,79.6,RPG,4.56,12.01,228.15,16.42,Low,30.85,F
5247,18,Male,3.38,2.42,4.97,78.08,Casual,2.42,6.62,274.46,5.17,Medium,56.77,F
5248,19,Male,2.02,9.58,4.76,99.82,RPG,0.85,3.53,293.23,7.2,High,98.7,A
5249,18,Female,7.87,6.42,7.32,94.55,Casual,2.68,9.08,232.38,17.28,Low,44.84,F
5250,19,Male,2.43,6.74,6.05,78.25,RPG,4.35,3.74,267.82,7.98,Medium,77.56,C+
5251,16,Female,2.59,9.59,7.55,76.75,Casual,1.95,5.79,279.27,7.96,Medium,100,A
5252,23,Male,7.92,3.08,5.28,63.84,Casual,0.89,10.09,242.96,14.16,Low,7.94,F
5253,19,Female,1.07,1.05,5.62,97.06,Casual,2.88,4.38,307.32,5.12,Medium,57.73,F
5254,22,Male,6.08,6.39,8.48,93.75,Casual,4.17,9.52,247.66,10.77,Low,63.2,D
5255,17,Female,7.49,5.57,6.11,72.4,FPS,0.61,10.78,224.48,15.08,Low,45.8,F
5256,17,Male,4.09,5.3,6.95,90.13,RPG,0.21,8.19,278.81,12.3,Medium,69.68,D+
5257,21,Male,0.02,1.56,4.53,90.51,FPS,0.28,4.42,301.72,4.21,Medium,47.37,F
5258,17,Female,3,5.09,4.89,69.12,FPS,1.15,5.98,279.75,5.6,Medium,55.94,F
5259,21,Male,0.89,3.59,4.18,84.55,RPG,0.04,3.58,288.51,0.85,Medium,58.72,F
5260,17,Male,3.33,3.47,6.12,70.2,Casual,2.14,6.17,279.84,8.13,Medium,54.32,F
5261,19,Male,6.32,3,8.94,91.6,RPG,3.49,7.67,239.7,17.32,Low,44.91,F
5262,22,Male,3.51,3.99,8.37,66.15,Casual,3.55,6.12,261.58,9.45,Medium,62.29,D-
5263,23,Female,3.46,4.18,7.16,86.76,Casual,3.18,5.46,288.59,12.63,Medium,63.69,D
5264,18,Female,4.45,3.78,8.31,73.04,FPS,1.48,6.9,273.5,9.8,Medium,51.87,F
5265,24,Male,4.65,9.81,6.97,61.45,FPS,3.68,9.22,274.5,13.35,Medium,80.54,B-
5266,17,Female,6.85,9.39,5.84,64.95,FPS,2.88,12.79,222.73,16.04,High,72.28338580422627,C-
5267,23,Female,2.47,6.17,4.87,86.2,RPG,4.31,8.09,280.32,6.15,Medium,68.5,D+
5268,23,Female,6.57,9.83,7.27,69.6,FPS,2.39,11.68,253.18,13.79,Low,82.31976401735055,B-
5269,19,Male,4.53,9.92,4.97,85.24,Casual,0.9,9.22,273.75,12.11,High,82.71,B-
5270,16,Female,2.4,4.2,6.09,76.59,FPS,3.17,8.12,305.24,10.25,Medium,69.42,D+
5271,16,Female,2.36,5.01,8.13,87.71,FPS,0.75,7.12,289.28,6.45,Medium,80.9,B-
5272,17,Female,2.89,9.63,4.65,79.72,FPS,4.82,6.24,284.23,10.3,High,74.55,C
5273,24,Male,4.98,6.48,4.65,72.34,RPG,3.52,8.99,266.4,15.63,Medium,62.01,D-
5274,17,Male,1.85,2.92,5.12,65.83,Casual,3.78,4.38,284.29,6.7,Medium,54.25,F
5275,17,Female,7.36,7.2,6.76,73.64,Casual,3.4,8.38,233.64,15.88,Low,72.8074476250649,C-
5276,21,Male,4.6,2.85,5.26,85.4,Casual,0.49,7.37,290.15,9.24,Medium,48.06,F
5277,22,Female,7.36,4.05,6.52,89.62,FPS,2.33,10.38,228.1,18.84,Low,35.8,F
5278,22,Male,0.37,3.05,5.51,66.41,RPG,3.26,5.04,299.53,0.79,Medium,65.43392476463347,D
5279,24,Female,2.74,3.2,6.53,86.57,RPG,1.15,8.04,291.23,9.34,Medium,56.52,F
5280,21,Female,0.18,1.04,5.39,67.17,FPS,3.4,5.99,308.83,0.69,Medium,51.06,F
5281,23,Female,2.18,8.93,8.9,68.87,RPG,4.1,4.94,292.77,3.63,Medium,100,A
5282,21,Female,6.9,3.66,6.46,81.25,FPS,1.37,12.69,248.08,16.57,Low,32.29,F
5283,17,Female,0.29,1.78,7.72,71.57,FPS,1,5.29,322.1,4.49,Medium,59.7,F
5284,16,Male,3.49,1.78,7.5,86.46,FPS,4.42,4.64,273.23,9.56,Medium,70.10501886769947,C-
5285,20,Female,0.94,6,6.45,98.23,Casual,0.03,4.92,317.1,3.88,Medium,89.88,B+
5286,24,Male,3.33,9.94,5.19,65.96,Casual,1.28,6.16,263.36,7.24,High,80.41,B-
5287,23,Female,6.71,2.31,6.55,82.82,FPS,2.03,7.88,241.45,12.42,Low,23.32,F
5288,19,Male,4.98,1.9,7.4,96.93,Casual,3.36,8.64,256.4,13.19,Medium,56.37,F
5289,20,Female,5.89,4.94,6.3,67.06,Casual,4.99,9.81,225.72,15.06,Low,48.74,F
5290,20,Female,2.79,6.07,4.41,74.67,Casual,1.85,5.05,274.41,7.07,Medium,68.90398308133864,D+
5291,21,Male,7.56,3.65,4.09,64.94,RPG,4.74,13.26,229.13,18.57,Low,17.86,F
5292,18,Male,5.67,3.72,5.64,85.68,FPS,1.83,9.72,259.43,16.57,Low,45.35041783043333,F
5293,20,Other,3.37,4.82,4.75,86.77,RPG,3.48,5.25,279.78,9.71,Medium,51.98,F
5294,17,Male,3.41,3.83,8.53,86.57,RPG,0.83,8.02,276.12,6.29,Medium,68.75,D+
5295,16,Male,7.35,9.24,4.88,81.69,Casual,2.3,10.85,239.9,18.23,High,71.77949868310131,C-
5296,16,Male,4.61,1.38,5.97,89.85,Casual,4.36,7.98,267.42,13.67,Medium,31.48,F
5297,22,Other,5.65,3.11,7.56,61.44,FPS,1.6,10.82,262.17,12.25,Low,42.95821269463231,F
5298,17,Other,3.34,8.28,8.08,98.3,RPG,0.53,5.03,285.66,9.42,Medium,94.27,A
5299,19,Female,1.79,8.51,6.39,68.88,RPG,2.61,5.24,291.4,11.32,Medium,96.47,A
5300,20,Female,5.79,2,4.91,64.86,Casual,2.2,10.69,257.23,14.99,Low,23.88,F
5301,22,Male,4.86,9.76,5.35,97.65,FPS,1.15,9.16,271.29,11.4,High,80.61,B-
5302,17,Other,4.01,7.24,6.09,93.22,Casual,4.53,5.04,285.88,8.33,Medium,76.8,C
5303,21,Male,4.99,3.45,5.82,90.59,FPS,3.01,9.93,254.85,12.71,Medium,46.51,F
5304,16,Male,1.67,5.1,5.74,64.19,FPS,1.74,7.39,296.33,3.05,Medium,64.81,D
5305,22,Male,6.35,3.67,4.66,92.3,Casual,4.98,10.87,252.6,11.71,Low,37.47,F
5306,24,Female,7.59,2.35,8.57,84.36,FPS,0.69,12.97,237.34,18.41,Low,34.85,F
5307,20,Female,7.13,3.62,4.15,89.28,Casual,4.24,9.93,229.34,15.56,Low,28.59,F
5308,20,Male,2.57,6.22,6.2,99.12,FPS,1.15,5.32,282.44,7.84,Medium,77.01,C+
5309,19,Other,3.25,8.43,8.9,67.78,Casual,1.2,5.85,276.67,7.24,Medium,97.79,A
5310,18,Male,6.47,4.27,7.3,80.18,Casual,2.49,11.14,243.15,15.44,Low,45.45,F
5311,24,Male,4.76,4.13,5.78,90.13,FPS,3.31,10.47,254,14.28,Medium,59.08,F
5312,20,Male,4.38,5.21,4.73,77.35,Casual,3.45,9.81,271.64,6.92,Medium,57.44,F
5313,23,Female,7.41,6.8,8.82,62.19,FPS,0.11,9.16,213.81,13.86,Low,55.96,F
5314,24,Female,4.29,7.76,4.07,64.46,RPG,1.43,8.42,260.2,9.6,High,63,D
5315,20,Male,4.12,3.94,7.41,84.08,FPS,3.3,10.1,272.4,10.91,Medium,66.56,D
5316,24,Female,0.34,6.28,8.4,71.4,FPS,4.45,2.82,306.73,-0.91,Medium,86.59,B
5317,17,Male,0.56,4.5,4.13,65.51,Casual,3.35,4.73,309.1,1.39,Medium,56.02,F
5318,24,Female,0.06,7.45,7.63,73.6,FPS,1.33,5.59,318.01,4.28,Medium,100,A
5319,19,Other,7.31,2.48,8.99,68.04,RPG,2.54,12.81,253.49,18.3,Low,22.01,F
5320,21,Male,3.27,3.31,7.2,60.96,FPS,3.24,5.88,267.7,2.26,Medium,49.16,F
5321,21,Female,3.75,4.83,6.07,66.07,RPG,0.68,5.22,277.36,7.78,Medium,62.58,D-
5322,21,Female,6.76,9,8.37,95.32,FPS,2.72,10.99,228.63,15.35,Low,78.2955590683598,C+
5323,17,Male,4.87,6.16,6.77,60.48,FPS,2.36,10.6,250.94,10.78,Medium,64.37,D
5324,22,Female,4.88,9.69,7.75,90.95,FPS,1.68,8.42,252.69,11.25,Medium,100,A
5325,21,Female,2.37,1.93,6.94,90.14,FPS,3.12,5.66,289.99,7.17,Medium,65.82,D
5326,16,Male,6.67,5.14,4.19,82.57,Casual,3.18,11.99,254.3,17.43,Low,38.25,F
5327,17,Male,1.33,4.77,5.07,68.34,Casual,4.86,4.45,315.79,4.42,Medium,65.47,D
5328,22,Male,0.43,6.4,4.39,95.12,Casual,2.14,4.83,310.26,4.35,Medium,79.36,C+
5329,16,Female,1.53,8.31,4.53,79,FPS,2.66,4.47,298.98,4.55,High,99.22,A
5330,16,Female,2.14,8.57,4.08,66.93,FPS,0.79,5.03,300.23,1.16,High,72.23,C-
5331,16,Female,2.26,7.03,6.11,77.16,RPG,2.74,4.2,293.46,5.22,Medium,87.09,B+
5332,23,Male,5.36,6.77,4.89,67.8,Casual,0.18,6.8,249.31,8.98,Low,47.66,F
5333,19,Male,1.74,9.54,8.28,75.04,RPG,0.75,7.17,305.73,6.42,Medium,100,A
5334,19,Male,5.41,4.45,7.75,79.87,FPS,0.86,7.32,271.29,11.34,Low,53.38,F
5335,17,Female,0.73,8.5,6.87,74.4,Casual,3.16,2.04,321.82,1.66,Medium,97.34,A
5336,16,Other,1.18,9.29,6.45,86.28,FPS,2.84,5.09,319.41,2.64,Medium,100,A
5337,24,Female,4.07,5.42,5.28,97.44,Casual,3.99,7.8,269.77,9.21,Medium,69.99773800802532,D+
5338,22,Male,7.38,7.56,6.37,73.93,Casual,2.32,11.22,220.61,17.29,Low,65.62476641383658,D
5339,19,Female,6.88,4.39,7.21,74.23,Casual,2.37,10.22,217.44,13.6,Low,37.76,F
5340,21,Female,7.75,2.43,7.91,89.53,FPS,0.81,9.46,206.28,15.11,Low,31.24,F
5341,17,Male,5.2,6.28,4.41,81.22,RPG,3.71,6.3,255.57,7.44,Low,55.33,F
5342,22,Female,5.41,2.77,7.54,77.15,RPG,0.02,6.64,260.15,11.99,Low,37.89,F
5343,17,Male,5,5.12,7.71,92.55,FPS,2.12,10.72,268.43,10.31,Medium,60.21,D-
5344,23,Male,4.98,8.86,6.79,95.64,RPG,0.94,8.64,262.67,11.85,Medium,85.47,B
5345,23,Male,1.18,1.77,5.07,83.62,RPG,3.86,4.18,298.62,5.27,Medium,56.45,F
5346,16,Male,4.35,1.27,6.7,67.4,FPS,3.37,7.4,274.34,12.77,Medium,39.88,F
5347,23,Male,3.09,6.46,6.51,78.65,FPS,3.53,7.35,270.94,7.67,Medium,68.26,D+
5348,17,Male,3.54,3.98,6.38,80.17,FPS,0.74,6.42,266.48,9.77,Medium,55.99,F
5349,21,Male,4.19,4.76,6.3,77.29,Casual,3.34,9.17,275.85,10.86,Medium,61.95,D-
5350,16,Female,1.03,4.65,4.55,70.5,Casual,3.45,3.33,295.31,-0.53,Medium,68.91,D+
5351,20,Other,2.88,1.78,4.91,78.89,Casual,0.01,5.72,277.79,4.21,Medium,36.94,F
5352,22,Female,0.51,1.03,4.49,77.86,FPS,1.59,6.18,304.1,5.55,Medium,48.57,F
5353,16,Male,7.84,9.09,5.21,68.38,RPG,0.44,10.14,227.61,19.15,High,62.27856967406894,D-
5354,17,Male,0.95,2.96,5.32,96.14,FPS,3.41,5.26,314.48,-0.18,Medium,61.04,D-
5355,22,Male,2.07,4.83,5.23,95.41,RPG,1.06,4.89,301.3,6.22,Medium,77.4,C+
5356,21,Male,7.13,9.75,5.05,90.38,RPG,1.32,10.49,228.64,16.48,High,78.30731000757197,C+
5357,18,Female,3.86,8.44,7.68,76.04,Casual,0.39,5.09,272,6.73,Medium,87.22,B+
5358,17,Female,1.09,1.97,8.09,74.81,FPS,2.42,2.93,314.27,1.52,Medium,66.68,D
5359,19,Female,3.07,5.58,5.64,88.66,FPS,0.17,4.58,277.86,4.78,Medium,76.95,C
5360,18,Female,0.93,7.57,5.53,84.32,Casual,4.23,6.15,299.71,0.63,High,90.23,A-
5361,22,Male,1.6,7.29,8.22,84.02,Casual,0.13,7.41,294.38,4,Medium,100,A
5362,23,Male,0.42,7.85,7.12,64.96,RPG,0.31,1.76,308.88,2.9,Medium,92.1,A-
5363,17,Female,3.51,5.12,5.47,84.73,FPS,3.2,4.89,278.19,7.01,Medium,66.66,D
5364,22,Male,6.45,2.58,7.57,96.07,RPG,4.58,10.21,242.33,16.25,Low,43.14881980042756,F
5365,23,Male,4.69,5.18,5.72,63.43,RPG,4.46,8.21,262.05,7.14,Medium,57.68,F
5366,21,Male,4.85,6.83,6.93,73.57,Casual,0.42,9.1,253.8,12.7,Medium,67.88,D+
5367,21,Male,1.6,6.48,8.96,80.36,Casual,1.44,6.28,291.48,7.1,Medium,100,A
5368,16,Male,2.75,1.63,5.51,87.44,FPS,2.61,7.74,293.49,2.77,Medium,48.67,F
5369,19,Female,6.76,1.58,8.65,63.59,Casual,0.13,8.51,242.31,13.34,Low,28.48,F
5370,16,Female,0.7,9.69,5.6,94.91,FPS,2.64,1.89,307.25,2.68,High,100,A
5371,19,Male,6.86,2.37,6.7,61.62,FPS,2.24,12.31,237.11,19.05,Low,27.3,F
5372,17,Male,3.87,3.65,6.3,94.31,FPS,2.94,7.22,285.68,6.66,Medium,61.14,D-
5373,20,Female,6.7,7.91,7.92,61.11,FPS,4.6,12.56,238.88,19.1,Low,73.84223101949144,C
5374,24,Male,2.54,4.69,4.31,66.14,Casual,1.37,6.2,289.46,7.79,Medium,53.35,F
5375,18,Male,2.71,2.63,7.14,92.01,RPG,3.2,6.26,302.75,5.19,Medium,66.95,D
5376,23,Male,6.01,5.21,7.8,94.41,RPG,2.15,10.12,258.58,16.06,Low,59.65,F
5377,18,Male,6.28,6.12,6.36,99.29,RPG,2.18,8.13,238.23,18.09,Low,59.44,F
5378,21,Female,1.84,5.07,4.53,64.63,Casual,3.24,4.11,308.62,4.14,Medium,62.53,D-
5379,19,Female,7.78,9.27,5.22,81.06,Casual,4.76,13.31,224.94,17.49,High,71.58262109187022,C-
5380,23,Male,0.68,3.56,7.4,63.09,Casual,4.32,2.74,301.33,0.49,Medium,69.29,D+
5381,21,Male,0.55,6.95,8.48,66.26,FPS,3.2,2.71,326.44,5.86,Medium,98.25,A
5382,23,Male,4.76,2.01,6.11,66.98,FPS,2.31,8.31,255.78,9.84,Medium,42.01,F
5383,16,Male,5.78,4.53,6.8,62.54,RPG,2.12,9.99,245.54,11.73,Low,47.59,F
5384,21,Other,7.69,7.67,5.14,95.72,RPG,3.94,8.69,223.91,14.63,High,59.01254277920896,F
5385,16,Female,3.24,3.02,6.06,65.05,FPS,1.09,6.52,301.49,6.9,Medium,42.65,F
5386,16,Female,0.2,6.31,5.68,85.17,FPS,2.94,3.2,308.08,0.74,Medium,89.61,B+
5387,23,Female,4.82,2.38,7.28,85.03,RPG,2.52,10.15,256.13,10.73,Medium,48.35,F
5388,22,Female,2.32,1.92,8.92,67.95,RPG,3.25,7.52,288.74,5.81,Medium,69.27,D+
5389,18,Female,3.46,5.71,8.07,99.94,RPG,0.94,8.99,283.75,9.97,Medium,83.77,B
5390,21,Male,3.91,7.08,4.96,73.89,Casual,3.48,9.12,272.39,13.12,High,60.39,D-
5391,24,Male,0.52,2.02,6.89,96.2,RPG,3.13,5.45,307.09,1.52,Medium,61.46,D-
5392,22,Female,3.89,9.26,4.33,97.93,FPS,0.9,9.19,279.56,7.82,High,90.61742429267431,A-
5393,18,Male,3.41,3.03,5.23,97.96,RPG,2.25,5.28,292.64,8.41,Medium,64.6,D
5394,21,Other,5.7,2.08,4.86,90.11,Casual,3.39,8.4,235.37,13.82,Low,37.58,F
5395,19,Female,5.17,2.82,5.68,70.15,FPS,4.51,9.59,251.14,15.63,Low,34.49,F
5396,18,Female,1.48,2.53,7.39,64.83,RPG,0.61,7.1,307.36,8.59,Medium,64.62,D
5397,24,Male,1.65,1.82,6.5,82.8,FPS,0.04,5.98,287.87,2.29,Medium,55.71,F
5398,17,Female,2.01,8.18,8.66,74.4,FPS,0.83,4.05,294.33,1.04,Medium,93.36,A
5399,16,Male,1.43,5.46,5.06,93.24,RPG,4.95,7.15,315.55,6.85,Medium,88.15,B+
5400,17,Other,5.26,4.5,5.82,89.8,RPG,3.84,10.06,263.11,14,Low,57.8,F
5401,22,Male,7.96,9.56,5.65,71.06,RPG,3.07,12.54,229.69,21.17,High,72.61412780765886,C-
5402,16,Female,5.22,4.34,5.18,60.68,FPS,0.67,10.03,264.83,13.63,Low,50.33,F
5403,21,Female,4.85,2.5,8.97,69.49,RPG,2.08,9.15,265.05,10.72,Medium,52.54,F
5404,22,Male,3.28,3.47,5.94,82.68,FPS,3.58,4.39,277.27,9.19,Medium,58.56,F
5405,24,Male,2.5,3.15,8.7,63.16,FPS,4.48,4.77,299.65,4.05,Medium,65.83,D
5406,23,Other,7.29,5.49,5.95,86.33,FPS,1.91,13.07,227.76,21.48,Low,42.97978070448842,F
5407,21,Male,7.75,3.62,5.02,86.87,Casual,5,10.19,225.38,17.26,Low,29.43,F
5408,18,Female,3.97,5.64,4.6,66.78,FPS,0.7,8.83,255.8,8.9,Medium,61.21,D-
5409,23,Male,2.32,7.02,8.28,83.85,FPS,1.93,5.44,287.38,4.43,Medium,94.53,A
5410,22,Female,6.16,8,4.16,84.28,FPS,4.38,11.7,246.87,15.48,High,64.1840140808414,D
5411,18,Female,1.06,7.39,8.82,79.12,RPG,3.25,4.85,307.54,3.86,Medium,100,A
5412,24,Male,6.12,2.85,6.09,98.13,Casual,4.05,10.28,255.8,14.05,Low,31.62,F
5413,17,Male,6.55,2.04,5.24,64.33,Casual,4.54,8.75,237.02,11.58,Low,15.1,F
5414,18,Female,1,5.88,7.09,76.27,Casual,2.54,2.29,304.02,2.32,Medium,92.42,A-
5415,17,Male,7.81,2.79,4.66,95.32,FPS,1.17,12.59,220.87,19.66,Low,18.28,F
5416,16,Male,7.88,1.76,4.36,75.45,Casual,3.47,9.22,227.85,14.92,Low,6.672988564069667,F
5417,19,Female,7.49,5.74,8.14,76.99,RPG,2.82,12.1,245.58,17.8,Low,56.02,F
5418,20,Male,3.97,3.94,6.12,86.73,FPS,3.86,7.75,249.26,12.07,Medium,63.99,D
5419,21,Male,1.97,7.81,6.59,86.62,RPG,2.56,7.07,291.48,7.75,Medium,100,A
5420,20,Female,4.66,3.83,4.88,60.92,RPG,4.06,6.69,260.57,7.91,Medium,42.32,F
5421,16,Male,3.36,9.81,4.31,78.23,FPS,4.51,7.07,258.36,9.22,High,87.43,B+
5422,18,Male,1.65,7.83,5.84,73.34,Casual,3.75,5.72,298.96,8.26,High,100,A
5423,16,Male,3.39,1.52,6.53,85.11,RPG,3.72,4.76,275.79,8.46,Medium,55.47,F
5424,20,Female,5.31,5.58,7.83,82.23,RPG,2.94,10,251.89,15.33,Low,71.38917114818706,C-
5425,20,Female,0.57,6.06,6.51,86.03,FPS,2.36,3.52,302.13,4.58,Medium,100,A
5426,21,Female,2.67,7.26,7.91,86.15,FPS,4.86,4.31,287.09,3.88,Medium,91.69,A-
5427,23,Male,0.14,5.48,4.58,70.19,Casual,3.23,3.08,306.66,5.31,Medium,81.02666862373354,B-
5428,16,Male,6,5.35,4.32,69.86,Casual,4.2,7.49,239.58,15.25,Low,47.9,F
5429,19,Male,5.13,4.31,4.79,74.81,RPG,2.53,10.57,256.45,12.41,Low,46.08,F
5430,16,Male,0.5,3.44,7.86,69.68,RPG,2.77,3.78,324.22,5.23,Medium,70.96,C-
5431,24,Female,7.72,9.52,7.8,87.31,Casual,3.31,9.41,231.46,16.03,Low,84.31749948069304,B
5432,22,Male,0.18,3.86,4.71,84.11,RPG,3.64,2.44,323.98,1.31,Medium,67.05,D+
5433,22,Male,4.72,1.57,4.15,68.66,FPS,2.24,9.34,282.98,9.96,Medium,15.46,F
5434,20,Male,6.21,2.51,7.43,95.36,RPG,1.78,11.14,249.88,12.82,Low,54.67209851079347,F
5435,22,Female,6.3,8.72,8.28,78.43,RPG,1.2,7.51,233.93,13.5,Low,80.85314676796179,B-
5436,17,Female,0.27,6.28,7.77,65.08,Casual,2.12,1.57,311.13,0.68,Medium,82.25,B-
5437,19,Female,7.25,8.01,5.01,68.52,Casual,1.06,12.84,224.43,14.32,High,73.18626751561206,C
5438,22,Female,7.35,8.28,6.92,81.59,FPS,2.08,10,230.44,16.73,Low,80.69126078603968,B-
5439,18,Female,4.49,8.41,7.79,73.54,FPS,4.37,6.46,262.01,10.99,Medium,88.05,B+
5440,17,Male,3.86,5.96,5.28,94.05,RPG,4.89,5.48,264.25,9.13,Medium,69.3,D+
5441,17,Male,0.36,2.59,6.64,79.79,RPG,2.89,3.74,324.92,2.99,Medium,76.57919347699168,C
5442,16,Female,4.5,2.33,5.57,96.61,FPS,0.73,9.36,275.96,12.25,Medium,44.65,F
5443,20,Female,3.28,6.17,5.13,64.07,RPG,2.14,6.89,282.43,8.7,Medium,60.57,D-
5444,21,Female,6.18,4.3,8.85,86.74,Casual,3.01,7.28,235.82,13.61,Low,59.92,F
5445,21,Female,3.23,6.02,8.56,95.43,FPS,1.85,6.65,282.46,9.18,Medium,88.57,B+
5446,24,Female,5.47,5.49,6.23,71.72,Casual,1.03,8.03,248.24,11.05,Low,62.4,D-
5447,19,Female,0.81,6.42,4.68,65.43,FPS,1.13,5.22,323.14,1.29,Medium,64.23,D
5448,16,Female,1.06,1.29,7.64,78.27,FPS,2.37,4.68,295.32,4.57,Medium,70.49,C-
5449,21,Female,1.12,1.3,5.28,98.45,FPS,1.08,6.95,313.14,5.46,Medium,59.14,F
5450,20,Male,0.36,7.49,4.84,85.34,RPG,1.25,4.35,322.04,3.62,High,87.06,B+
5451,21,Female,4.33,2.74,5.91,85.76,Casual,4.37,8.49,277,13.02,Medium,50.71,F
5452,18,Female,6.35,6.87,6.65,86.86,Casual,3.9,9.95,245.76,14.43,Low,57.43,F
5453,17,Male,4.88,5.92,4.49,61.59,FPS,0.28,7.44,258.14,10.77,Medium,48.15,F
5454,21,Female,4.6,9.84,6.86,77.83,FPS,1.6,8.75,288.73,12.21,Medium,93.07,A
5455,16,Female,5.44,8.52,4.08,63.1,RPG,2.66,8.1,245.95,10.17,High,69.46892175533475,D+
5456,22,Male,2.72,4.72,8.46,72.63,FPS,0.3,7.31,294.54,7.82,Medium,71.45,C-
5457,22,Female,2.9,6.55,8.6,92.86,Casual,3.42,5.08,285.38,6.69,Medium,88.14,B+
5458,22,Male,2.51,2.06,7.67,86.25,FPS,1.92,5.35,293.31,8.19,Medium,62.72,D-
5459,16,Other,5.7,4.48,6.33,99.82,FPS,1.99,9.62,254.98,12.44,Low,48.91,F
5460,19,Female,1.29,7.6,5.27,66.89,FPS,1.33,5.43,293.7,4.83,High,92.6,A-
5461,22,Male,0.1,6.6,7.72,75.88,Casual,1.67,4.44,305.38,2.06,Medium,100,A
5462,24,Male,4.77,5.36,8.66,92.39,FPS,4.31,9.27,249.99,6.82,Medium,73.7,C
5463,20,Female,7.54,2.59,4.79,68.63,FPS,3.94,10.13,225.06,15.32,Low,24.16221180748866,F
5464,17,Male,4.88,8.23,6.33,66.15,RPG,4.68,10.34,263.92,12.47,Medium,74.31,C
5465,22,Male,6.26,3.46,5.58,77.1,RPG,3.49,7.41,238.01,11.31,Low,30.22,F
5466,16,Female,5.38,8.38,5.78,75.35,Casual,2.89,7.32,241.08,11.49,High,94.7081740532658,A
5467,22,Male,3.98,6.5,6.03,99.21,FPS,1.3,5.33,281.43,11.31,Medium,78.11,C+
5468,21,Male,5.75,4.35,8.76,78.25,FPS,3.33,10.11,235.61,15.61,Low,65.9,D
5469,22,Female,6.59,1.37,5.29,94.44,RPG,4.53,8.96,245.72,10.63,Low,25.12,F
5470,18,Female,1.8,3.09,6.46,95.52,FPS,0.35,3.8,290.89,6.12,Medium,85.41822924131132,B
5471,18,Female,2.69,9,8.76,66.31,RPG,2.22,6.09,299.9,8.2,Medium,100,A
5472,22,Female,1.79,8.36,6.38,88.61,FPS,0.75,5.89,293.26,5.44,Medium,99.93,A
5473,17,Male,3.62,6.17,8.32,71.1,Casual,4.05,7.72,258.95,4.6,Medium,71.93,C-
5474,16,Male,7.08,5.2,4.29,63.79,FPS,3.07,10.87,234.64,17.62,Low,31.36,F
5475,24,Male,2.76,6.82,8.77,94.99,Casual,4.4,8.72,278.48,7.64,Medium,99.13,A
5476,24,Female,3,5.2,4.94,71.7,Casual,0.32,8.3,292.11,9.07,Medium,61.63,D-
5477,22,Female,6.88,6.8,8.9,73.81,Casual,4.53,9.07,240.74,12.92,Low,59.29,F
5478,22,Female,4.12,3.77,4.88,72.96,RPG,0.34,8.91,264.27,9.15,Medium,54.34,F
5479,18,Female,4.28,8.55,6.22,68.01,Casual,1.44,8.13,258.61,12.36,Medium,81.90306830552028,B-
5480,17,Female,6.89,7.32,5.54,77.38,RPG,0.78,8.24,226.34,17.7,High,58.51227711332388,F
5481,22,Male,3.92,3.97,6.17,77.13,FPS,0.73,5.17,267.1,7.61,Medium,55.79,F
5482,24,Male,5.45,8.48,5.25,76.35,Casual,0.86,10.45,268.24,16.43,High,81.56678171904515,B-
5483,16,Male,0.69,5.39,8.83,96.65,RPG,2.4,4.41,310.28,2.38,Medium,91.83,A-
5484,19,Male,1.43,2.57,5.53,73.59,FPS,3.92,5.29,312.31,3.91,Medium,60.74,D-
5485,21,Female,3.24,1.7,7.27,61.22,Casual,4.49,5.92,266.31,4.98,Medium,37.51,F
5486,22,Male,3.96,7.3,4.69,67.14,RPG,2.83,9.61,253.27,11.74,High,69.06,D+
5487,22,Female,7.73,8.79,8.12,88.86,Casual,0.79,12.3,217.79,17.35,Low,75.296153380902,C
5488,17,Female,7.77,8.27,6.71,83.63,Casual,0.4,13.41,233.33,18.08,Low,70.11691539758228,C-
5489,19,Male,6.81,6.9,8.9,98.07,FPS,2.47,8.31,235.39,13.61,Low,67.49,D+
5490,20,Male,2.52,2.27,6.12,87.78,FPS,3.83,6.44,298.66,5.02,Medium,63.44,D
5491,16,Male,7.71,1.85,4.98,67.77,Casual,3.1,11.9,240.12,18.77,Low,7.02,F
5492,16,Male,5.51,4.11,5.73,64.83,RPG,2.91,7.14,244.31,11.71,Low,46.41533148777375,F
5493,18,Female,3.14,8.69,7.68,80.83,FPS,0.24,5.87,290.66,9.26,Medium,100,A
5494,18,Male,5.61,9.66,7.3,86.61,FPS,2.06,7.68,266.56,10.37,Low,100,A
5495,23,Female,0.13,3.17,7.89,66.63,FPS,2.75,6.05,328.78,3.7,Medium,74.66,C
5496,24,Female,1.17,7.86,4.37,84.07,RPG,2.99,4.89,290.02,8.47,High,95.14,A
5497,16,Female,6.64,6.16,6.9,94.6,FPS,0.02,9.22,221.77,13.15,Low,54.39,F
5498,17,Female,5.16,1.29,8.66,89.1,FPS,1,9.48,253.59,11.51,Low,51.1,F
5499,17,Male,2.91,5.89,4.54,86.57,RPG,4.75,7.21,280.97,6.98,Medium,71.37,C-
5500,19,Male,4.01,8.25,4.47,91.57,FPS,2.54,6.75,280.31,7.3,High,75.61,C
5501,17,Male,7.24,3.49,7.58,64.16,FPS,3.52,13.21,223.44,20.78,Low,32.25,F
5502,22,Male,5.05,9.08,5.58,68.15,Casual,1.54,10.09,263.56,8.01,High,81.24757167835688,B-
5503,24,Female,3.19,3.13,7.29,61.52,RPG,2.93,6.19,270.89,5.43,Medium,47.39,F
5504,22,Female,0.96,1.69,6.73,65.8,FPS,1.78,5.26,311.93,5.01,Medium,70.47895776724563,C-
5505,21,Male,2.35,2.44,8.93,96.53,Casual,1.48,6.9,287.23,5.51,Medium,63.05,D
5506,16,Male,7.83,8.53,8.45,68.89,FPS,2.06,9.7,229.63,16.53,Low,82.05412730916905,B-
5507,24,Male,3.5,4.76,7.39,86.48,RPG,2.3,8.89,274.36,9.64,Medium,69.9,D+
5508,20,Female,3.77,8.17,5.31,87.66,FPS,1.66,8.9,252.69,11.1,High,84.18,B
5509,20,Female,3.99,5.78,5.31,85.81,Casual,1.29,8.77,277.21,10.53,Medium,76.32829636292986,C
5510,21,Female,7.07,5.33,8.41,82.16,FPS,3.12,9.18,246.86,14.42,Low,47.72,F
5511,24,Female,4.83,8.26,6.93,79.45,FPS,1.9,6.51,253.68,10.76,Medium,78.83,C+
5512,23,Male,5.55,4.81,7.95,76.8,RPG,1.01,7.45,261.5,11.69,Low,57.04,F
5513,23,Male,3.12,8.22,6.25,96.68,Casual,3.79,4.59,276.43,10.36,Medium,89.28,B+
5514,23,Male,0.23,1.91,4.52,60.38,RPG,3.62,5.93,303.74,2.16,Medium,52.62,F
5515,16,Male,7.45,6.73,5.66,62.14,Casual,4.43,12.71,224.49,18.64,Low,34.95,F
5516,16,Female,7.59,7.32,4.81,79.7,RPG,2.78,9.04,227.08,17.73,High,59.660041603225,F
5517,23,Female,7.59,9.09,7.91,73.22,Casual,1.4,11.98,215.72,14.73,Low,68.02418045989454,D+
5518,20,Female,7.55,3.02,7.5,76.33,RPG,4.32,9.78,242.9,13.99,Low,30.72,F
5519,24,Female,6.52,6.44,4.44,99.91,FPS,1.4,7.61,226.45,17.45,Low,61.03408923968673,D-
5520,17,Male,5.48,4.9,7.11,91.01,Casual,3.28,7.94,248.83,10.84,Low,69.02,D+
5521,24,Male,6.76,4.44,8.37,95.1,Casual,0.95,9.96,229.66,15.14,Low,50.42,F
5522,23,Female,4.8,1.96,7.49,74.74,Casual,3.15,5.9,275.94,9.8,Medium,42.26,F
5523,24,Female,1.07,2.21,6.56,69.58,RPG,4.2,3.69,292.09,3.37,Medium,61.96,D-
5524,19,Male,3.13,8.53,5.56,90.72,RPG,2.7,7.63,290.69,7.77,High,100,A
5525,16,Female,7.77,7.75,8.44,92.3,Casual,2.35,9.91,228.73,16.85,Low,74.90531631629692,C
5526,16,Female,2.81,4.44,6.11,82,FPS,4.97,6.23,273.8,5.7,Medium,67.39,D+
5527,20,Male,6.94,8.46,8.28,95.84,Casual,0.11,12.38,233.2,16.15,Low,88.66524012447829,B+
5528,17,Female,0.75,1.73,7.91,98.69,FPS,1.66,1.89,309.17,-1.87,Medium,69.57,D+
5529,23,Male,2.67,6.62,8.08,78.84,FPS,4.59,7.6,293.81,7.57,Medium,87.02,B+
5530,20,Female,2.81,8.81,8.95,68.91,FPS,3.21,5.73,279.83,7.75,Medium,100,A
5531,20,Female,0.41,8.55,7.74,80.68,RPG,2.71,4.12,321.39,4.59,Medium,100,A
5532,17,Other,0.95,4.36,4.17,99.58,FPS,3.19,3.1,309.09,5.27,Medium,63.92,D
5533,22,Male,1.55,7.71,5.03,71.72,FPS,1.61,5.44,305.91,4.29,High,92.94,A-
5534,23,Male,6.7,4.85,4.18,84.7,RPG,0.36,11.35,230.79,17.41,Low,42.82,F
5535,16,Male,0.51,8.56,4.95,87.76,RPG,1.38,2.52,311.47,-0.28,High,98.46,A
5536,17,Male,2.39,5.78,4.31,68.56,Casual,1.68,5.11,292.42,5.11,Medium,71.02,C-
5537,19,Female,0.08,7.88,6.51,83.54,FPS,2.4,3.92,319.86,5.32,Medium,92.09,A-
5538,20,Female,5.57,1.71,4.14,72.58,FPS,1.97,8.65,252.76,13.04,Low,24.84,F
5539,17,Male,4.96,6.31,6.36,94.17,FPS,2.61,7.43,281.4,11.62,Medium,75.7,C
5540,16,Male,5.16,5.95,8.49,88.59,RPG,0.98,8.42,263.82,11.59,Low,69.64,D+
5541,24,Male,3,6.49,7.74,93.05,FPS,0.92,5.45,291.27,10.96,Medium,80.98,B-
5542,16,Male,1.67,7.26,8.72,67.99,FPS,1.76,4.18,302.43,5.66,Medium,100,A
5543,19,Male,5.76,9.26,5.13,61.38,RPG,2.37,9.81,256.21,16.51,High,82.78096588980691,B-
5544,17,Male,6.49,8.07,6.66,94.02,Casual,1.71,9.88,244.11,13.49,Low,73.44286445917172,C
5545,19,Female,1.11,2.98,5.59,75.47,FPS,2.88,5.5,324.86,2.47,Medium,56.14,F
5546,23,Male,3.89,8.43,6.47,67.19,RPG,1.55,9.08,272.72,8.84,Medium,78.7,C+
5547,23,Female,1.99,2.1,6.79,63.68,FPS,0.89,7.7,304.43,8.09,Medium,54.76,F
5548,24,Female,1.34,6.6,4.18,80.66,FPS,4.31,3.1,324.77,6.85,Medium,73.4,C
5549,20,Male,5.87,8.94,5.17,66.01,FPS,1,10,256.09,15.3,High,69.75940981502661,D+
5550,22,Female,4.3,1.91,7.52,82.67,RPG,4.83,8.21,265.55,12.31,Medium,54.43,F
5551,18,Female,1.73,8.65,7.86,89.09,RPG,4.94,7.06,291.9,6.47,Medium,100,A
5552,19,Female,2.48,8.19,6.85,81.4,Casual,3.48,7.96,285.28,5.15,Medium,84.96,B
5553,24,Male,7.73,5.53,5.35,96.15,Casual,2.51,12.53,231.16,21.91,Low,42.39,F
5554,16,Male,6.79,3.78,6.03,66.22,RPG,3.98,10.77,256.36,16.9,Low,34.91,F
5555,17,Female,7.04,4.65,4.48,79.76,FPS,4.37,9.04,241.56,16.13,Low,32.91,F
5556,20,Female,3.68,9.72,8.77,66.53,Casual,3.55,6.06,271.97,10.3,Medium,99.06,A
5557,18,Male,4.99,2.82,8.34,95.04,Casual,0.51,9,257.07,8.56,Medium,52.53,F
5558,17,Male,3.01,6.22,4.33,97.29,Casual,0.01,4.71,282.39,5.87,Medium,75.47,C
5559,16,Male,0.62,1.75,4.83,76,FPS,0.96,2.54,299.15,3.44,Medium,54.57,F
5560,18,Male,3.21,2.96,6.91,72.23,Casual,0.94,8.77,276.9,8.91,Medium,56.97,F
5561,16,Female,4.75,7.87,5.16,71.17,Casual,0.91,10.53,257.98,12.24,High,77.23,C+
5562,16,Male,2.3,3.72,8.67,94.39,RPG,2.55,3.33,320.18,7.68,Medium,77.31,C+
5563,16,Male,6.78,9.87,7.78,87.3,Casual,2.6,12.09,247.91,16.45,Low,87.98076962195906,B+
5564,23,Female,1.21,5.51,5.37,95.22,Casual,3.62,6.9,294.75,10.02,Medium,93.82,A
5565,18,Male,2.94,5.65,4.03,64.7,RPG,1.01,6.57,269.03,7.61,Medium,55.44397330438685,F
5566,16,Female,1,1.33,8,79.04,Casual,0.46,4.24,294.94,5.23,Medium,64.7,D
5567,22,Female,3.24,9.61,6.12,87.05,Casual,3.33,8.83,295.26,10.24,Medium,91.99,A-
5568,18,Male,0.32,2.57,7.21,95.88,Casual,2.42,1.36,302.67,0.01,Medium,72.15,C-
5569,23,Female,2.18,5.85,5.43,75.28,Casual,3.33,7.38,309.94,4.9,Medium,72.29,C-
5570,19,Female,3.21,4.56,4.71,72.52,RPG,1.9,5.69,283.88,7.73,Medium,51.67,F
5571,19,Male,3.83,4.74,7.38,96.52,FPS,3.75,8.04,271.58,13.61,Medium,77.26,C+
5572,20,Male,4.35,6.79,6.25,61.9,FPS,3.41,6.97,256.35,9.22,Medium,65.49,D
5573,21,Female,2.2,6.96,5.18,79.18,Casual,3.25,5.81,306.24,7.24,Medium,85.8,B
5574,22,Female,4.18,2.39,4.69,78.35,FPS,0.14,9.22,275.3,10.37,Medium,33.67,F
5575,19,Female,4.07,5.5,6.9,65.84,FPS,4.29,5.98,280.16,9.54,Medium,58.53,F
5576,23,Male,2.53,8.11,7.63,75.8,RPG,1.88,6.85,286.91,9.5,Medium,88.34,B+
5577,21,Female,6.64,4.99,5.42,88.9,FPS,0.68,12.13,246.99,16.25,Low,46.66,F
5578,16,Male,4.37,2.49,7.68,74.67,RPG,3.78,9.88,282.38,10.26,Medium,58.53,F
5579,16,Female,2.66,3.82,4.92,72.39,Casual,2.43,8.13,294.03,11.27,Medium,54.12,F
5580,24,Female,7.58,2.91,5.69,91.28,FPS,0.16,11.17,218.48,15.75,Low,23.57620979498286,F
5581,21,Female,6.76,2.13,7.72,99.55,Casual,3.91,11.6,244.08,17.29,Low,49.066649717831055,F
5582,23,Female,7.86,4.4,7.3,91.17,RPG,2.18,11.09,233.23,14.35,Low,42.2,F
5583,22,Female,5.54,5.87,5.35,93.85,RPG,3.77,8.84,270.29,15.3,Low,53.53,F
5584,21,Female,3.03,1.65,4.61,97.58,FPS,3.78,5.45,289.49,12.48,Medium,55.590013964569096,F
5585,19,Male,2.25,6.43,4.21,92.07,Casual,0.5,4.68,304.02,5.66,Medium,80.34,B-
5586,22,Female,5.31,9.94,8.19,99.21,RPG,3.07,6.5,262.44,9.16,Low,98.07787519092902,A
5587,24,Female,7.85,9.68,4.38,89.89,FPS,1.8,11.51,212.25,19.07,High,74.31898654020277,C
5588,22,Male,5.01,8.46,4.57,86.46,RPG,2.73,7.55,268.17,11.47,High,93.12829564776212,A
5589,16,Female,7.05,3.4,5.19,87.73,Casual,0.44,8.99,236.6,19.35,Low,35.56463747351618,F
5590,24,Male,2.63,1.2,6.23,96,RPG,2.94,4.24,308.41,4.87,Medium,55.62,F
5591,19,Female,3.26,8.5,7.95,87.32,Casual,3.89,5.99,266.49,5.21,Medium,100,A
5592,18,Female,7.25,1.5,5.24,90.45,RPG,4.93,12.75,221.68,17.86,Low,14.77,F
5593,19,Male,6.05,2.85,6.72,68.64,FPS,1.6,9.63,254.65,15.06,Low,40.61,F
5594,19,Female,7.85,5.9,4.45,96.51,FPS,0.78,11.63,240.92,16.05,Low,39.39,F
5595,17,Male,6.2,2.61,6.32,77.89,FPS,1.83,7.47,244.4,14.96,Low,27.73,F
5596,16,Female,3.59,8.5,4.89,66.44,FPS,0.1,7.19,275.77,9.09,High,67.78,D+
5597,16,Male,4.25,7.99,5.06,91.99,RPG,2.04,8.59,271.07,10.13,High,81.86,B-
5598,23,Male,7.2,7.8,5.83,74.26,FPS,4.57,8.95,228.76,16.36,High,55.90903027781094,F
5599,17,Male,4.41,8.35,7.81,67.36,Casual,0.97,10.33,276.96,11.2,Medium,87.87,B+
5600,20,Male,2.04,2.98,7.72,70.25,Casual,2.39,7.62,290.69,5.4,Medium,53.08,F
5601,19,Female,3.48,7.56,6.07,61.4,RPG,2.86,9.45,285.24,6.72,Medium,75.82,C
5602,23,Female,4.13,4.2,4.59,63.62,RPG,0.9,6.93,257.21,8.43,Medium,44.26,F
5603,17,Male,0.77,7,5.4,83.7,FPS,1.65,5.88,327.95,9.08,Medium,95.74,A
5604,24,Male,5.95,2.1,6.53,94.65,RPG,4.56,8.59,227.4,13.29,Low,39.22,F
5605,22,Male,0.87,7.35,8.35,77.94,RPG,1.48,5.62,298.93,2.08,Medium,100,A
5606,22,Female,3.24,9.75,8.84,85.04,FPS,3.18,8.98,303.65,11.88,Medium,100,A
5607,16,Female,6.44,1.39,7.19,92.39,FPS,0.68,8.22,243.73,13.68,Low,41.238858328302214,F
5608,17,Male,3.74,1.84,5.75,74.27,RPG,3.35,5.44,268.52,8.91,Medium,55.97127594199817,F
5609,19,Female,6.74,2.11,7.47,86.17,RPG,1.4,8.26,226.35,14.79,Low,33.48,F
5610,19,Male,2.74,4.88,5.68,74.02,Casual,1.16,7.73,282.76,10.95,Medium,60.54,D-
5611,18,Female,7.66,3.62,7.13,85.71,Casual,0.62,11.99,230.98,14.83,Low,39.25,F
5612,22,Female,1.68,8.26,5.22,68.7,Casual,0.23,5.29,304.71,8.08,High,100,A
5613,23,Female,0.31,5.26,5.33,99.11,FPS,4.84,5.18,319.5,4.55,Medium,89.78,B+
5614,17,Female,6.98,5.36,4.38,63.05,Casual,2.07,12.23,218.38,16.74,Low,38.16,F
5615,19,Female,6.02,7.45,6.1,80.21,RPG,3.89,11.77,249.15,13.21,Low,67.61947754047138,D+
5616,18,Female,1.86,4.26,7.09,71.45,Casual,4.6,3.87,301.07,4.23,Medium,70.37,C-
5617,17,Female,7.88,4.18,7.94,84.03,Casual,1.02,11.09,228.93,17.45,Low,31.88,F
5618,21,Male,4.02,7.81,8.05,77.13,FPS,4.35,9.64,272.05,14.47,Medium,79.54,C+
5619,19,Male,7.61,8.02,8.96,72.27,FPS,3.54,10.92,216.39,19.75,Low,70.74164540968738,C-
5620,21,Male,4.04,1.13,4.44,70,RPG,2.89,7.48,262.3,9.02,Medium,38.16,F
5621,17,Female,3.77,2.29,6.47,67.3,FPS,4.05,9.48,286.89,14.41,Medium,36.9,F
5622,19,Male,3.59,2.92,6.61,91.32,RPG,0.55,8.26,269.16,11.42,Medium,57.84,F
5623,21,Male,2.68,4.16,8.02,68.89,Casual,1.32,6.44,280.62,8.18,Medium,67.33,D+
5624,20,Male,4.27,3.62,5.33,90.94,FPS,0.66,7.06,265.8,9.37,Medium,46.8,F
5625,18,Male,3.62,7.02,4.35,79.4,RPG,4.48,9.2,264.39,8.88,High,74.47775846064701,C
5626,23,Female,0.29,8.45,5.57,62.89,RPG,0.49,1.33,322.86,2.19,High,97.98,A
5627,22,Female,2.08,2.73,8.92,66.62,FPS,4.9,4.69,282.36,6.23,Medium,67.18,D+
5628,18,Female,1.7,6.07,8.5,95.72,Casual,0.55,7.43,310.44,5.48,Medium,100,A
5629,21,Female,6.94,4.31,5.98,84.11,RPG,3.31,10.43,223.27,17.85,Low,43.79,F
5630,19,Female,4.79,5.55,8.38,67.37,RPG,3.3,8.91,259.72,11.97,Medium,68,D+
5631,20,Female,6.11,6.59,4.16,88.15,Casual,4.66,9.77,250.12,14.89,Low,50.58,F
5632,20,Male,7.65,9.04,5.57,92.93,RPG,1.62,10.64,236.11,18.94,High,70.42736515546514,C-
5633,22,Female,5.15,2.73,7.63,73.23,FPS,1.66,9.48,255.95,14.12,Low,49.87937047491855,F
5634,20,Male,7.86,1.78,5.11,82.26,Casual,4.23,12.69,218.65,14.9,Low,12.01,F
5635,18,Male,2.49,6.64,4.99,71.74,RPG,4.89,5.31,304.31,7.91,Medium,74.07,C
5636,20,Female,1.49,4.55,8.31,63.2,Casual,0.15,5.44,303.93,5.01,Medium,87.45,B+
5637,22,Male,3.23,2.47,7.08,75.98,FPS,3.18,4.64,279.53,6.27,Medium,61.06933186341058,D-
5638,20,Male,3.77,2.05,8.95,90.06,FPS,1.22,7.51,256.57,9.51,Medium,58.86,F
5639,20,Male,7.16,6.03,4.67,78.35,Casual,3.64,11.9,236,16.08,Low,38.76202534409552,F
5640,24,Male,4.48,3.7,5.78,76.21,FPS,3.86,8.41,266.19,11.18,Medium,52.46,F
5641,18,Male,2.34,9.98,5.56,74.64,RPG,3.81,7.73,278.36,7.33,High,90.01,A-
5642,21,Male,5.94,4.65,8.4,78.36,RPG,2.18,8.37,240.91,14.47,Low,59.00892647141751,F
5643,16,Female,4.05,2.91,5.28,72.73,RPG,0.79,7.51,272.33,6.77,Medium,40.55,F
5644,20,Female,1.3,6.66,5.77,84.49,FPS,2.92,2.74,309.07,3.69,Medium,94.88,A
5645,23,Male,4.61,3.2,4.71,62.54,FPS,3.95,9.11,254.5,11.41,Medium,39.45,F
5646,20,Female,7.29,5.45,7.88,92.3,FPS,4.56,10.5,222.43,20.69,Low,56.08,F
5647,24,Male,6.74,5.34,5.19,66.93,RPG,2.26,10.39,240.28,11.39,Low,47.863637298771295,F
5648,21,Male,4.69,5.08,4.34,85.34,Casual,1.23,6.33,255.31,12.04,Medium,49.93,F
5649,23,Male,3.02,8.16,6.18,78,FPS,0.59,9.01,281.75,9.9,Medium,82.25,B-
5650,23,Female,0.7,2.95,5.96,90.94,Casual,3.99,5.56,329.35,5.36,Medium,65.70683801641411,D
5651,18,Male,3.76,9.14,4.89,93.05,FPS,2.68,6.76,274.45,8.13,High,88.37,B+
5652,22,Female,6.02,8.12,4.67,68.17,Casual,3.37,9.87,257.99,14.6,High,64.5242536453268,D
5653,22,Female,2.88,4,8.48,87.09,RPG,0.8,6.97,272.98,8.1,Medium,76.53,C
5654,21,Female,1.88,2.63,4.34,67.6,FPS,0.03,7.68,289.76,13.73,Medium,59.07,F
5655,22,Female,7.45,3.52,4.5,64.96,RPG,4.84,12.29,222.71,16.7,Low,22.59,F
5656,17,Female,6.57,3.99,5.23,97.21,RPG,4.05,9.32,230.12,12.94,Low,40.95,F
5657,24,Male,5.11,6.01,8.76,66.58,FPS,2,11,241,17.17,Low,68.36,D+
5658,16,Male,1.09,1.42,4.43,69.13,FPS,2.29,3.6,308.85,4.12,Medium,56.35932211413805,F
5659,16,Female,1.16,9.23,8.08,65.21,FPS,4.65,5.04,309.95,5.29,Medium,100,A
5660,18,Female,0.83,1.89,8.46,78.81,Casual,1.04,5.33,300.58,6.16,Medium,64.4,D
5661,18,Male,4.93,3.51,5.89,96.78,Casual,4.01,7.29,253.39,11.19,Medium,52.16,F
5662,16,Male,0.92,1.98,5.47,70.56,FPS,0.09,6.7,309.74,3.89,Medium,52.26,F
5663,22,Male,6.74,3.31,7.39,81.67,RPG,4.38,8.82,239.33,14.78,Low,35.01,F
5664,19,Male,7.94,8.54,7.51,76.46,FPS,2.95,11.15,235.05,15.8,Low,62.64174047972634,D-
5665,17,Male,2.93,6.54,7.9,73.44,FPS,2.39,4.83,296.18,3.91,Medium,82.98,B-
5666,20,Female,3.63,3.05,8.15,82.89,RPG,3.53,9,269.76,8.26,Medium,56.01,F
5667,21,Female,5.69,8.85,5.34,82.36,Casual,0.34,7.8,251.04,7.71,High,95.15259915393776,A
5668,24,Female,7.5,8.21,7.43,74.37,FPS,0.98,8.67,219.99,14.86,Low,69.45923642768011,D+
5669,19,Female,7.15,7.78,4.67,94.02,Casual,2.03,8.34,249.22,13.9,High,68.11220264485264,D+
5670,17,Female,0.46,8.63,6.55,62.13,FPS,3.09,3.53,317.14,3.66,Medium,95.19,A
5671,20,Male,1.35,6.58,7.06,63.41,Casual,0.72,4.96,313.74,4.76,Medium,87.04,B+
5672,18,Male,6.04,5.51,4.81,99.63,RPG,1.9,7.25,243.89,12.41,Low,57.49692549639226,F
5673,17,Female,5.51,4.37,4.38,89.91,FPS,1.3,6.97,264.09,14.11,Low,41.36,F
5674,16,Female,1.07,3.01,4.97,92.16,Casual,3.23,2.56,314.6,2.05,Medium,74.87,C
5675,17,Male,4.02,6.02,6.1,84.11,FPS,4.6,8.36,284.55,7.99,Medium,76.62,C
5676,21,Other,6.25,9.01,8.44,76.79,FPS,0.83,8.75,231.56,8.69,Low,94.0844926292403,A
5677,23,Male,1.75,6.35,6.66,85.17,FPS,0.95,5.56,299.75,5.45,Medium,99.15,A
5678,18,Male,6.97,9.28,7.74,63.7,FPS,3,8.34,247.34,14.52,Low,95.70569891814054,A
5679,24,Male,0.42,4.21,4.87,90.31,FPS,2.27,5.88,305.6,6.11,Medium,80.52,B-
5680,24,Male,6.26,7.26,4.53,81.63,RPG,3.59,8.78,250.1,12.04,High,62.61839445644297,D-
5681,17,Female,4.93,6.84,5.2,98.27,FPS,1.44,9.82,266.55,13.81,Medium,57.33,F
5682,23,Female,2.52,7.03,5.57,85.5,FPS,2.72,7.65,296.77,2.64,High,85.82,B
5683,20,Male,5.77,6.81,6.74,66.07,Casual,1.93,11.71,254.1,11.91,Low,62.06,D-
5684,19,Female,6.26,2.99,8.41,79.1,Casual,1.41,10.97,251.06,15.64,Low,44.53,F
5685,20,Female,7.47,2.29,6.13,62.31,FPS,3.65,10.68,234.69,17.92,Low,14.96,F
5686,19,Female,2.94,9.81,6.59,89.82,Casual,3.98,4.7,296.57,3.44,Medium,100,A
5687,23,Female,5.49,1.41,4.02,80.07,RPG,1.64,6.73,246.94,10.01,Low,23.87754323271928,F
5688,19,Male,4.82,5.21,4.17,74.79,FPS,3.11,10.25,265.56,12.45,Medium,56.87,F
5689,21,Female,4.2,4.83,4.42,98.74,FPS,0.89,7.43,281.79,9.82,Medium,75.56622402515883,C
5690,17,Male,7.12,4.24,7.49,97.62,Casual,3.95,11.87,226.72,17.71,Low,47.44,F
5691,20,Female,0.03,8.04,6.43,98.11,Casual,1.41,3.51,312.73,3.63,Medium,100,A
5692,21,Male,2.26,7.71,4.96,68.84,Casual,0.85,7.66,298.12,4.66,High,74.03,C
5693,20,Female,4.31,9.15,6.96,89.14,RPG,4.7,9.06,282.1,11.88,Medium,96.61,A
5694,17,Female,1.43,4.56,6.72,97.82,RPG,2.11,2.86,301.5,2.14,Medium,91.52,A-
5695,22,Male,7.26,6.08,4.44,82.83,RPG,3.22,12.02,233.84,17.57,Low,43.79,F
5696,19,Male,5.18,9.03,7.2,68.57,Casual,4.05,7.51,261.48,10.59,Low,82.18782062735693,B-
5697,23,Female,3.82,9.94,7.84,92.71,Casual,3.43,8.69,269.29,12.23,Medium,95.83,A
5698,22,Female,6.52,9.72,5.43,95.2,FPS,2.82,12.26,263.7,17.08,High,80.72473527218486,B-
5699,22,Male,3.61,7.46,7.44,88.13,RPG,1.86,9.26,267.43,8.07,Medium,87.64,B+
5700,24,Female,4.47,2.29,5,71.74,RPG,4.59,6.1,267.26,6.4,Medium,41.44,F
5701,16,Male,0.02,1.21,7.78,67.63,FPS,0.67,1.29,320.82,3.05,Medium,57.46,F
5702,21,Male,2.93,8.43,8.56,84.97,RPG,4.42,7.81,262.96,6.89,Medium,100,A
5703,21,Male,1.11,8.57,6.21,79.31,Casual,3.55,5.66,298.26,3.29,Medium,100,A
5704,21,Male,5.52,7.72,5.22,86.75,Casual,2.86,7.4,240.24,13.46,High,83.68349526691789,B
5705,21,Female,3.83,3.52,6,64.47,Casual,1.62,8.25,281.24,7.82,Medium,53.82,F
5706,22,Other,2.41,6.76,5.25,65.44,FPS,0.73,3.49,274.15,5.76,Medium,71.63,C-
5707,21,Male,3.74,3.85,4.01,74.52,FPS,2.22,7.9,284.54,9.6,Medium,41.32,F
5708,16,Female,1.68,5.06,7.25,70.35,FPS,3.92,6.84,288.04,5.78,Medium,78.27,C+
5709,18,Male,7.4,4.44,4.21,84.77,RPG,3.73,11.61,240.82,19.3,Low,24.49,F
5710,17,Female,0.43,9.22,5.05,74.7,Casual,3.23,1.76,300.88,2.46,High,100,A
5711,21,Male,6.92,3.11,7.61,87.36,Casual,4.96,12.87,241.2,18.77,Low,43.21,F
5712,23,Female,4.09,6.2,7.33,90.75,Casual,4.86,6.87,280.27,9.07,Medium,67.05,D+
5713,18,Female,4.95,4.25,4.37,67.49,FPS,2,7.85,266.33,9.9,Medium,42.1,F
5714,23,Male,2.42,6.97,7.3,96.79,FPS,0.96,3.84,278.75,7.63,Medium,83.6,B
5715,23,Female,7.73,6.08,8.65,91.49,Casual,2.32,9.57,238.54,15.24,Low,50.12,F
5716,20,Male,2.25,9.32,4.37,85.07,Casual,4.22,4.61,298.46,5.93,High,96.33,A
5717,23,Male,4.71,1.91,6.08,96.36,RPG,2.29,9.71,239.9,12.77,Medium,35.62,F
5718,21,Male,7.95,2.99,7.65,70.63,RPG,1.68,12.41,225.71,16.59,Low,18.08,F
5719,20,Male,7.05,7.9,7.34,76.87,RPG,3.71,10.97,263.74,14.53,Low,62.760771709326235,D-
5720,24,Male,4.29,4.32,5.13,63.43,RPG,3.25,9.61,279.68,10.7,Medium,39.77,F
5721,22,Male,7.92,2.49,4.82,78.25,FPS,4.84,13.91,219.97,20.32,Low,6.02,F
5722,23,Male,5.61,5.53,7.92,80.26,RPG,2.75,8.53,258.12,13.37,Low,62.08,D-
5723,16,Male,1.67,6.87,8.78,84.64,RPG,4.84,4.63,296.03,2.11,Medium,100,A
5724,17,Female,3.24,1.4,7.84,62.56,FPS,1.45,7.92,291.27,12.73,Medium,45.62,F
5725,23,Female,2.68,3.62,8.82,61.3,Casual,4.32,6.9,279.7,8.23,Medium,66.66,D
5726,24,Male,2.75,8.28,7.02,76.8,FPS,1.75,3.82,299.09,5.19,Medium,95.44,A
5727,19,Male,6.08,5.68,8.65,67.57,RPG,4.05,10.36,256.24,13.99,Low,63.61,D
5728,24,Male,4.67,1.32,7.45,90.35,RPG,4.63,9.27,270.39,11.16,Medium,37.76,F
5729,19,Female,0.3,3.54,8.54,86.75,RPG,3.12,6.23,337.11,2.82,Medium,74.48,C
5730,24,Female,7.02,6.75,4.81,73.03,FPS,3.64,10.95,245.82,18.34,Low,45.73062043398536,F
5731,22,Male,2.37,2.79,8.08,61.83,RPG,4.79,6.79,301.78,11.7,Medium,64.27,D
5732,17,Male,7.98,8.45,4.98,67.3,FPS,1.88,12.92,235.5,17.4,High,53.149719702420576,F
5733,24,Male,7.63,7.09,4.14,87.67,FPS,2.56,9.11,235.58,15.08,High,47.1178204532452,F
5734,19,Male,7.52,5.24,6.59,99.61,FPS,4.49,12.19,234.4,17.19,Low,40.48,F
5735,23,Female,6.49,9.24,5.59,73.06,FPS,3.36,10.22,235.35,12.09,High,77.09439725220066,C+
5736,22,Female,1.76,4.53,4.22,92.08,Casual,4.37,3.26,292.24,5.33,Medium,78.86,C+
5737,22,Male,4.26,3.12,8.9,94.68,RPG,3.09,8.61,273.2,11.07,Medium,71.66,C-
5738,23,Female,1.79,6.95,7.33,61.93,FPS,3.7,3.96,304.61,4.96,Medium,82.44,B-
5739,16,Male,2.08,6.16,8.51,96.65,Casual,0.07,5.77,295.22,2.3,Medium,100,A
5740,20,Male,4.89,4.02,9,78.65,FPS,1.7,7.29,256.5,6.46,Medium,54.66,F
5741,17,Female,0.33,4.09,5.96,98.57,FPS,3.85,1.85,314.68,0.68,Medium,75.56,C
5742,17,Female,7.76,4.58,5.27,81.54,FPS,2.02,10.01,226.35,17.97,Low,27.19,F
5743,16,Male,7.35,3.62,4.92,69.41,Casual,1.81,10.54,234.55,12.74,Low,23.7,F
5744,20,Male,3.05,7.39,6.58,98.99,RPG,4.76,6.52,281.18,9.63,Medium,84.69,B
5745,17,Female,4.12,6.86,7.03,69.73,FPS,2.76,5.86,282.22,8.5,Medium,73.99,C
5746,19,Female,3.73,4.97,6.36,95.3,FPS,0.96,6.33,274.13,7.1,Medium,64.04,D
5747,18,Male,7.06,4.58,5.94,66.93,RPG,2.36,12.36,228.85,16.94,Low,34.66,F
5748,18,Male,5.51,4.29,4.84,86.99,RPG,2.59,11.06,253.07,11.2,Low,38.74,F
5749,17,Male,2.22,3.55,6.21,76.45,Casual,4.94,5.9,282.35,1.2,Medium,60.47,D-
5750,21,Female,3.57,1.77,4.43,98.88,RPG,3.59,7.02,297.29,11.28,Medium,44.53,F
5751,17,Female,3.43,3.41,8.33,67.39,RPG,2.6,7.34,285.4,8.72,Medium,60.04,D-
5752,23,Male,7.67,3.89,4.23,76.35,Casual,2.16,9.74,227.83,14.93,Low,34.87352326591249,F
5753,23,Female,1.4,5.93,5.9,85.59,RPG,4.58,7.37,317.36,4.63,Medium,84.04730212445564,B
5754,20,Female,0.72,7.96,4.5,99.1,FPS,3.23,5.45,309.31,2.26,High,95.14,A
5755,22,Male,7.04,4.56,7.87,72.15,FPS,1.78,9.23,235.19,14.47,Low,38.98,F
5756,19,Male,7.17,9.5,5.56,75.87,RPG,2.32,9.53,226.92,15.3,High,80.87186116394696,B-
5757,16,Female,6.97,8.45,4.57,78.47,Casual,1.39,11.21,226.95,17.44,High,66.42784947831005,D
5758,17,Female,4.09,9.86,6.66,70.11,FPS,4.8,6.7,273.03,8.09,Medium,95.73,A
5759,19,Female,5.28,8.89,8.58,92.69,RPG,3.51,8.06,267.28,9.84,Low,98.58666692408462,A
5760,16,Female,4.51,6.55,8.54,63.68,FPS,1.96,9.41,257.1,10.4,Medium,79.58,C+
5761,23,Male,0.56,6.39,5.25,88.19,FPS,0.92,2.89,310.89,7.21,Medium,85.74,B
5762,24,Male,4.77,2.17,7.6,81.36,FPS,0.89,9.3,260.72,12.12,Medium,40.53,F
5763,19,Female,0.11,7.5,4.15,69.68,FPS,2.39,5.78,326.4,3.85,High,87.96226229796926,B+
5764,18,Male,2.6,6.4,4.66,79.71,RPG,2.34,4.22,284.49,5.5,Medium,69.64,D+
5765,17,Female,7.46,5.56,6.5,93.2,FPS,2.09,9.18,238.01,19.25,Low,47.14,F
5766,20,Female,2.43,7.24,5.14,77.82,RPG,4.26,8.14,297.99,9.43,High,84.27,B
5767,18,Female,7.52,5,7.99,64.88,FPS,4.9,9.54,223.14,13.97,Low,43.23,F
5768,22,Male,2,5.71,8.66,61.63,RPG,1.77,3.1,293.07,4.87,Medium,90.06,A-
5769,21,Female,2.52,4.59,4.02,91.11,FPS,1.47,7.86,290.56,6.94,Medium,59.22,F
5770,16,Female,5.03,7.46,5.16,73.22,FPS,3.85,7.44,255.27,12.09,High,76.6052965311391,C
5771,23,Female,6.09,8.89,6.2,97.25,RPG,2.25,8.58,237.97,15.42,Low,87.92483757481594,B+
5772,17,Female,4.01,8.57,6.82,84.69,RPG,1.09,6.14,286.7,6.64,Medium,92.02,A-
5773,20,Male,7.06,8.07,8.58,77.45,Casual,0.9,12.65,217.45,17.63,Low,70.48513073435639,C-
5774,24,Male,0.32,1.12,8.46,82.58,FPS,1.4,5.19,318.49,1.46,Medium,67.23,D+
5775,23,Male,7.38,9.21,7.19,78.29,RPG,0.01,11.36,245.09,19.58,Low,70.29452200732754,C-
5776,17,Male,1.57,3.47,5.29,96.23,FPS,4.71,4.84,293.1,6.71,Medium,65.59,D
5777,24,Female,7.07,8.99,7.92,78.32,RPG,2.15,8.79,235.42,11.02,Low,79.8129772654364,C+
5778,20,Female,3.21,2.77,5.01,64.16,FPS,0.41,8.84,290.51,6.98,Medium,42.26,F
5779,21,Female,6.66,4.96,8.83,83.88,Casual,0.82,11.41,209.66,13.01,Low,58.52,F
5780,18,Female,5.37,7.74,4.03,84.92,RPG,1.62,7.76,255.06,11.81,High,69.2103443838528,D+
5781,18,Male,1.41,6.76,6.85,90.61,Casual,2.76,7.15,287.36,6.29,Medium,100,A
5782,23,Other,7.34,4.74,4.44,97.33,Casual,3.52,13.02,241.55,19.1,Low,35.03,F
5783,17,Male,1.96,7.11,6.04,77.72,Casual,1.54,6.26,288.56,5.58,Medium,87.3,B+
5784,17,Male,1.95,5.94,7.17,74.08,RPG,4.79,7.88,314.44,6.3,Medium,91.05,A-
5785,20,Female,6.51,3.48,7.45,79.63,Casual,3.8,8.45,232.33,14.56,Low,40.92,F
5786,21,Female,0.85,6.82,7.93,96.01,FPS,4.13,5.51,314.3,10.33,Medium,100,A
5787,17,Female,1.78,2.84,6.97,99.2,FPS,1.62,3.54,289.88,1.41,Medium,80.76,B-
5788,20,Male,4.03,7.25,5.26,98.85,RPG,1.9,8.49,269.27,6.53,High,75.65,C
5789,22,Female,6.64,1.03,8.45,69.19,Casual,2.69,12.24,240.28,15.01,Low,26.89,F
5790,23,Male,1.18,5.94,8.06,79.88,Casual,2.26,4.86,306.1,2.76,Medium,94.61,A
5791,22,Male,4.38,4.61,4.8,70.38,FPS,1.3,9.2,283.99,9.69,Medium,44.36,F
5792,23,Female,5.69,3.73,8.13,74.72,RPG,4.99,7.41,265.99,12.22,Low,56.59,F
5793,24,Female,6.88,5.64,8.86,61.27,FPS,4.24,11.05,229.95,13.5,Low,49.42,F
5794,20,Female,7.48,6.81,7.19,66.42,RPG,1.19,8.8,230.67,14.43,Low,47.39,F
5795,20,Female,6.28,9.69,5.41,75.88,FPS,4.46,7.46,233,12.56,High,85.74386717980059,B
5796,19,Female,5.22,8.5,7.03,74.59,FPS,2.93,9.39,243.45,11.98,Low,84.15837760642356,B
5797,24,Female,3.47,7.45,5.71,71.15,FPS,0.06,7.33,271.69,8.59,High,77.01,C+
5798,20,Female,0.9,5.31,7.38,69.21,Casual,1.73,3.55,326.03,2.83,Medium,77.92,C+
5799,17,Female,5.68,4.53,6.72,89.96,RPG,0.13,9.24,234.96,11.53,Low,51.59,F
5800,23,Other,7.94,1.29,8.65,71.78,FPS,0.44,12.36,230.48,17.58,Low,18.32,F
5801,22,Other,5.89,4.23,7.09,88.26,RPG,0.89,10.11,253.92,13.88,Low,47.95,F
5802,23,Male,0.13,8.64,5.07,74.75,Casual,2.42,1.5,311.01,2.87,High,86.63,B
5803,18,Female,3.97,4.46,7.63,92.08,Casual,1.91,8.36,278.81,7.17,Medium,75.42549844527976,C
5804,19,Female,4.92,5.15,5.5,66.69,Casual,0.74,9.22,267.36,12.04,Medium,39.63,F
5805,20,Male,5.52,3.45,5.36,66.3,FPS,1.97,9.87,253.39,13.54,Low,24.82,F
5806,21,Female,5.76,3.47,5.96,87.19,FPS,1.52,11,249.38,14.51,Low,43.39,F
5807,16,Male,4.46,1.56,4.06,96.6,FPS,2.05,8.34,264.02,11.32,Medium,34.83,F
5808,19,Female,1.79,6.52,8.85,65.72,RPG,0.86,7.48,290.08,3.8,Medium,95.74,A
5809,20,Female,7.54,5.03,6.66,62.95,RPG,3.05,13.44,231.17,18.35,Low,37.62,F
5810,22,Male,5.57,6.45,7.87,97.39,FPS,0.22,10.33,248.11,13.73,Low,63.22,D
5811,20,Male,1.89,5.92,5.29,64.69,Casual,1.94,4.68,298.94,6.27,Medium,72.82,C-
5812,16,Female,2.58,8.19,7.73,70.01,Casual,4.47,4.3,282.94,5.69,Medium,90.54,A-
5813,22,Male,7.38,7.76,6.84,97.18,RPG,2.1,12.48,224.87,16.23,Low,72.80354153520898,C-
5814,23,Male,7.1,7.94,6.12,92.12,RPG,2.21,8.83,229.35,17.07,Low,69.59218912736844,D+
5815,22,Male,3.24,5.49,8.85,73.71,RPG,0.34,4.97,293.81,4.91,Medium,76.76,C
5816,19,Female,0.31,4.18,6.47,98.18,RPG,3.03,5.91,302.51,0.67,Medium,80.29,B-
5817,23,Female,0.39,9.4,7.29,82.72,Casual,4.68,4.19,333.05,0.2,Medium,100,A
5818,20,Female,2.27,1.49,4.08,62.89,FPS,1.46,4.74,300.44,6.47,Medium,32.72,F
5819,24,Male,5.03,2.37,5.51,88.12,RPG,1.97,10.84,244.01,11.52,Low,40.4,F
5820,20,Female,4.67,4.78,8.44,81.49,FPS,2.94,9.21,258.18,11.39,Medium,55.98,F
5821,16,Female,5.07,6.53,7.79,82.9,RPG,0.47,8.74,242.93,14.75,Low,73.6,C
5822,24,Male,5.74,1.07,6.68,99.76,RPG,4.75,8.39,257.59,10.45,Low,42.63,F
5823,20,Female,0.15,7.47,8.5,66.1,FPS,2.34,4.53,330.97,-0.91,Medium,96.8,A
5824,21,Female,0.84,6.03,6.43,86.27,FPS,0.58,5.49,312.21,5.66,Medium,96.55,A
5825,19,Female,2.88,5.36,6.83,78.35,FPS,1.68,7.44,297.63,6.37,Medium,85.80535502791653,B
5826,21,Male,1.24,4.81,5.91,70.88,FPS,1.87,3.22,306.96,1.13,Medium,83.29,B
5827,23,Male,0.6,5.68,7.1,87.74,RPG,1.73,5.09,322.51,3.23,Medium,89.8,B+
5828,18,Male,5.13,2.46,5.6,86.73,Casual,3.47,9.04,261.36,11.83,Low,42.7,F
5829,20,Male,6.52,1.98,5.93,94.26,FPS,1.73,11.77,241.9,13.93,Low,31.3,F
5830,17,Female,6.02,3.61,8.83,95.15,FPS,1.62,10.14,255.5,15.22,Low,48.15,F
5831,17,Male,6.54,7.39,4.56,82.47,RPG,1.61,8.27,239.96,12.39,High,56.430508115711554,F
5832,22,Female,5.33,6.29,4.53,73.02,FPS,3.89,7.92,270.61,10.31,Low,59.52130449013119,F
5833,21,Male,5.88,5.32,4.22,81.18,FPS,1.54,10.6,246.29,10.39,Low,41.62,F
5834,19,Male,2.17,6.14,5.6,74.37,RPG,0.07,6.87,299.63,1.78,Medium,72.3,C-
5835,20,Female,7.94,6.03,5.99,71.09,Casual,1.83,10.05,217.65,17.41,Low,30.4,F
5836,16,Male,1.47,3.76,4.47,82.06,Casual,1.39,4.24,286.63,1.68,Medium,72.04,C-
5837,22,Female,1.72,1.88,6.75,86.32,FPS,4.55,2.8,302.94,3.67,Medium,59.51,F
5838,23,Male,2.31,9.07,6.92,83.62,FPS,2.39,4.97,274.24,9.81,Medium,94.68,A
5839,24,Male,7.8,6.4,7.76,98.18,RPG,1.17,8.93,247.89,17.1,Low,55.52,F
5840,23,Female,7.91,7.28,8.88,71.95,FPS,4.91,13.27,221.54,18.56,Low,73.73156074154983,C
5841,20,Female,6.36,5.18,7.1,74.89,Casual,1.23,10.69,242.9,15.73,Low,54.11,F
5842,18,Male,5.03,7.81,4.56,86.71,RPG,3.82,10.88,256.54,17.3,High,78.76907645800448,C+
5843,24,Male,4.16,6.26,4.44,84.01,FPS,3.25,9.62,271.49,7.28,Medium,62.49,D-
5844,21,Female,7.76,1.48,7.89,60.07,FPS,2.31,11.78,230.28,17.26,Low,23.43,F
5845,20,Other,5.56,9.01,7.25,72.49,Casual,2.03,9.07,244.88,15.82,Low,98.94867307594252,A
5846,18,Female,7.56,3.75,4.81,70.15,RPG,4.36,12.98,203.74,18.45,Low,25.6,F
5847,21,Male,2.53,2.24,5.27,93.6,Casual,2.38,5.02,278.63,8.71,Medium,62.974673628176824,D-
5848,18,Other,2.67,1.79,7.75,94.65,RPG,1.88,4.79,283.11,5.15,Medium,61.91,D-
5849,21,Male,6.84,7.48,6.83,71.36,RPG,1.77,9.89,240.72,12.7,Low,81.6171459744261,B-
5850,19,Male,1.2,7.34,6.93,64.08,FPS,1.38,2.47,307.44,6.86,Medium,100,A
5851,17,Female,7.57,7.3,5.05,68.21,Casual,2.04,10.08,236.69,16.55,High,51.06587209809374,F
5852,23,Male,4.06,9.24,7.15,67.06,Casual,0.6,5.48,254.85,10.48,Medium,91.41,A-
5853,19,Male,7.41,4.14,7.85,69.5,FPS,0.33,8.67,222.15,17.23,Low,35.5,F
5854,24,Male,2.69,6.05,8.43,69.39,FPS,2.71,6.45,283.31,9.82,Medium,73.99,C
5855,22,Male,5.73,6.58,7.68,79.19,RPG,2.27,10.27,266.48,14.32,Low,69.65609766531587,D+
5856,17,Female,3.86,9.82,6.88,72.79,RPG,0.87,7.54,300.89,10.24,Medium,90.81,A-
5857,19,Female,5.01,3.81,7.37,82.39,RPG,0.53,6.36,246.4,11.69,Low,52,F
5858,20,Male,4.03,9.61,6.43,73.77,RPG,0.72,7,282.56,8.26,Medium,85.72,B
5859,18,Female,7.74,2.34,5.13,92.59,Casual,1.58,9.29,227.99,18.36,Low,15.88,F
5860,24,Female,5.54,7.88,8.41,98.03,RPG,2.26,9.79,259.08,12.06,Low,99.2177311783759,A
5861,20,Female,2.01,6.7,6.66,76.16,RPG,0.97,7.14,282.64,8.8,Medium,93.15,A
5862,17,Male,7.28,8.35,6.97,61.98,FPS,3.78,8.86,246.19,16.94,Low,74.22705098409996,C
5863,18,Other,2.35,1.26,8.95,69.58,FPS,0.97,3.68,269.59,0.95,Medium,46.24,F
5864,24,Female,2.97,1.7,8.93,64.07,RPG,0.62,6,271.21,9.07,Medium,60.29,D-
5865,22,Male,0.82,1.63,6.93,73.79,Casual,4.97,3.34,307.46,3.37,Medium,61.83,D-
5866,17,Male,7.2,6.34,4.17,85.8,Casual,2.24,9.5,227.67,18.22,Low,50.00946108116205,F
5867,24,Male,2.29,6.43,5.98,80.76,Casual,0.85,4.35,292.78,9.08,Medium,77.31,C+
5868,19,Female,2.07,9.15,8.69,69.72,RPG,4.47,4.65,288.31,5.65,Medium,100,A
5869,24,Male,7.36,5.21,5.44,90.69,FPS,1.16,13.19,228.11,18.35,Low,45.24,F
5870,17,Female,6.44,1.61,9,65.26,RPG,4.63,11.73,240.88,12.96,Low,34.48,F
5871,19,Male,1.13,2.89,4.42,69.13,FPS,0.59,5.14,304.21,3.93,Medium,73.89746221724384,C
5872,20,Female,6.15,1.07,6.84,87.04,RPG,4.21,11.15,247.69,18.11,Low,33.46,F
5873,17,Male,7.3,7.99,6.58,67.89,FPS,0.92,8.37,241.36,15.14,Low,67.91230770671777,D+
5874,16,Female,0.63,8.34,5.28,87.15,FPS,4.69,2.19,304.9,3.89,High,99.47,A
5875,22,Female,6.6,9.98,8.74,99.08,RPG,2.87,9.06,254.28,14.39,Low,92.72759157675078,A-
5876,16,Male,4.38,4.71,7.1,93.25,FPS,0.95,8.6,267.93,10.64,Medium,58.3,F
5877,23,Male,5.35,1.17,5.15,66.4,RPG,4.22,10.77,268.41,14.56,Low,26.02,F
5878,18,Male,3.94,3.11,5.92,80.82,RPG,1.95,6.1,269.29,3.14,Medium,53.95,F
5879,21,Female,5.58,6.29,7.61,76.89,Casual,3.66,7.28,244.38,12.75,Low,68.0536360767039,D+
5880,22,Female,0.27,9.66,5.49,99.67,FPS,3.22,5.51,317.56,-1.34,High,100,A
5881,16,Male,6.1,1.93,8.4,98.58,FPS,3.57,9.15,272.44,13.56,Low,48.38220621802011,F
5882,21,Male,0.27,2.09,4.83,65.08,Casual,1.72,4.77,303.11,1.12,Medium,57.51882163041287,F
5883,22,Male,3.64,7.32,5.32,96.35,FPS,4.69,7.38,283.09,6.84,High,73.05,C
5884,21,Female,1.21,7,4.72,67.74,Casual,2.8,3.09,307.25,6.32,Medium,83.76,B
5885,19,Female,6.59,3.25,4.52,72.78,FPS,0.39,11.09,244.96,17.67,Low,23,F
5886,16,Female,2.51,8.32,5.5,74.14,RPG,0.33,5.61,277.82,5.86,High,88.1,B+
5887,24,Male,3.63,2.16,9,71.47,FPS,3.69,6.07,281.01,13.24,Medium,47.8,F
5888,19,Male,3.43,9.33,4.47,94.13,RPG,4.25,8.94,281.79,11.6,High,92.4,A-
5889,22,Other,6.18,2.81,5.07,73.2,Casual,3.48,7.21,231,12.56,Low,25.8,F
5890,22,Male,3.85,1.73,5.36,92.67,RPG,1.39,6.87,275.11,5.43,Medium,39.18,F
5891,17,Female,6.31,4.06,7.1,99.78,RPG,1.13,8.81,241.85,13.67,Low,48.79,F
5892,16,Male,0.59,2.69,7.73,93.63,FPS,2.83,1.86,309.38,0.55,Medium,66.25,D
5893,23,Male,1.53,5.74,7.76,73.85,Casual,0.98,2.93,301.18,2.84,Medium,87.4,B+
5894,23,Female,4.41,7.18,4.04,88.45,RPG,1.9,6.27,277.96,10.58,High,67.87,D+
5895,22,Other,7.58,5.42,7.26,81.36,FPS,3.14,11.1,233.62,15.66,Low,44.59,F
5896,23,Other,0.6,6.95,7.15,91.46,FPS,1.42,3.01,302.37,5.05,Medium,100,A
5897,18,Male,0.34,4.28,6.59,66.12,FPS,1.88,5.53,320.89,2.21,Medium,68.64,D+
5898,17,Male,1.25,1.25,5.9,85.53,FPS,1.8,3.45,304.56,1.56,Medium,62.86,D-
5899,22,Female,5.13,9.77,7.99,90.95,Casual,2.3,9.73,252.28,13.86,Low,100,A
5900,23,Female,3.19,8.37,5.72,90.45,FPS,3.37,5.24,269.32,7.35,High,92.92,A-
5901,16,Female,6.6,1.66,5.15,98.54,FPS,3.91,7.81,248.87,15.52,Low,34.51,F
5902,24,Male,0.58,5.04,5.55,62.34,RPG,3.33,2.9,307.34,2.66,Medium,62.5,D-
5903,19,Female,1.57,6.72,6.2,73.83,RPG,0.13,6.76,310.24,2.96,Medium,86.42,B
5904,19,Female,2.4,2.72,5.07,79.06,FPS,4.48,3.81,280.43,6.11,Medium,49.07,F
5905,18,Female,5.01,6.2,7.04,72.39,FPS,2.91,7.73,279.83,9.56,Low,75.34,C
5906,21,Female,5.48,5.8,8.42,72.39,FPS,4.6,6.52,280.58,11.77,Low,67.53,D+
5907,16,Male,0.99,2.87,6.98,67.05,RPG,4.82,5.14,313.54,2.86,Medium,64.72,D
5908,21,Other,7.55,2.27,6.23,92.52,FPS,2.34,13.26,242.36,17.54,Low,30.79,F
5909,17,Female,2.73,7.83,7.98,96.32,Casual,4.58,5.65,282.71,7.01,Medium,98.84,A
5910,24,Female,5.71,3.9,7.74,63.29,RPG,1.83,9.59,245.96,14.83,Low,48.39,F
5911,17,Female,4.19,3.2,5.84,66.2,RPG,1.3,7.45,281.66,8.91,Medium,42.99,F
5912,22,Female,1.78,7.64,7.02,69.14,Casual,0.37,7.65,300.15,0.92,Medium,88.09,B+
5913,16,Female,6.77,7.62,7.65,80.36,RPG,2.26,11.45,225.04,13.97,Low,75.17366580523407,C
5914,22,Male,6.55,3.49,5.23,91.65,RPG,3.44,7.77,242.17,13.98,Low,31.03,F
5915,20,Male,3.17,8.85,5.83,62.86,FPS,4.88,4.71,269.74,9.47,High,97.2093253150383,A
5916,23,Male,4.71,7.19,4.53,85.47,Casual,2.61,8.06,261.63,11.69,High,71.88,C-
5917,19,Male,2.06,4.11,8.94,65.97,FPS,3.67,6.22,305.77,8.19,Medium,63.08,D
5918,22,Male,5.52,4.85,4.43,98.86,RPG,4.48,7.97,268.35,12.58,Low,61.69513525588835,D-
5919,21,Male,2.47,7.54,4.84,95.95,RPG,2.72,6.84,293.12,7.56,High,95.29891671278556,A
5920,20,Male,6.75,2.9,6.4,97.98,RPG,0.83,10.63,252.38,14.96,Low,32.47,F
5921,19,Male,1.74,5.22,8.33,64.25,Casual,4.24,4.92,294.52,7.17,Medium,75.63,C
5922,22,Male,0.12,6.88,5.78,79.52,RPG,2.87,4.03,335.57,5.49,Medium,87.82,B+
5923,20,Male,2.15,5.86,7.84,66.61,FPS,3.79,7.73,286.97,5.16,Medium,79.31,C+
5924,20,Female,1.53,6.47,7.38,84.01,RPG,3.29,3.75,293.55,4.62,Medium,100,A
5925,16,Female,4.07,5.92,7.19,69.31,Casual,0.31,9.03,266.55,8.24,Medium,68.97,D+
5926,17,Male,1.63,2.79,8.23,90.83,RPG,0.85,2.69,292.97,7.13,Medium,72.31,C-
5927,20,Female,6.11,4.69,4.07,85.76,FPS,1.43,7.53,251.85,13.27,Low,32.17,F
5928,18,Female,1.93,5.79,8.65,82.86,Casual,1.42,7.68,309.36,6.7,Medium,94.57,A
5929,17,Male,5.66,8.02,8.15,93.01,FPS,4.2,10.15,252.24,11.29,Low,94.88876199950568,A
5930,19,Female,4.63,6.89,8.69,80.01,Casual,2.99,8.8,267.55,10.89,Medium,86.78,B
5931,19,Female,7.89,4.84,7.97,70.79,FPS,0.42,10.56,211.5,16.96,Low,35.37,F
5932,19,Female,8,9.77,8.39,84.83,Casual,1.94,9.92,224.96,14.81,Low,81.3164115421336,B-
5933,19,Male,6.96,1.97,5.02,98.28,FPS,2.78,9.86,254.19,15.67,Low,24,F
5934,18,Female,6.08,2.86,5.6,84.05,Casual,1.26,10.07,261.17,12.44,Low,21.28,F
5935,22,Male,3.09,4.07,5.58,85.18,Casual,0.2,7.26,271.97,9.13,Medium,65.01,D
5936,24,Female,6.03,3.06,4.55,97.39,RPG,1.9,7.88,243.26,11.01,Low,34.03,F
5937,20,Other,7.65,6.63,7.65,80.61,Casual,2.31,10.88,262.27,17.23,Low,62.33484517656221,D-
5938,19,Female,0.19,1.36,4.68,99.85,RPG,4.52,4.02,321.9,1.91,Medium,57.52,F
5939,17,Female,4.3,2.6,4.26,66.39,FPS,4.54,10.1,283.55,12.1,Medium,29.78,F
5940,17,Male,1.74,3.64,7.88,81.48,FPS,2.5,5.49,315.06,5.69,Medium,77.34,C+
5941,20,Other,4.46,7.15,8.52,68.52,RPG,2.36,8.36,255.32,11.06,Medium,78.54,C+
5942,22,Female,3.73,8.88,7.82,78.13,RPG,3.2,8.56,282.48,8.4,Medium,100,A
5943,24,Male,4.61,8.19,8.13,66.82,FPS,1.29,7.7,266.55,11.87,Medium,84.47,B
5944,22,Female,4.41,2.64,6.98,68.9,FPS,1.43,7.33,284.5,10.85,Medium,46.06,F
5945,20,Male,7.68,6.09,8.44,68.43,RPG,0.01,11.63,247.46,18.61,Low,56.99,F
5946,21,Male,4.42,1.27,6.48,72.8,Casual,0.39,9.34,258.64,11.25,Medium,48.635738801231106,F
5947,18,Female,6.77,3.79,8.94,65.38,Casual,0.89,10.96,273.18,15.28,Low,47.86,F
5948,20,Male,2.56,8.25,4.52,92.37,FPS,3.2,4.49,290.97,4.06,High,91.22,A-
5949,23,Female,3.5,5.11,8.05,68.83,Casual,1.06,6.49,284.32,7.17,Medium,70.8,C-
5950,16,Male,3.76,2.35,7.21,76.66,Casual,0.62,7.32,248.36,8.35,Medium,55.02,F
5951,16,Male,2.23,4.95,6.9,60.64,FPS,3.08,5.85,303.32,8.19,Medium,75.08,C
5952,22,Other,3.04,2.78,7.63,64.2,RPG,3.26,5.74,261.98,4.94,Medium,56.49,F
5953,20,Male,4.79,4.54,8.2,95.85,RPG,0.3,8.4,261.08,8.71,Medium,73.08,C
5954,20,Female,4.64,5.39,8.31,93.49,RPG,3.86,9,258.79,11.32,Medium,67.13,D+
5955,16,Female,5.09,4.15,4.88,93.64,RPG,3.03,8.43,263.58,10.32,Low,55.04,F
5956,24,Female,2.81,9.43,4.99,76.45,RPG,1.99,6.07,288.07,6.49,High,86.2,B
5957,16,Female,2.53,6.06,4.08,65.66,FPS,4.92,7.54,295.51,6.69,Medium,57.81,F
5958,20,Female,4.89,8.59,4.66,64.32,FPS,0.05,9.67,273.78,10.91,High,66.45,D
5959,24,Male,1.06,7.85,5.32,84.22,FPS,2.72,4.17,297.24,2.15,High,97.5,A
5960,19,Female,2.02,6.95,7.61,93.13,Casual,0.8,8,293.72,5.17,Medium,96.01,A
5961,23,Male,0.34,5.47,6.38,96,FPS,1.65,1.67,307.47,0.61,Medium,93.2,A
5962,21,Female,0.58,1.02,7.79,71.55,Casual,0.67,3.21,303.83,-0.45,Medium,55.08,F
5963,18,Female,1.95,6.52,6.43,72.84,RPG,3.34,3.13,315.93,5.7,Medium,94.47,A
5964,19,Female,0.16,4.2,6.78,64.04,RPG,2.01,5.36,305.39,1.15,Medium,79.63,C+
5965,17,Female,1.96,2.06,4.56,90.98,Casual,4.93,6.74,288.26,7.22,Medium,58.53,F
5966,16,Female,5.24,5,7.88,71.03,FPS,3.27,9.66,279.06,11.37,Low,54.7,F
5967,23,Female,0.49,7.62,7.79,79.24,FPS,4.59,2.56,312.85,4.09,Medium,100,A
5968,16,Female,3.49,9.66,5.54,97.16,Casual,1.2,8.03,277.48,9.33,High,100,A
5969,16,Male,7.3,4.37,5.64,90.09,RPG,1.59,10.08,236.41,13.84,Low,45.951025318440784,F
5970,19,Male,6.33,5.88,5.1,62.11,FPS,1.81,11.67,231.99,20.33,Low,35.65,F
5971,21,Female,2.44,8.66,8.07,60.33,FPS,4.19,4.44,281.5,5.04,Medium,97.82,A
5972,24,Female,7.4,4.01,7.74,91.5,Casual,1.06,9.49,225.03,14.73,Low,39.26,F
5973,16,Male,2.64,2.28,7.05,82.1,RPG,4.73,8.44,298.74,7.2,Medium,62.3,D-
5974,22,Male,0.58,3.54,5.19,88.81,FPS,0.22,4.17,319.76,3.75,Medium,68.91,D+
5975,20,Male,7.95,9.09,4.86,66.27,Casual,4.45,11.18,218.3,14.61,High,49.10076783526781,F
5976,23,Other,6.96,2.43,4.25,94.88,RPG,2.26,9.72,235.14,15.57,Low,17.42,F
5977,22,Female,3.73,3.96,4.23,90.93,Casual,2.63,8.89,283.03,6.67,Medium,49.74,F
5978,19,Male,5.33,5.18,4.94,95.63,FPS,4.99,8.09,232.19,11.89,Low,63.12,D
5979,19,Male,5.37,8.62,4.5,73.64,RPG,4.35,8.15,258.58,14.38,High,75.8507557641847,C
5980,21,Male,1.56,9.44,6.78,71.03,FPS,4.52,3.18,308.86,2.82,Medium,94.8,A
5981,21,Male,1.6,4.83,5.79,66.07,RPG,2.93,5.2,291.62,6.78,Medium,71.91,C-
5982,24,Male,3.76,9.39,6.22,97.2,FPS,4.78,9.38,281.38,6.99,Medium,94.49,A
5983,20,Female,7.29,2.45,6.97,67.07,FPS,3.44,13.08,232.67,16.23,Low,31.28,F
5984,23,Other,0.08,2.41,7.3,64.77,FPS,4.1,6.06,337.15,0.7,Medium,70.62,C-
5985,20,Male,6.26,9.54,7.24,67.71,FPS,3.6,9.63,239.65,18.02,Low,81.2860491740655,B-
5986,17,Male,0.46,5.59,5.3,90.86,Casual,3.9,5.33,320.39,2.54,Medium,83.34,B
5987,21,Male,3.83,2.67,8.05,95.58,FPS,3.19,7.59,259.34,8.24,Medium,73.69794160178546,C
5988,24,Male,5.1,5.39,8.59,92.44,RPG,3.63,8.84,259.55,11.55,Low,70.79,C-
5989,18,Male,5.49,8.05,5.58,82.53,RPG,2.18,10.52,262.27,13.51,High,77.6381595692176,C+
5990,16,Male,0.47,8.44,4.09,99.76,RPG,3.53,5.65,309.11,2.79,High,100,A
5991,16,Male,3.35,8.78,8.5,62.75,Casual,1.38,4.45,291,4.87,Medium,94.71,A
5992,18,Female,4.67,6.13,8.62,94.69,Casual,3.17,10.38,273.16,14.89,Medium,82.84,B-
5993,20,Female,0.53,8.8,4.25,77.11,Casual,2.62,5.64,315.08,5.79,High,99.2,A
5994,18,Female,1.08,5.59,4.02,78.2,Casual,4.49,5.69,304.33,5.13,Medium,73.6,C
5995,24,Male,5.31,6.46,8.08,65.1,Casual,3.37,10.57,225.44,13.81,Low,70.12,C-
5996,23,Female,4.17,7.83,5.51,61.34,RPG,2.98,7.86,263.47,10.62,High,68.17,D+
5997,18,Other,1.29,4.83,8.57,72.67,RPG,1.57,6.16,315.53,4.1,Medium,92.5,A-
5998,24,Male,4.28,1.66,5.08,66.99,RPG,4.31,8.27,265.91,9.42,Medium,29.56,F
5999,21,Male,7.3,4.15,8.31,79.33,FPS,0.27,11.01,236.92,19.64,Low,44.66,F
6000,22,Female,0.12,6.62,4.34,65.89,FPS,4.5,2.18,313.92,2.52,Medium,75.62,C
6001,19,Male,5.14,2.73,5.3,65.52,FPS,3.26,10.38,244.05,10.24,Low,36.86,F
6002,19,Male,0.59,2.34,8.87,95.08,FPS,0.95,6.01,320.4,2.99,Medium,72.91,C-
6003,17,Female,0.05,3.64,5.16,96.85,RPG,4.51,5.91,307.12,4.01,Medium,70.12,C-
6004,20,Female,1.21,1.29,4.67,98.57,FPS,1.63,2.81,302.86,3.96,Medium,58.07,F
6005,23,Male,3.38,7.69,8.29,87.22,RPG,0.84,5.84,283.08,9.05,Medium,87.67,B+
6006,22,Female,6.42,3.33,4.59,90.84,Casual,1.6,10.85,236.18,12.08,Low,30.02,F
6007,22,Female,2.25,2.12,4.49,93.43,RPG,4.81,7.53,308.7,7.78,Medium,43.76,F
6008,21,Male,5.01,7.29,5.62,86.36,FPS,3.76,9.77,279.6,14.63,High,80.64374838057235,B-
6009,18,Female,3.29,8.59,7.18,73.21,FPS,4.58,6.57,272.42,5.21,Medium,94.26,A
6010,20,Male,1.87,1.18,7.55,66.26,Casual,1.49,6.5,289.86,9.53,Medium,50.09,F
6011,16,Male,4.11,3.1,8.41,69.49,Casual,0.41,5.47,266.29,9.56,Medium,50.57,F
6012,22,Female,6.38,9.51,6.7,93.62,Casual,2.81,10.69,254.97,15.13,Low,82.33889102711827,B-
6013,24,Male,6.66,4.47,5.97,87.84,FPS,2.42,7.7,244.94,11.94,Low,36.31,F
6014,16,Male,6.77,9.45,5.79,78.23,FPS,3.6,8.01,246.27,12.89,High,80.23293672767447,B-
6015,17,Male,2.71,3.47,8.23,61.18,Casual,2.71,7.5,300.63,7.06,Medium,59.71,F
6016,18,Female,6.35,2.96,7.62,70.65,FPS,1.98,9.74,234.74,11.54,Low,44.510472795178806,F
6017,18,Female,1.7,2.93,8.53,89.16,FPS,0.02,3,304.63,3.42,Medium,75.28,C
6018,23,Male,5.91,1.77,8.82,80.5,FPS,2.34,9.32,249.59,11.74,Low,39.61,F
6019,22,Female,7.59,9.07,5.5,77.42,Casual,0.6,8.9,233.22,17.2,High,74.5440163191856,C
6020,21,Male,0.11,9.82,6.65,72.55,RPG,4.61,2.84,330.17,-4.51,Medium,100,A
6021,19,Female,3.52,9.59,7.16,84.28,Casual,4.61,5.31,276.24,7.44,Medium,95.45,A
6022,24,Male,5.18,8.67,4.82,98.66,FPS,4.02,7.28,250.87,9.47,High,87.11075186183972,B+
6023,16,Female,5.61,8.62,4.27,96.04,Casual,0.79,7.59,242.17,12.22,High,79.06147558487677,C+
6024,17,Other,1.41,6.95,8.34,61.22,FPS,0.74,4.27,320.62,8.96,Medium,96.02,A
6025,19,Female,7.78,8.44,6.68,79.24,FPS,2.82,9.32,226.22,19.68,Low,78.03631269156634,C+
6026,18,Male,4.92,2.88,6.85,73.18,RPG,3.64,8.56,247.28,10.67,Medium,37.27,F
6027,16,Female,1.31,4.49,6.77,80.42,RPG,4.52,4.35,318.11,3.77,Medium,93.92673819838988,A
6028,20,Male,0.16,6.77,7.77,84.25,RPG,4.47,5.36,300.98,1.24,Medium,100,A
6029,22,Female,6.27,8.87,4.73,68,Casual,0.78,11.4,229.26,14.8,High,78.29973687729029,C+
6030,17,Male,0.64,6.94,7.07,91.26,FPS,4.98,5.76,309.16,5.31,Medium,97.96,A
6031,20,Male,1.13,8.55,6.35,79,FPS,0.78,4.48,300.97,1.31,Medium,100,A
6032,21,Male,4.6,5.27,8.48,99.68,RPG,4.2,7.05,267.92,13.56,Medium,80.82,B-
6033,22,Male,4.83,7.46,6.6,61.01,Casual,2.93,7.91,242.78,13.03,Medium,74.38,C
6034,16,Female,5.5,9.82,8.71,67.59,Casual,3.39,9.94,257.26,14.96,Low,97.2691821766491,A
6035,22,Female,3.15,2.38,5.77,87.59,RPG,3.02,6.8,294.98,8.89,Medium,61.39,D-
6036,19,Female,6.19,9.34,8.83,87.81,Casual,4.35,10.31,235.9,12.63,Low,90.97998742313231,A-
6037,23,Female,7.79,5.7,8.38,83.29,FPS,3.19,12.26,222.74,19.84,Low,51.04,F
6038,19,Female,2.17,6.79,6.92,98.88,FPS,4.24,7.76,285.94,6.5,Medium,96.01,A
6039,21,Male,5.62,8.9,5.77,76.61,RPG,0.77,11.34,255.76,10.72,High,94.08490032596733,A
6040,24,Male,7.43,4.69,5.88,76.68,Casual,4.33,12.63,220.09,17.62,Low,39.63,F
6041,20,Male,5.49,4.77,7.86,96.42,RPG,4.96,6.82,242.11,9.33,Low,60.63,D-
6042,19,Male,5.45,5.74,6.9,81.54,RPG,3.31,11.35,253.09,12.64,Low,62.4,D-
6043,23,Male,1.79,1.17,6.01,74.15,RPG,4.88,6.31,301.89,7.25,Medium,46.78,F
6044,24,Male,4.28,5.47,7.18,88.76,RPG,1.1,8.75,270.14,10.56,Medium,86.62269469362559,B
6045,19,Male,4.5,3.62,7.67,84.79,Casual,4.15,5.62,261.6,9.49,Medium,43.11,F
6046,18,Male,5.6,9.35,4.11,72.26,RPG,0.85,9,259.48,15.24,High,72.48166819678505,C-
6047,23,Female,7.97,1.79,4.45,71.92,FPS,2.58,12.1,226.66,13.49,Low,16.09,F
6048,20,Male,0.27,5.13,4.47,75.82,Casual,3.32,2.66,305.07,3.98,Medium,74.92,C
6049,17,Female,0.52,9.53,5.16,62.86,RPG,3.3,1.94,287,2.04,High,98.38,A
6050,24,Female,0.62,9.11,6.13,97.7,Casual,3.35,4.28,317.78,2.93,Medium,100,A
6051,18,Female,5.94,7.31,8.02,67.32,Casual,1.6,9.17,246.15,13.42,Low,88.56823475015948,B+
6052,17,Male,1.09,6.3,5.76,67.75,FPS,4.87,2.31,295.82,4.07,Medium,79.32,C+
6053,16,Male,4.98,3.53,4.09,85.88,RPG,0.03,8.58,276.49,13.81,Medium,36.55,F
6054,23,Male,2.6,4.3,6.42,88.97,RPG,3.1,4.14,304.95,5.5,Medium,76.43,C
6055,18,Male,3.66,1.81,8.98,89.47,FPS,4.33,6.78,288.82,8.61,Medium,54.88,F
6056,22,Male,1.73,8.07,5.75,75,Casual,4.46,4.08,301.5,5.85,High,87.05,B+
6057,16,Female,6.93,3.91,8.81,94.93,RPG,3.6,12.78,205.2,12.59,Low,45.87,F
6058,16,Female,4.69,7.01,4.51,81.76,Casual,2.87,5.86,275.47,9.77,High,65.26,D
6059,24,Female,7.56,4.22,4.87,77.54,Casual,2.29,11.36,220.07,18.02,Low,29.241658956380753,F
6060,23,Male,4.6,5.18,7.62,92.42,FPS,2.25,6.36,259.21,9.09,Medium,78.64,C+
6061,18,Male,0.99,6,6.51,69.74,Casual,2.13,3.59,317.11,1.68,Medium,81.16,B-
6062,21,Female,1.37,8.22,7.83,94.41,Casual,3.5,3.29,323.88,3.4,Medium,100,A
6063,18,Male,7.91,2.9,8.32,81.55,Casual,3.66,13.89,240.49,17.64,Low,21.31,F
6064,19,Female,5.8,4.59,5.26,96,RPG,2.57,6.96,252.13,11.69,Low,53.95,F
6065,16,Female,0.39,2.17,7.41,68.06,RPG,3.7,4.1,322.71,1.69,Medium,64.09,D
6066,20,Male,5.63,1.68,7.04,97.44,FPS,2.64,9.67,241.38,16.4,Low,43.8,F
6067,16,Male,3.3,6.44,8.31,87.52,Casual,0.49,8.16,264.17,6.75,Medium,84.01,B
6068,16,Male,2.46,2.7,6.15,84.73,RPG,4.26,6.59,301.28,8.65,Medium,59.27,F
6069,22,Male,1.23,1.54,4.26,76.88,RPG,4.35,3.39,308.47,2.37,Medium,64.5449510737004,D
6070,21,Male,6.72,9.07,6.87,98.25,FPS,1.33,10.71,224.88,16.09,Low,82.29933696531636,B-
6071,17,Male,0.51,5.81,8.79,77.76,RPG,3.93,6.38,313.4,5.25,Medium,95.00230930140944,A
6072,17,Male,2.32,2.21,4.07,79.94,FPS,2.56,7.56,298.33,10.32,Medium,50.07,F
6073,22,Female,2.45,1.48,5.2,91.26,Casual,0.62,5.72,299.67,7.32,Medium,47.64,F
6074,16,Female,1.29,2.08,5.58,71.39,Casual,1.99,4.68,310.8,3.48,Medium,63.12,D
6075,17,Male,4.07,5.24,7.83,71.66,FPS,0.38,5.73,267.53,9.1,Medium,67.96,D+
6076,23,Female,0.09,7.02,5.62,91.01,RPG,3.93,3.94,310.44,5.94,High,96.16,A
6077,21,Female,2.41,6.77,5.2,65.14,RPG,0.98,4.81,292.25,6.35,Medium,76.01,C
6078,17,Female,7.47,2.3,7.24,92.92,Casual,0.82,9.01,238.38,13.09,Low,36.29,F
6079,22,Female,2.48,6.7,4.23,85.01,Casual,1.04,5.85,299.29,5.88,Medium,79.62,C+
6080,19,Male,2.88,4.64,4.85,81.56,Casual,1.13,4.11,301.24,5.56,Medium,55.41,F
6081,17,Male,3.79,5.18,6.04,69.16,FPS,3.37,5.39,274.87,9.84,Medium,51.86,F
6082,21,Female,4.49,8.21,5.78,91.45,FPS,3.19,6.59,255.02,7.59,High,80.4,B-
6083,24,Female,6.47,3.99,5.74,92.2,RPG,0.65,12.42,253.22,14.9,Low,53.28105462541103,F
6084,24,Female,1.52,2.32,4.54,79.32,Casual,3.62,6.56,302.59,5.99,Medium,53.5,F
6085,23,Other,6.97,8.86,5.8,75.57,FPS,1.75,10.68,223.53,15.23,High,73.32025889415087,C
6086,18,Female,6.06,2.91,7.99,69.85,FPS,2.29,8.22,253.52,13.38,Low,42.56,F
6087,18,Male,5.78,3.65,6.07,90.17,Casual,0.62,9.37,264.76,13.65,Low,45.07,F
6088,17,Male,0.69,7.36,6.93,85.58,Casual,3.54,4.93,315.55,3.93,Medium,93.23,A
6089,20,Male,0.17,7.15,4.82,68.27,FPS,1.88,1.19,332.2,-1,High,77.42,C+
6090,19,Female,4.75,8.2,4.35,91.78,Casual,3.16,10.69,258.15,14.07,High,85.83,B
6091,22,Female,6.91,2.65,8.4,95.29,FPS,2.14,11.04,229.8,14.81,Low,31.15,F
6092,19,Female,4.68,4.17,5.66,62.37,FPS,0.24,10.62,272.39,12.31,Medium,39.93,F
6093,24,Female,1.71,2.13,5.75,90.9,FPS,3.52,5.06,295.95,2.67,Medium,76.58,C
6094,17,Female,0.72,5.87,8.39,94.11,Casual,2.76,4.84,323.41,3.58,Medium,90.63,A-
6095,21,Female,5.6,3.63,7.54,99.66,RPG,2.17,8.91,254.51,13.24,Low,52.52,F
6096,22,Female,5.77,7.2,7.78,69.5,FPS,1.01,6.82,262.95,12.14,Low,83.76639063942773,B
6097,19,Male,1.38,1,7.41,74.84,FPS,3.12,6.63,309.75,3.82,Medium,62.26,D-
6098,21,Female,0.23,1.54,4.53,98.65,Casual,1.38,3.48,308.24,4.34,Medium,58.95,F
6099,22,Female,3.27,4.89,8.79,63.76,RPG,2.15,6.62,260.84,9.38,Medium,79.28,C+
6100,19,Male,4.66,9.62,8.55,80.95,Casual,0.28,7.46,271.9,10.44,Medium,91.3,A-
6101,23,Male,5.65,9.02,5.18,80.27,Casual,3.88,8.81,257.85,12.58,High,86.44618757614101,B
6102,24,Female,6.48,9.95,8.02,84.26,FPS,0.45,11.11,232.06,13.8,Low,91.48471461465388,A-
6103,16,Male,4.88,4.75,6.05,73.23,Casual,4.45,9.38,269.43,10.76,Medium,48.71,F
6104,22,Male,0.89,1.42,7.42,97.04,FPS,4.34,5.93,323.23,7.21,Medium,66.15,D
6105,24,Male,5.46,3.75,4.83,70.8,Casual,4.86,11.33,247.41,13.14,Low,45.74080602782107,F
6106,20,Female,7.87,7.08,6.69,85.99,FPS,4.54,10.83,206.22,22.75,Low,65.20994989330777,D
6107,17,Female,7.24,2.22,4.63,79.84,FPS,4.86,9.93,242.83,13.51,Low,22.18,F
6108,21,Male,6.97,3.7,6.68,70.67,RPG,4.44,10.44,249.08,16.41,Low,33.12,F
6109,22,Male,2.42,1.51,5.22,67.55,FPS,0.56,4.19,283.62,6.18,Medium,37.64,F
6110,17,Other,6.01,5.27,6.26,98.26,FPS,2.19,10.8,255.62,14.49,Low,49.75,F
6111,17,Female,6.81,2.88,7.34,82.45,RPG,0.38,10.72,241.6,12.39,Low,39.67264923172958,F
6112,16,Female,5.43,1.82,8.39,84.17,RPG,2.73,7.49,253.74,9.15,Low,37.66,F
6113,19,Male,2,4.7,4.83,91.32,RPG,2.65,7.32,301.81,7.05,Medium,70.71,C-
6114,22,Male,7.63,4.16,8.47,63.25,Casual,4.61,11.73,223.42,15.26,Low,29.75,F
6115,24,Male,3.61,5.84,5.95,88.55,RPG,4.85,4.78,265.67,10.22,Medium,68.41,D+
6116,18,Female,1.04,7.74,8.22,66.61,Casual,1.3,3.02,311.58,2.62,Medium,100,A
6117,22,Male,0.88,2.01,6.56,89.62,FPS,2.91,6.34,312.12,5,Medium,62.92,D-
6118,22,Male,5.18,8.12,8.31,65.65,FPS,2.32,8.09,232.37,11.73,Low,98.17959616190385,A
6119,22,Male,3.5,1.24,7.31,93.3,RPG,2.73,9.42,266.19,9.82,Medium,53.66,F
6120,17,Male,0.76,4.99,6.54,87.24,FPS,2.66,4.41,304.16,6.39,Medium,77.83,C+
6121,21,Female,5.92,6.29,5.56,75.44,FPS,4.57,7.96,254.21,15.03,Low,53.19,F
6122,17,Male,6.39,9.61,8.84,74.35,Casual,4.48,10.36,228.09,15.07,Low,88.92901567090745,B+
6123,21,Female,5.8,6.17,8,65.96,RPG,0.61,7.31,247.2,13.7,Low,59.22,F
6124,18,Female,1.62,2.43,5.91,96.16,FPS,1.73,6.66,319.94,8.11,Medium,61.39,D-
6125,17,Male,5.52,5.66,4.83,64.74,Casual,3.76,9.66,254.43,11.91,Low,49.76,F
6126,21,Female,0.09,4.56,7.9,78.88,FPS,3.42,5.91,320.21,-0.02,Medium,80.4,B-
6127,17,Other,2.44,5.31,8.95,69.46,RPG,3.16,6.89,290.11,8.21,Medium,79.36,C+
6128,20,Other,3.19,2.77,5.39,99.85,FPS,4.97,4.44,291.54,9.5,Medium,54.65,F
6129,17,Male,6.68,5.51,8.58,83.43,FPS,1.68,10.06,240.26,11.62,Low,62.37,D-
6130,18,Male,3.12,2.35,4.63,65.98,FPS,2.58,6.78,280.36,6.86,Medium,36.94,F
6131,18,Male,0.09,7.7,8.76,86.7,Casual,4.9,5.67,320.44,2.49,Medium,100,A
6132,21,Female,2.82,6.35,7.73,99.66,FPS,3.48,5.98,299.42,5.26,Medium,100,A
6133,21,Female,3.99,1.71,5.73,84.2,RPG,3.24,7.96,276.14,9.68,Medium,47.93,F
6134,18,Female,7.59,9.01,5.52,78.3,FPS,0.77,9.52,229.49,13.92,High,73.36123534546846,C
6135,18,Male,7.53,6.55,7.22,71.73,FPS,1.23,9.75,241.42,15.53,Low,59.31,F
6136,16,Male,1.45,3.84,6.97,63.68,RPG,1.89,5.19,297.38,6.17,Medium,66.86,D
6137,22,Female,1.48,1.41,8.59,69.13,RPG,2.32,5.96,270.22,1.06,Medium,54.13,F
6138,23,Female,1.31,6.69,7.83,82.14,Casual,2.49,4.49,308.76,2.11,Medium,100,A
6139,17,Female,6.31,4.36,6.7,90.15,Casual,4.51,9.47,248.64,17,Low,47.54,F
6140,19,Male,0.05,9.17,8.64,95.12,FPS,0.54,2.33,313.18,-0.41,Medium,100,A
6141,22,Male,1.02,1.31,6.96,91.75,FPS,1.24,5.51,305.07,-0.91,Medium,70.45,C-
6142,23,Male,4.3,1.35,8.25,65.02,Casual,0.72,5.33,280.98,9.46,Medium,35.15,F
6143,16,Male,1.98,9.54,8.2,90.94,Casual,3.68,5.54,300.78,5.59,Medium,100,A
6144,19,Male,0.74,9.68,8.6,83.26,RPG,4.85,1.76,325.87,2.29,Medium,100,A
6145,21,Male,2.88,1.25,4.34,78.76,RPG,4.47,6.85,288.13,7.86,Medium,39.99,F
6146,18,Male,2.19,7.44,6.92,82.91,FPS,3.62,3.34,292.18,7.5,Medium,89.83,B+
6147,20,Male,4.09,2.99,6.34,60.32,RPG,0.11,9.79,278,9.62,Medium,48.54,F
6148,24,Male,7.83,7.31,6.45,62.71,FPS,1.74,11.22,229.72,17.17,Low,58.99117082258619,F
6149,18,Female,0.99,8.82,6.3,81.03,Casual,4.32,5.41,312.51,3.32,Medium,90.2,A-
6150,20,Male,2.98,1.91,8.19,66.94,FPS,3.27,8.25,281.94,9.95,Medium,61.89,D-
6151,23,Female,7.46,3.15,5.59,81.82,FPS,1.05,9.64,224.76,17.57,Low,18.94,F
6152,21,Female,7.01,1.22,6.31,74.17,RPG,2.33,10.71,230.54,16.61,Low,20.67,F
6153,19,Female,3.15,1.39,5,96.3,FPS,0.44,8.47,287.4,13.27,Medium,44.4,F
6154,23,Female,5.59,1.27,5.26,97.99,RPG,2.6,9.28,259.41,14.13,Low,37.9,F
6155,18,Male,0.7,8.21,7.3,99.19,Casual,4.51,3.66,285.31,5.39,Medium,100,A
6156,18,Female,5.7,3.68,4.58,95.96,RPG,0.19,8.54,244.27,11.05,Low,44.92,F
6157,19,Female,7.78,5.44,4.94,99.44,Casual,3.07,10.7,210.73,15.62,Low,39.94,F
6158,24,Female,4.3,8.09,6.64,88.25,FPS,1.17,8.38,263.42,14.6,Medium,81.06,B-
6159,20,Male,3.99,5.45,4.22,98.42,FPS,4.95,5.22,266.09,5.89,Medium,58.22,F
6160,23,Male,1.5,4.86,4.63,85.67,Casual,0.33,4.58,303.48,6.08,Medium,67.79,D+
6161,21,Male,5.07,1.1,8.32,92.37,FPS,3.09,8.87,261.02,14.61,Low,41.63,F
6162,18,Female,4.72,6.11,8.23,65.28,Casual,1.28,9.65,284.66,14.26,Medium,73.22,C
6163,23,Female,5.22,2.12,5.74,87.3,RPG,4.41,8.87,261.09,9.07,Low,33.01,F
6164,24,Male,0.21,7.88,5.74,97.24,RPG,0.61,5.84,323.87,2.53,High,100,A
6165,23,Female,4.39,3.32,8.68,81.6,RPG,2.15,7.61,253.1,11.63,Medium,55.59,F
6166,19,Female,4.76,7.07,4.13,67.47,Casual,0.93,9.01,259.53,13.13,High,57.59,F
6167,21,Male,1.66,6.82,6.9,81.08,Casual,4,2.75,289.25,3.85,Medium,95.82,A
6168,16,Female,1.67,6.55,6.99,88.28,FPS,1.76,3.86,305.95,3.04,Medium,99.56,A
6169,19,Female,2.21,3.4,7.94,90.79,RPG,0.93,7.29,294,6.41,Medium,70.99,C-
6170,23,Male,5.69,3.4,8.76,80.95,FPS,3.63,9.62,248.3,12.11,Low,54.99,F
6171,16,Female,4.85,8.77,5.78,68.69,Casual,4.09,10.58,271.36,10.08,High,84.55462707331489,B
6172,18,Male,6.77,1.12,6.19,97.07,FPS,2.31,11.53,236.07,15.32,Low,24.12,F
6173,16,Female,2.37,2.63,7.36,90.94,RPG,1.89,5.62,304.9,10.06,Medium,60.01,D-
6174,24,Female,7.3,6.49,8.84,70.83,FPS,3.16,12.19,245.61,16.49,Low,63.83543599562162,D
6175,17,Female,5.95,8.35,8.45,92.47,FPS,3.26,9.29,242.24,10.54,Low,93.16342600609012,A
6176,24,Male,3.16,4.23,7.34,73.91,Casual,3.3,5.81,293.21,6.93,Medium,64.08,D
6177,19,Male,0.76,6.88,8.28,72.5,FPS,1.38,2,312.01,5.6,Medium,95.4,A
6178,17,Male,2.06,6.01,4.43,94.52,RPG,4.71,7.39,291.34,3.6,Medium,79.08,C+
6179,19,Female,7.65,1.58,5.89,94.93,RPG,1.07,10.74,232.15,16.84,Low,10.8,F
6180,21,Male,2.48,6.6,4.07,75.94,FPS,1.87,6.91,274.37,8.65,Medium,68.12,D+
6181,22,Female,2.64,8.33,4.89,60.36,FPS,1.42,4.41,282.94,3.88,High,74.2,C
6182,18,Male,1.52,9.93,7.15,67.46,Casual,4.66,6.66,305.94,5.99,Medium,100,A
6183,18,Male,6.45,1.27,8.43,96.37,Casual,4.14,11.57,239.66,13.63,Low,39.17983640389682,F
6184,23,Male,2.21,6.94,7.16,95.95,FPS,4.06,5.62,304.26,3.67,Medium,97.99,A
6185,20,Other,2.64,4.73,7.32,78.13,FPS,0.02,7,284.34,8.71,Medium,74.19,C
6186,19,Female,3.31,1.09,4.52,72.16,FPS,3.43,6.92,281.49,12.07,Medium,28.72,F
6187,22,Male,3.47,6.53,7.32,72.11,Casual,1.15,7.23,277.16,8.05,Medium,78.09,C+
6188,22,Male,3.29,2.1,6.27,95.89,RPG,4.84,8.73,265.24,10.46,Medium,56.65,F
6189,24,Female,4.03,4.41,7.26,72.99,FPS,2.65,9.86,275.56,11.94,Medium,59.42,F
6190,24,Male,6.52,3.35,5.63,80.46,FPS,2.82,9.36,244.93,14.81,Low,27.02,F
6191,20,Female,6.55,4.25,6.91,89.24,Casual,1.78,9.21,222.07,13.05,Low,40.94,F
6192,23,Female,6.39,5.43,6.12,68.38,RPG,2.68,8.91,218.62,12.01,Low,37.34,F
6193,16,Female,0.81,4.23,6.79,70.15,Casual,3.75,5.66,305.75,2.45,Medium,82.83,B-
6194,24,Female,6.4,5.97,4.74,74.32,FPS,2.81,11.01,255.51,14.75,Low,36.05,F
6195,23,Female,0.96,3.15,5.98,86.17,Casual,3.21,2.18,335.66,1.69,Medium,60.52,D-
6196,21,Female,1,6.72,5.87,92.7,RPG,2.36,2.44,289.79,0.42,Medium,94.49,A
6197,18,Female,7.58,8.68,7.68,81.87,RPG,3.58,11.81,245.3,16.86,Low,69.4991892402821,D+
6198,18,Female,6.56,3.02,7.53,65.32,RPG,4.5,8.93,252.9,13.03,Low,28.44,F
6199,23,Male,4.42,5.57,8.54,77.85,RPG,0.26,5.88,261.13,10.68,Medium,72.92,C-
6200,20,Male,7,6.84,7.16,65.11,RPG,0.54,10.07,254.83,14.75,Low,53.19,F
6201,22,Male,7.91,6.08,5.57,63.53,FPS,3.43,13.3,229.75,20.2,Low,35.37,F
6202,20,Female,4.89,4.29,7.92,83.58,Casual,1.89,7.72,259.05,11.65,Medium,64.44,D
6203,23,Female,4.9,6.78,6.48,98.25,Casual,1.41,9.38,243.4,11.05,Medium,74.18,C
6204,19,Male,6.04,1.25,4.97,93.5,RPG,0.89,11.54,248.54,14.5,Low,22.3,F
6205,17,Male,1.86,4.33,7.74,90.98,FPS,2.86,3.71,298.09,4.37,Medium,86.45,B
6206,18,Male,1.34,5.79,4.66,89.08,FPS,1.74,5.39,326.31,5.04,Medium,88.95,B+
6207,23,Female,6.08,1.19,4.89,95.89,Casual,2.54,11.62,237.58,15.65,Low,28.57,F
6208,22,Female,2.76,5.57,7.79,90.11,Casual,4.79,4.73,278.02,5.6,Medium,78.12,C+
6209,17,Female,1.08,6.89,7.85,85.08,FPS,3.79,7.02,301.93,4.65,Medium,100,A
6210,21,Male,2.52,7.83,7.95,74.59,Casual,3.98,5.35,316.32,6.68,Medium,95.95,A
6211,24,Female,2.87,2.02,5.47,64.04,RPG,0.62,4.96,274.06,0.87,Medium,37.3,F
6212,19,Male,7.72,9.92,8.33,78.44,FPS,1.62,12.91,240.44,19.14,Low,91.99837826342196,A-
6213,24,Female,5.58,6.46,7.61,96.99,RPG,0.53,8.92,237.46,10.92,Low,74.77,C
6214,17,Male,4.25,4.27,8.17,83.32,RPG,4.84,8.6,273.32,10.1,Medium,71.58,C-
6215,17,Female,7.75,3.24,7.54,67.38,FPS,3.41,11.2,227.98,15.87,Low,23.43,F
6216,24,Male,7.23,6.16,6.9,85.96,FPS,0.1,11.45,226.24,18.07,Low,44.18,F
6217,22,Male,4.1,8.94,4.55,78.62,FPS,2.38,5.28,277.98,10.84,High,81.37,B-
6218,22,Other,7.25,5.69,7.55,97.26,Casual,1.32,10,225,15.65,Low,53.23,F
6219,16,Male,3.23,6.95,7.45,66.44,RPG,2.7,7.52,265.09,8.41,Medium,81.02,B-
6220,21,Male,1.84,4.22,5.56,88.48,RPG,0.89,4.59,294.8,4.98,Medium,75.06,C
6221,22,Female,1.86,4.49,7.68,87.26,Casual,0.28,6.74,288.51,6.13,Medium,84.51,B
6222,21,Female,5.3,3.58,6.75,99.34,Casual,1.62,11.1,258.99,15.5,Low,51.81,F
6223,21,Male,4.01,7.35,6.8,82.6,FPS,1.48,5.2,269.02,14.64,Medium,84.55,B
6224,17,Female,5.27,4.23,5.84,94.86,FPS,3.58,10.55,272.4,12.84,Low,48.76,F
6225,21,Female,5.49,2.72,4.58,60.99,FPS,2.37,7.34,250.93,13.04,Low,37.38919785636591,F
6226,19,Male,0.18,4.32,5.08,64.92,Casual,1.46,5.77,320.6,1.46,Medium,67.51,D+
6227,24,Male,0.43,8.68,7.84,73.84,RPG,2.85,6.16,303.22,2.21,Medium,100,A
6228,16,Male,4.26,7.64,5.36,84.77,Casual,0.36,8.11,264.61,8.4,High,85.78022709185892,B
6229,23,Female,1.53,4.01,4.01,77.96,FPS,3.31,4.93,292.52,7.44,Medium,62.38,D-
6230,20,Male,5.06,9.16,8.99,68.11,RPG,0.74,9.85,271.13,13.92,Low,100,A
6231,16,Male,4.42,1.67,5.05,83.57,FPS,1.4,10.01,259.38,10.87,Medium,37.89,F
6232,19,Female,4.69,1.45,7.28,82.67,RPG,1.41,6.85,257.22,10.89,Medium,48.5,F
6233,16,Female,2.42,2.15,8.63,80.98,FPS,2.33,5.33,293.95,7.82,Medium,68.62,D+
6234,21,Male,5.12,2.05,7,63.62,RPG,4.77,8.21,251.42,14.18,Low,43.33,F
6235,17,Female,6.64,1.79,8,97.08,Casual,1.62,11.87,254.42,16.71,Low,38.08,F
6236,20,Male,7.98,6.95,8.88,83.69,Casual,1.41,9.66,243.82,16.98,Low,62.88,D-
6237,22,Male,6.71,6.41,8.3,70.56,FPS,0.84,10.83,230.51,18.12,Low,65.35,D
6238,17,Female,4.46,6.83,6.79,87.5,Casual,1.96,7.21,274.94,8.09,Medium,76.99,C
6239,21,Female,1.55,7.2,5.82,72.72,Casual,0.91,6.98,292.95,1.97,High,85.94,B
6240,21,Male,5.45,7.81,6.41,80.23,FPS,0.69,8.15,251.03,14.76,Low,94.7738533381644,A
6241,20,Female,7.5,2.86,8.21,73.65,RPG,4.29,13.39,236.9,17.05,Low,31.11,F
6242,20,Female,1.69,6.6,8.27,95.22,RPG,0.26,2.77,301.12,6.59,Medium,100,A
6243,18,Male,2.05,6.22,8.23,99.76,FPS,3.55,4.25,297.06,9.04,Medium,100,A
6244,17,Female,1.19,9.49,6.99,66.45,FPS,1.01,4.48,316.7,7.73,Medium,100,A
6245,22,Male,5.89,3.09,6.38,60.94,FPS,0.06,8.17,260.23,6.9,Low,43.868019077710585,F
6246,16,Other,3.25,1.53,5.56,68.77,RPG,3.98,7.94,281.51,10.45,Medium,42.07,F
6247,21,Female,0.5,6.88,4.02,83.6,FPS,3.51,5.57,307.66,2.52,Medium,81.68,B-
6248,21,Male,7,7.66,7.82,66.96,FPS,1.67,11.49,236.01,14.94,Low,74.92729168575147,C
6249,18,Male,4.46,3.55,5.38,92.46,Casual,0.4,10.31,256.39,12.59,Medium,50.61,F
6250,17,Male,2.65,6.14,5.65,76.35,FPS,1.8,5.93,296.06,5.69,Medium,71.82,C-
6251,17,Male,2.75,1.54,8.22,84.42,FPS,0.91,8.65,285.12,9.95,Medium,61.96,D-
6252,24,Male,2.32,9.64,4.26,78.22,FPS,4.66,3.94,281.1,8.09,High,92.73,A-
6253,20,Male,3.64,1.99,8.64,96.13,Casual,2.65,8.87,289.73,9.49,Medium,66.11,D
6254,22,Female,2.7,1.61,4.01,61.41,FPS,4.82,3.89,287.46,6.71,Medium,32.64,F
6255,20,Male,4.38,1.4,8.7,89.17,FPS,1.76,8.04,259.96,9.67,Medium,57.26,F
6256,22,Female,6.19,4.85,6.27,86.09,FPS,2.78,9.61,257.15,15.03,Low,53.66,F
6257,19,Female,5.4,1.87,4.51,85.98,FPS,0.95,10.68,267.77,16.27,Low,36.27580848364004,F
6258,23,Male,2.36,7.7,7.37,76.56,RPG,4.04,6.86,272.81,7.79,Medium,88.07,B+
6259,22,Female,4.23,9.09,8.48,60.63,Casual,0.21,7.44,280.31,9.83,Medium,92.22,A-
6260,20,Male,6.72,3.34,6.19,87.57,RPG,3.48,12.2,240.94,18.8,Low,37.48894728970433,F
6261,21,Male,0.55,6.66,7.46,93.18,RPG,1.96,5.98,323.11,3,Medium,94.86,A
6262,20,Female,0.63,1.38,8.9,63.41,FPS,2.89,1.75,311.76,1.06,Medium,63.28,D
6263,22,Male,4.45,4.48,5.2,77.66,FPS,2.96,9.81,270.39,10.25,Medium,51.45,F
6264,17,Female,5.11,3.64,8.1,66.5,FPS,3.55,8.74,255.64,8.9,Low,45.73,F
6265,20,Female,1.69,3.06,5.48,84.44,Casual,1.02,6.88,309.64,4.25,Medium,66.67,D
6266,18,Other,5.96,6.8,6.13,91.42,RPG,2.66,7.87,241.77,12.99,Low,58.65,F
6267,24,Female,5.17,2.17,5.41,86.67,FPS,2.13,6.93,268.22,11.68,Low,38.45,F
6268,21,Female,7.39,8.75,6.23,72.72,FPS,1.41,12,233.11,15.15,Low,71.43037118542614,C-
6269,18,Male,1.35,6.98,4.03,65.59,FPS,2.48,3.73,311.37,2.87,Medium,78.85,C+
6270,22,Male,6.01,7.4,5.52,91.77,Casual,4.76,9.8,237.79,10.13,High,68.88700543964221,D+
6271,19,Female,0.67,9.42,6.23,72.96,RPG,4.74,5.11,316.19,7.93,Medium,100,A
6272,18,Male,4.52,9.48,7.16,60.89,Casual,1.39,8.57,271.09,14,Medium,83.84,B
6273,23,Male,4.42,5.96,7.19,82.86,RPG,4.42,8.91,285.5,9.65,Medium,67.1,D+
6274,19,Male,3.11,5.46,6.92,69.87,FPS,4.38,7.21,289.66,8.55,Medium,69.83,D+
6275,16,Female,6.76,4.02,5.47,93.65,Casual,1.25,9.66,233,13.21,Low,47.62,F
6276,21,Male,0.03,7.44,8.74,65.73,FPS,2.99,1.48,313.34,2.83,Medium,100,A
6277,16,Female,4.16,5.84,5.96,77.39,FPS,4.35,9.44,277.69,12.25,Medium,70.51,C-
6278,20,Male,1.74,9.4,5.08,70.13,Casual,2.57,6.97,293.72,3.47,High,90.11,A-
6279,22,Male,5.95,3.15,6.77,87.58,FPS,1.85,6.98,243.41,10.47,Low,42.24,F
6280,21,Male,0.34,3.79,7.74,81.94,RPG,3.25,5.54,307.33,3.14,Medium,72.89,C-
6281,17,Male,6.65,3.84,4.06,91.64,Casual,0.86,8.4,241.53,16.94,Low,29.88,F
6282,19,Female,6.7,8.25,5.38,78.34,RPG,0.81,9.36,241.79,13.97,High,63.42328580270417,D
6283,17,Male,6.66,1.89,8.12,60.19,FPS,4.16,9.73,236.82,17.47,Low,33.95,F
6284,16,Male,1.22,5.1,6.54,68.61,RPG,0.21,5.62,322.31,5.26,Medium,83.23,B
6285,18,Female,5.04,4.85,6.04,99.97,Casual,4.02,6.5,265.23,9.14,Low,56.84,F
6286,18,Female,0.11,1.66,8.65,76.21,RPG,1.45,5.24,336.26,1.95,Medium,65.03,D
6287,22,Male,6.78,4.7,4.45,84.81,RPG,2.42,12.49,239.95,17.68,Low,43.33531929963725,F
6288,16,Male,5.78,5.62,7.08,96.2,Casual,2.72,11.54,243.31,16.12,Low,67.56,D+
6289,24,Other,4.25,1.59,5.71,60.82,Casual,3.84,5.71,259.05,11.09,Medium,38.31,F
6290,21,Female,5.84,5.59,4.35,86.38,RPG,4.42,11.44,248.69,14.91,Low,51.8,F
6291,19,Male,0.75,9.63,5.07,71.54,FPS,4.02,4.59,318.53,4.31,High,100,A
6292,18,Male,4.23,9.81,7.14,71.17,Casual,2.86,8.86,266.27,15.29,Medium,93.51,A
6293,18,Male,2.33,5.79,4.14,68.99,FPS,1.74,7.98,300.61,12.3,Medium,62.66,D-
6294,17,Male,7.78,5.64,6.96,92.91,RPG,2.63,12.08,240.67,17.8,Low,42.08,F
6295,17,Female,6.86,3.57,8.78,74.92,FPS,0.15,10.14,229.61,11.82,Low,37.68,F
6296,20,Female,5.87,9.97,7.98,62.68,Casual,1.22,9.5,238.57,13.81,Low,85.98125443995445,B
6297,24,Male,7.47,3.47,5.73,63.87,FPS,1.83,11.89,239.84,17.38,Low,34.8062127420094,F
6298,17,Female,2.77,5.08,4.69,65.94,Casual,1.6,8.49,289.45,5.88,Medium,67.76,D+
6299,17,Male,7.21,1.03,6.33,95.96,FPS,0.48,12.66,236.73,17.39,Low,22.09,F
6300,21,Male,2.6,4.14,5.96,77.1,FPS,0.25,6.49,295.77,5.06,Medium,79.56374058148394,C+
6301,17,Male,5.86,1.64,8.86,96.64,Casual,2.1,7.92,234.42,13.5,Low,55.26147337819102,F
6302,19,Male,5.89,7.69,8.95,92.7,RPG,0.37,8.62,253.73,14.33,Low,97.048027705426,A
6303,21,Female,0.15,6.05,6.05,93.52,RPG,1.43,2.96,320,2.76,Medium,80.53,B-
6304,20,Male,2.89,6.15,4.74,71.47,Casual,2.37,5.34,289.94,8.98,Medium,71.54,C-
6305,16,Male,0.16,3.58,8.55,70.85,RPG,1.05,4.89,308.53,3.62,Medium,73.62,C
6306,21,Female,7.98,8.33,7.97,82.4,RPG,0.4,13.16,225.05,20.13,Low,73.3513809618865,C
6307,16,Female,0.98,1.03,6.56,76.72,FPS,2.16,3.58,303.4,5.84,Medium,69.40200609024025,D+
6308,18,Female,4.34,4,5.83,80.36,RPG,2.24,9.57,278.36,10.41,Medium,54.87,F
6309,20,Female,6.32,6.94,6.24,62.13,FPS,4.58,10.99,243.29,14.69,Low,55.63,F
6310,20,Male,1.61,9.17,8.51,98.86,RPG,0.64,4.82,294.68,4.11,Medium,100,A
6311,21,Female,3.88,3.11,4.92,62.33,Casual,3.07,8.37,263.53,8.51,Medium,44.95,F
6312,23,Female,4.86,5.87,8.03,67.15,RPG,1.6,9.71,270.41,11.55,Medium,75.42,C
6313,20,Female,1.28,5.84,4.09,87.13,Casual,0.62,5.09,314.45,6.13,Medium,79.7,C+
6314,16,Female,6.23,8.87,8.6,66.22,Casual,1.97,9.45,264.47,15.52,Low,86.27600852257646,B
6315,20,Male,2.39,1.45,6.5,64.27,Casual,2.14,3.9,288.1,2.15,Medium,37.7,F
6316,18,Female,1.69,4.82,5.13,66.14,RPG,1.82,2.7,289.59,7.32,Medium,72,C-
6317,19,Male,4.47,2.64,4.01,62.48,RPG,3.83,10.16,265.1,13.48,Medium,27.82,F
6318,23,Male,3.28,1.19,6.8,70.05,FPS,4.2,5.62,273.66,8.19,Medium,42.49,F
6319,22,Male,7.36,2.32,5.22,70.84,FPS,0.74,11.67,225.39,14.11,Low,25.978621345218855,F
6320,20,Female,7.04,9.79,7.16,79.94,FPS,0.84,12.76,240.26,14.57,Low,72.4343111181051,C-
6321,17,Male,3.87,2.93,5.41,77.55,Casual,2.11,8.96,284.48,13.29,Medium,49.59,F
6322,21,Female,2.87,9.42,4.44,78.95,FPS,1.6,4.48,289.69,8.55,High,89.5,B+
6323,21,Male,2.6,2.85,6.53,84.64,Casual,4.1,7.61,289.93,9.96,Medium,63.74,D
6324,21,Female,2.14,9.38,6.82,69.24,RPG,4.98,6.77,302.53,6.33,Medium,94.88,A
6325,24,Male,4.36,6.89,6.26,65.39,RPG,0.91,7.01,265.41,12.66,Medium,73.35,C
6326,23,Female,6.44,2.02,6.29,95.16,RPG,3.81,10.89,257.22,12.37,Low,34.67,F
6327,23,Female,2.49,6.24,6.95,85.36,FPS,3.04,7.62,320.11,5.08,Medium,79.44,C+
6328,16,Male,1.52,3.87,6.63,62.43,Casual,3.22,3.98,295.46,6.29,Medium,62.87,D-
6329,20,Male,3.8,4.45,4.66,98.44,Casual,1.32,9.15,286.49,8.44,Medium,57.35,F
6330,22,Female,0.55,4.96,4.99,87.72,RPG,0.49,1.94,325.51,1.72,Medium,86.12341094711448,B
6331,21,Female,5.61,4.8,4.71,66.07,Casual,2.72,9.25,257.95,9.49,Low,43.11,F
6332,20,Female,4.15,6.98,7.47,98.77,FPS,3.07,6.32,283.06,3.7,Medium,73.75,C
6333,23,Male,3.97,7.92,6.64,74.62,FPS,4.82,8.61,275.91,8.22,Medium,78.98,C+
6334,18,Female,2.4,3.96,6.15,99.38,RPG,3.38,4.27,297.69,4.98,Medium,78.91931545123872,C+
6335,21,Male,7.24,9.32,7.99,64.13,Casual,2.22,9.95,233.94,13.99,Low,89.71594547107017,B+
6336,20,Female,0.72,9.45,5.63,66.4,FPS,4.97,2.36,312.76,3.5,High,100,A
6337,23,Female,6.96,1.37,6.84,86.3,RPG,1.87,12.02,242.84,18.47,Low,23.85,F
6338,19,Male,3.01,1.13,4.37,60.89,FPS,0.81,4.67,288.09,8.07,Medium,32.99,F
6339,23,Female,7.04,4.83,7.72,60.75,Casual,3.09,11.66,225.05,14.08,Low,33.91,F
6340,17,Female,5.83,6.32,7.48,91.68,Casual,1.33,10.37,255.13,14.98,Low,54.06,F
6341,24,Female,0.83,3.5,8.01,66.71,FPS,4.61,2.54,307.58,0.06,Medium,69.56,D+
6342,24,Male,6.65,3.33,8.42,96.75,Casual,2.14,10.48,234.64,18.94,Low,53.4,F
6343,21,Male,5.46,7.11,7.79,77.04,FPS,0.75,8.94,264.18,12.76,Low,84.69406212344583,B
6344,19,Female,0.26,6.42,8.22,94.95,RPG,0.71,4.23,307.54,0.79,Medium,95.87,A
6345,19,Male,1.07,2.5,5.73,76.71,FPS,3.25,6.76,304.45,5.09,Medium,68.28,D+
6346,21,Male,5.09,8.96,5.72,81.21,FPS,1.83,6.49,248.26,11.22,High,96.95588425758596,A
6347,20,Other,5.3,7.12,8.72,72.66,FPS,1.82,10.4,252.38,14.57,Low,79.92379793807024,C+
6348,21,Male,5.97,4.26,8.57,86.32,FPS,3.06,11.28,272.29,10.82,Low,56.3,F
6349,22,Other,5.76,7.15,6.74,72.73,Casual,1.11,7.39,243.23,10.94,Low,72.81413259196971,C-
6350,22,Male,5.28,2.01,5.83,68.93,RPG,0.73,9.56,255.13,13.66,Low,32.02,F
6351,24,Male,6.13,5.21,8.33,63.24,FPS,3.29,10.64,260.36,16.07,Low,50.92,F
6352,23,Female,4.6,2.52,5.62,62.31,RPG,0.03,8.34,269.19,17.61,Medium,50.52,F
6353,21,Female,2.09,1.37,4.77,72.24,RPG,4.54,5.6,293.53,8.69,Medium,50.01024548801893,F
6354,21,Female,7.3,4.04,7.2,89.46,Casual,0.91,9.89,225.47,14.52,Low,41.93,F
6355,20,Female,0.15,2.36,4.21,68.22,RPG,2.24,4.6,324.94,6.07,Medium,52.19,F
6356,16,Female,2.93,6.7,5.9,71.97,Casual,1.06,5.36,281.6,8.23,Medium,78.30971871968734,C+
6357,24,Male,5.83,7.07,8.04,96.21,FPS,1.09,9.13,271.79,16.04,Low,90.6042830436516,A-
6358,24,Male,3.42,2.34,5.48,85.57,FPS,4.18,8.71,276.13,10.42,Medium,41.62,F
6359,24,Male,0.2,1.22,8.66,96.79,RPG,2.93,1.65,334.5,4,Medium,79.83,C+
6360,23,Female,0.53,8.14,8.78,96.45,RPG,1.56,4.17,322.42,5.05,Medium,100,A
6361,18,Male,5.19,1.02,8.08,62.54,RPG,1.26,8.62,266.41,13.2,Low,30.67,F
6362,16,Male,7.72,4.1,8.94,98.2,RPG,1.06,10.61,225.78,16.01,Low,46.09,F
6363,23,Male,4.41,5.45,6.65,62.05,RPG,2.77,8.4,262.49,9.93,Medium,64.52,D
6364,22,Male,4.05,8.37,6.85,97.02,Casual,3.65,5.13,268.8,6.74,Medium,91.79,A-
6365,20,Male,2.55,8.55,8.18,81.87,Casual,1.27,6.01,299.85,6.68,Medium,92.18,A-
6366,22,Female,2.05,7.52,6.46,81.33,RPG,1.66,5.48,300.64,8.03,Medium,90.33,A-
6367,19,Male,0.17,3.22,6.03,88.53,RPG,3.6,3.75,299.3,3.29,Medium,75.29,C
6368,24,Female,2.18,7.48,7.07,95.17,RPG,3.69,4.24,280.95,3.84,Medium,83.6,B
6369,17,Female,3.59,3.22,7.29,84.68,FPS,1.04,5.63,275.57,10.14,Medium,60.97,D-
6370,24,Male,1.58,2.93,7.75,77.02,Casual,1.91,5.82,306.4,2.93,Medium,68.54,D+
6371,24,Female,0.7,5.92,7.34,64.48,FPS,4.35,2.16,309.31,2.79,Medium,96.48295168679678,A
6372,20,Male,5.74,7.11,7.73,91.57,RPG,3.7,8.27,246.09,15.53,Low,82.145737593733,B-
6373,16,Female,7.16,1.48,7.37,65.13,FPS,0.81,12.31,224.24,14.54,Low,16.8,F
6374,22,Other,7.49,1.54,6.4,89.05,Casual,1.93,9.01,239.25,16.08,Low,24.7,F
6375,19,Female,4.94,8.06,4.67,81.12,FPS,4.87,8.28,261.72,10.15,High,64.93,D
6376,24,Female,0.42,8.74,7.93,75.43,Casual,2.63,4.76,331.76,6.27,Medium,100,A
6377,21,Male,5.93,6.44,4.15,84.52,FPS,3.6,7.64,235.84,17.21,Low,62.09376857918334,D-
6378,18,Male,0.88,4.86,8.96,90.89,Casual,0.46,3.44,316.35,4.15,Medium,89.65,B+
6379,21,Female,5.36,8.61,8.14,97.65,Casual,4.16,9.15,261.16,14.37,Low,90.74864135271156,A-
6380,21,Male,6.23,7.56,7.35,70.59,Casual,3.02,8.87,253.71,16.51,Low,72.77650229711739,C-
6381,20,Male,5.81,6.22,8.83,97.89,RPG,0.88,7.36,258.55,13.92,Low,73.35,C
6382,17,Male,7.62,3.88,7.06,98.44,FPS,1.9,9.78,223.49,14.67,Low,29.51,F
6383,17,Female,5.91,2.78,4.28,92.55,Casual,0.42,7.46,247.27,11.71,Low,33.26,F
6384,22,Male,5.55,4.77,6.8,95.26,Casual,3.89,11.47,255.06,13.16,Low,56.93,F
6385,17,Female,2.09,3.58,5.39,87.7,FPS,3.72,4.27,284.89,1.8,Medium,66.17,D
6386,21,Male,7.4,4.05,5.85,61.56,RPG,2.45,11.05,241.52,18.58,Low,29.16,F
6387,20,Male,1.44,5.64,6.3,83,FPS,2.26,4.58,277.97,1.95,Medium,86.84433834585664,B
6388,19,Female,7.24,2.52,7.87,89.89,RPG,2.32,11.09,221.5,18.06,Low,32.01,F
6389,22,Male,2.5,8.26,6.51,97.67,FPS,0.19,5.99,273.22,5.29,Medium,92.36,A-
6390,23,Female,1.04,2.31,6.37,82.82,RPG,1.84,5.68,318.52,3.96,Medium,64.43,D
6391,19,Male,6.61,5.33,5.51,91.77,RPG,0.64,11.98,242.84,17.02,Low,46.3,F
6392,16,Male,0.02,7.71,6.7,88.2,FPS,0.92,2.45,314.43,4.31,Medium,100,A
6393,16,Male,6.66,5.37,5.24,71.23,Casual,4.81,8.58,241.04,16.02,Low,37.19,F
6394,16,Female,2.1,4.25,5.3,66.19,Casual,1.31,8.02,297.44,6.92,Medium,64.9,D
6395,16,Female,7.08,5.27,7.79,90.04,RPG,2.42,12.41,222.64,16.76,Low,53.42,F
6396,20,Female,5.53,8.64,5.71,69.35,Casual,4.44,8.35,255.1,10.12,High,81.97759524875624,B-
6397,19,Male,5.33,9.91,4.26,69.79,Casual,2.07,10.8,269.93,14.67,High,80.82326882583749,B-
6398,24,Female,2.92,6.68,5.72,85.76,RPG,2.64,7.27,300.61,7.85,Medium,74.64,C
6399,18,Female,0.48,8.14,7.19,91.56,FPS,0.84,3.67,322.77,0.69,Medium,100,A
6400,22,Female,6.64,1.13,8.07,83.29,RPG,1.43,12.01,242.9,17.52,Low,21.79,F
6401,23,Female,1.37,8.92,8.81,95.4,Casual,2.53,5.75,312.81,7.77,Medium,100,A
6402,21,Female,2.98,9.59,7.73,68.46,RPG,1.82,8.11,291.3,8.17,Medium,100,A
6403,16,Male,4.8,6.18,6.14,70.1,RPG,0.19,7.89,251.16,10.02,Medium,67.13,D+
6404,23,Female,3.86,7.78,5.5,85.48,Casual,2,8.85,264.54,9.06,High,81.19,B-
6405,18,Male,1.59,5.61,4.65,93.17,FPS,4.08,4.42,307.27,5.4,Medium,80.49,B-
6406,23,Female,1.12,3.58,7.14,81.57,FPS,0.58,5.8,299.87,2.2,Medium,86.85,B
6407,19,Male,0.99,8.67,6.55,60.42,Casual,0.09,4.17,297.87,3.72,Medium,100,A
6408,23,Male,6.9,6.37,7.39,87.08,FPS,0.59,9.93,250.09,14.5,Low,52.36,F
6409,16,Male,0.25,6.21,5.19,92.54,FPS,3.43,5.23,317.63,4,Medium,85.36,B
6410,18,Male,7.82,6.93,5.62,71.06,Casual,3.97,9.45,225.51,17.62,Low,34.92,F
6411,21,Male,1.59,8.7,5.46,62.17,RPG,0.24,7.23,288.89,3.75,High,87.51,B+
6412,24,Female,0.88,7.59,7.99,80.72,RPG,4.44,4.42,304.95,4.87,Medium,100,A
6413,17,Female,4.62,2.9,4.86,61.69,RPG,3.14,8.8,261.13,12.25,Medium,28.86,F
6414,16,Female,0.64,5.2,7.04,76.64,FPS,2.59,3.67,303.27,2.41,Medium,78.24,C+
6415,18,Female,4.82,9.82,4.26,60.71,RPG,1.27,9.05,250.01,10.89,High,67.17,D+
6416,19,Male,6.81,5.99,6.75,69,RPG,1.86,11.36,255.76,15.05,Low,48.8,F
6417,20,Female,0.38,9.44,4.32,75.55,FPS,4.73,5.72,329.53,3.09,High,92.56,A-
6418,18,Male,6.4,8.32,4.88,64.47,Casual,4.56,11.67,242.15,13.57,High,73.71950645907941,C
6419,17,Female,3.16,6.99,4.57,64.57,FPS,3.13,5.95,268.8,6.35,Medium,70.61,C-
6420,17,Male,1.28,4.14,5.73,93.08,FPS,2.89,5.36,287.39,5.01,Medium,71.27,C-
6421,22,Male,1.41,3.74,5.72,61.66,FPS,1.05,6.31,298.56,4.13,Medium,70.07,C-
6422,24,Male,7.35,6.79,8.13,87.56,RPG,4.77,12.17,209.26,18.87,Low,58.82,F
6423,17,Male,0.88,4.89,5.13,92.58,Casual,3.78,6.33,304.91,4.22,Medium,69.86,D+
6424,22,Male,6.93,8.19,4.43,65.23,RPG,1.91,12.09,216.63,15.49,High,69.29297260492706,D+
6425,22,Male,4.35,7.84,7.02,67.81,FPS,4.08,8.94,266.86,11.66,Medium,86.12,B
6426,22,Female,0.31,3.81,7.44,85.66,FPS,1.06,5.05,318.24,2.18,Medium,76.99,C
6427,18,Female,3.72,7.32,5.47,72.63,RPG,1.07,8.76,273.49,8.4,High,65,D
6428,22,Male,6.54,5.45,7.01,79.06,FPS,3.95,11.73,263.24,15,Low,55.62,F
6429,16,Male,5.81,3.91,7.88,93.44,FPS,2.8,8.57,248.22,8.92,Low,62.88,D-
6430,16,Female,3.91,4.72,5.74,65.52,Casual,2.78,8.82,290.38,6.33,Medium,50.07,F
6431,20,Male,6.88,9.06,6.63,84.79,Casual,2.87,12.63,240.4,14.79,Low,81.23614785301312,B-
6432,17,Female,0.96,4.24,4.73,97.7,Casual,0.63,3.12,328.61,0.61,Medium,71.97,C-
6433,24,Male,7.28,3.59,4.12,62.3,Casual,1.75,8.52,215.08,16.48,Low,7.76,F
6434,22,Female,6.77,4.17,8.91,62.4,FPS,2.87,8.13,227.94,16.74,Low,54.56,F
6435,19,Female,5.67,2.93,5.5,82.19,Casual,1.24,7.75,249.09,13.03,Low,36.98,F
6436,19,Female,6.54,5.9,5.39,98.4,RPG,2.52,12.14,257.55,12.09,Low,53.24,F
6437,17,Female,4.35,2.33,8.87,68.82,FPS,2.79,5.98,265.41,6.7,Medium,53.75,F
6438,20,Male,5.4,8.36,7.64,73.23,RPG,4.71,10.14,248.4,13.87,Low,85.22850359584294,B
6439,19,Male,4.48,3.03,6.93,63.95,FPS,1.23,9.82,272.31,11.29,Medium,43.54,F
6440,16,Female,2.84,6.38,7.5,74.49,FPS,2.2,8.23,294.98,4.66,Medium,84.20124617763622,B
6441,23,Female,4.55,2.13,7.55,61.77,FPS,4.91,7.63,257.73,8.93,Medium,36.21,F
6442,18,Male,2.06,9.81,7.82,75.56,Casual,0.93,5.54,288.39,3.71,Medium,100,A
6443,21,Female,3.52,5.09,4.34,82.22,Casual,3.9,6.14,294.71,11.26,Medium,66.12,D
6444,19,Male,2.25,8.4,6.06,99,RPG,0.89,3.99,305.49,6.78,Medium,100,A
6445,24,Male,0.98,7.92,5.48,92.74,FPS,4.25,3.04,323.4,2.42,High,93.88,A
6446,22,Female,2.57,7.42,4.35,92.88,FPS,2.44,4.24,298.57,6.43,High,80.58,B-
6447,24,Male,6.82,8.45,6.06,69.13,RPG,4.86,9.86,229.62,15.45,Low,86.83543012308219,B
6448,18,Female,3.05,1.9,7.08,63.49,RPG,0.85,4.9,283.07,7.18,Medium,44.12,F
6449,16,Male,5.98,7.11,4.89,84.12,Casual,3.44,9,237.63,17.12,High,55.46555865204475,F
6450,20,Male,1.4,3.39,5.53,80.85,FPS,3.48,6.66,312.96,8.25,Medium,69.66,D+
6451,18,Female,3.4,8.07,7.2,80.66,RPG,3.59,7.67,273.77,11.98,Medium,93.14,A
6452,21,Female,0.92,9.61,6.9,64.36,Casual,0.5,5.23,291.84,4.66,Medium,90.36,A-
6453,23,Male,1.11,9.11,8.34,79.76,FPS,1.44,6.17,307.82,4.07,Medium,100,A
6454,19,Male,4.94,2.03,7.96,66.01,RPG,1.69,6.15,271.97,8,Medium,36.22,F
6455,20,Male,4.86,4.33,8.83,76.88,FPS,1.62,9.83,247.91,10.21,Medium,55.84,F
6456,20,Male,1.71,4.28,6.99,62.49,FPS,3.38,3.69,298.23,6.44,Medium,71.47,C-
6457,19,Female,3.8,2.1,7.49,94.28,Casual,0.27,6.53,268.85,6.42,Medium,50.25,F
6458,19,Female,6.91,1.88,8.3,60.53,RPG,3.65,9.45,246.99,14.73,Low,17.46,F
6459,19,Male,1.39,4.46,8.2,97.57,RPG,2.63,2.92,282.85,0.77,Medium,91.09,A-
6460,19,Male,0.15,9.93,7.59,94.52,FPS,0.86,2.02,329.55,1.04,Medium,100,A
6461,19,Female,5.22,6.12,6.5,90.1,Casual,1.13,11,250.31,11.21,Low,57.31,F
6462,20,Female,0.43,6.6,5.37,99.3,FPS,0.49,4.43,313.24,4.19,Medium,83.27,B
6463,17,Female,7.84,5.24,8.39,62.15,FPS,2.3,11.21,234.51,16.88,Low,42.07,F
6464,17,Female,4.88,6.96,7.88,85.66,Casual,2.97,9.67,276.23,10.54,Medium,80.06,B-
6465,24,Male,3.76,9.61,8.19,93.97,Casual,2.9,8.83,275.39,8.14,Medium,90.8,A-
6466,17,Female,3.44,6.3,4.7,65.06,Casual,4.81,4.99,271.47,7.92,Medium,57.04,F
6467,21,Other,4.58,1.59,5.57,83.39,RPG,1.48,9.28,259.72,11.61,Medium,44.340667240606464,F
6468,17,Female,0.72,5.44,6.12,75.76,FPS,3.81,6.38,323.02,3.17,Medium,80.74,B-
6469,20,Male,7.44,9.93,8.19,77.43,Casual,3.62,11.37,221.88,16.21,Low,85.64692184282163,B
6470,19,Male,5.01,4.49,8.46,96.5,RPG,0.31,9.08,263.17,11.07,Low,70.32,C-
6471,22,Male,1.47,6.34,5.42,81.55,FPS,4.65,6.82,302.43,1.26,Medium,82.02,B-
6472,22,Female,4.5,1.96,7.43,63.73,FPS,4.66,8.9,273.59,11.12,Medium,42.4,F
6473,21,Male,1.07,2.27,4.39,97.49,FPS,1.98,7.05,307.5,2.02,Medium,61.24,D-
6474,20,Male,0.14,8.87,6.05,67.41,FPS,2.09,2.55,313.98,-0.29,Medium,94.74,A
6475,16,Female,5.04,3.7,6.43,95.71,FPS,4.1,10.27,254.48,13.34,Low,46.45,F
6476,18,Male,5.19,3.75,7.83,98.84,FPS,2.48,9.25,252.49,11.93,Low,61.31,D-
6477,24,Male,4.67,4.48,8.46,95.11,FPS,4,7.5,250.17,13.81,Medium,60.82,D-
6478,16,Male,1.47,9.7,5.69,87.09,FPS,0.18,6.89,307.42,4.06,High,100,A
6479,20,Male,4.83,1.76,6.64,89.74,FPS,1.25,10.81,264.14,11.83,Medium,51.357310378635574,F
6480,17,Male,0.45,8.37,7.24,87.99,FPS,0.46,1.74,299.94,1.87,Medium,100,A
6481,19,Female,4.87,4.07,5.64,78.42,FPS,2.27,10.5,257.5,12.48,Medium,54.27,F
6482,16,Female,4.43,8.65,8.93,70.98,FPS,4.27,6.45,264.08,11.97,Medium,88.58,B+
6483,18,Male,5.24,9.93,8.38,71.4,RPG,2.85,7.27,251.27,12.78,Low,94.1620785973486,A
6484,22,Male,7.16,4.14,5.48,89.25,RPG,2.6,8.37,232.88,17.7,Low,40.95,F
6485,18,Female,6.8,2.16,6.54,85.04,FPS,1.83,12.41,237.33,13.17,Low,27.17,F
6486,19,Male,7.85,2.3,5.15,83.4,FPS,0.32,12.65,234.74,19.67,Low,16.84,F
6487,17,Male,7.81,7.83,6.57,86.1,Casual,3.83,9.08,226.23,14.29,Low,63.58502101473407,D
6488,18,Female,6.18,2.3,7.42,90.99,RPG,2.85,10.35,251.78,15.33,Low,40.65,F
6489,24,Male,7.65,3.34,4.43,89.93,Casual,4.65,9.25,214.29,15.61,Low,21.31,F
6490,18,Male,6.94,2.84,8.35,64.22,RPG,2.16,11.7,226.1,14.88,Low,37.53,F
6491,20,Male,5.82,4.2,6.97,74.52,FPS,2.01,8.87,236.42,15.51,Low,47.7,F
6492,17,Female,0.6,1.67,8.95,70.56,RPG,4.87,1.86,308.84,-1.52,Medium,64.4,D
6493,19,Male,0.39,8.71,4.13,81.53,RPG,0.71,5.54,315.88,6.98,High,94.02,A
6494,22,Male,6.7,8.74,8.16,62.46,FPS,1.26,10.56,256.28,16.59,Low,66.40890685518984,D
6495,22,Male,3.92,4.72,7.96,90.5,RPG,2.44,8.78,264.66,10.61,Medium,76.85,C
6496,18,Female,6.52,6.51,4.66,64.26,Casual,2.62,10.89,250.25,14.93,Low,36.15,F
6497,20,Male,2.5,6.78,5.68,70.86,FPS,2.74,5.67,281.68,5.84,Medium,73.43,C
6498,16,Male,3.18,7.74,8.42,91.31,FPS,1.06,7.67,282.08,9.54,Medium,93.91,A
6499,16,Female,5.6,5.69,6.59,62.06,FPS,4.63,6.67,251.28,8.95,Low,53.86,F
6500,20,Female,7.32,5.59,6.01,86.41,FPS,3.52,10.02,222.92,9.84,Low,52,F
6501,24,Male,0.7,6.68,8.53,96.98,FPS,1.29,5.59,303.14,4.02,Medium,100,A
6502,16,Male,6.89,7.33,4.47,84.71,FPS,1.47,11.71,253.29,14.7,High,53.12237558519502,F
6503,16,Female,6.34,4.12,6.37,88.51,FPS,4.4,11.78,238.59,13.57,Low,40.4,F
6504,19,Female,2.52,3.97,7.26,91.69,Casual,1.9,6.58,299.75,3.92,Medium,65.37,D
6505,19,Male,2.84,3.43,7.04,68.89,RPG,2.78,8.55,292.71,10.94,Medium,53.34,F
6506,17,Male,0.37,5.94,5.32,83.24,RPG,0.6,4.16,309.45,6.28,Medium,78.49,C+
6507,24,Male,0.13,4.24,6.82,72.36,FPS,1.26,3.63,318.41,1.91,Medium,80.88,B-
6508,24,Male,3.82,5.86,7.54,69.98,FPS,2.08,5.81,275.37,8.32,Medium,70.15,C-
6509,17,Female,0.76,4.65,6.92,67.7,Casual,3.28,5.65,315.75,4.81,Medium,73.99,C
6510,24,Male,1.55,8.53,7.42,83.42,FPS,1.4,6.01,297.35,6.06,Medium,100,A
6511,21,Female,6.77,1.66,5.28,91.78,FPS,4.75,10.07,223.69,14.15,Low,18.69,F
6512,23,Female,4.57,6.15,8.16,95.04,Casual,1.1,6.01,258.16,12.29,Medium,78.16,C+
6513,19,Male,5.07,6.18,6.25,77.14,FPS,3.89,6.7,270.82,13.22,Low,63.62,D
6514,17,Male,1.5,4.45,8.94,74.92,FPS,1.82,3.07,301.69,5.27,Medium,98.56,A
6515,17,Female,6.63,4.79,4.12,87.49,Casual,4.17,9.51,236.23,18.26,Low,41.94,F
6516,24,Male,6.94,8.2,5.9,91.21,FPS,4.62,8.73,221.97,16.32,High,86.22150347669266,B
6517,16,Female,4.19,3.53,4.9,70.13,Casual,0.94,9.49,282.09,9.72,Medium,44.81,F
6518,22,Other,7.3,8.84,6.78,71.89,Casual,2.46,12.8,230.33,17.51,Low,77.5436291586779,C+
6519,18,Male,6.76,9.07,5.22,81.34,FPS,0.77,12.04,249.75,18.04,High,73.2716006264419,C
6520,18,Male,5.85,6.86,7.69,77.78,Casual,3.53,9.89,256.62,11.62,Low,58.01,F
6521,17,Male,5.87,7.96,8.41,88.23,RPG,4.16,9.85,257.51,13.18,Low,74.81053211663998,C
6522,21,Female,0.84,6.52,5.05,80.18,Casual,1.95,6.29,326.51,1.24,Medium,76.21,C
6523,17,Female,2.17,5.73,4.8,64.46,FPS,1.98,5.2,295.17,9.88,Medium,72.74,C-
6524,19,Female,0.53,9.7,8.38,66.64,Casual,1.02,1.84,312.31,2.53,Medium,100,A
6525,24,Female,0.07,3.54,5.81,96.08,RPG,1.53,3.42,334.8,3.01,Medium,77.16,C+
6526,24,Male,1.27,2.39,6.17,69.1,RPG,1.62,5.04,313.1,1.41,Medium,68.41,D+
6527,21,Female,7.04,3.59,5.1,62,Casual,0.78,10.79,228.47,18.18,Low,16.77,F
6528,19,Female,1.92,6.53,6.13,89.26,RPG,1.55,3.72,307.39,5.36,Medium,97.54,A
6529,22,Female,7.76,2.67,5.16,87.36,FPS,4.54,12.68,242.03,14.38,Low,13.82,F
6530,16,Male,4.78,9.18,7.33,84,FPS,1.63,9.44,239.64,12.8,Medium,87.67,B+
6531,19,Female,1.9,4.7,6.49,80.09,FPS,1.37,4.05,284.76,2.92,Medium,72.55,C-
6532,20,Female,3.98,8.65,7.94,98.78,RPG,1.92,7.74,264.14,9.95,Medium,98.6,A
6533,23,Female,1.75,3.24,5.56,64.79,Casual,4.8,6.7,306.23,7.48,Medium,60.68,D-
6534,17,Female,7.87,3.82,6.53,80.41,RPG,3.82,8.91,233.45,16.65,Low,32.99,F
6535,20,Female,6.78,1.53,5.3,82.56,RPG,1.01,9.16,243.84,11.06,Low,24.84,F
6536,21,Female,0.21,3.32,8.67,60.9,Casual,3.76,3.57,326.24,2.63,Medium,80.58,B-
6537,20,Female,7.58,5.41,6.61,76.48,FPS,3.83,12.81,217.96,19.48,Low,43.86,F
6538,24,Female,5.77,9.52,4.87,91.31,RPG,4.75,10.76,238.7,13.63,High,88.44221913863129,B+
6539,16,Male,0.66,4.5,5.36,78.84,FPS,4.46,2.41,324.61,3.23,Medium,68.78,D+
6540,18,Male,5.37,6.76,4.41,95.01,FPS,0.48,8.68,256.6,13.46,Low,60.93,D-
6541,17,Male,5.18,4.85,4.14,85.79,RPG,2.27,7.7,269.93,7.58,Low,49.39,F
6542,18,Female,1.75,1.42,6.63,90.64,FPS,3.51,4.76,292.01,7.51,Medium,56.4,F
6543,24,Female,6.07,5.53,5.69,92.18,FPS,4.87,9.77,236.6,12.87,Low,59.3,F
6544,24,Other,0.7,1.59,8.82,87.58,RPG,0.43,4.2,298.89,1.7,Medium,69.25,D+
6545,17,Male,3.92,8.95,4.86,89.98,RPG,1.84,5.63,280.97,7.31,High,85.58,B
6546,18,Male,0.08,7.78,7.97,87.81,RPG,2.46,1.69,330.36,3.43,Medium,97.27,A
6547,19,Male,7.75,4.41,5.58,82.02,Casual,2.07,9.4,232.42,19.27,Low,28.42,F
6548,24,Male,6.01,6.76,5.12,82.66,RPG,2.28,11.22,243.05,15.57,Low,60.68,D-
6549,18,Female,1.27,2.01,8.85,67.6,RPG,1.85,2.37,311.13,2.13,Medium,71.98,C-
6550,22,Male,2.73,7.32,8.01,93.1,FPS,4.85,4.74,293.34,12.28,Medium,99.02,A
6551,18,Female,1.28,8.4,7.15,72.49,RPG,4.02,7.06,284.39,5.41,Medium,100,A
6552,22,Female,6.13,8.4,7.49,81.43,FPS,3.68,7.46,242.94,11.62,Low,81.00688054657846,B-
6553,22,Male,0.47,3.56,8.96,69.98,RPG,2.05,1.65,317.15,3.58,Medium,77.03,C+
6554,24,Female,6.72,3.37,6.97,87.83,FPS,4.41,9.66,250.44,14.67,Low,49.55180566271498,F
6555,17,Male,7.54,5.69,4.51,99.01,FPS,0.47,9.3,228.67,20.14,Low,41.78,F
6556,21,Male,5.41,9.71,4.32,92.08,RPG,0.72,9.24,256.57,11.04,High,90.99947300321696,A-
6557,24,Female,1.7,9.28,7.33,84.76,RPG,4.77,4.39,298.93,4.38,Medium,98.19,A
6558,17,Female,2.88,4.24,7.29,82.7,FPS,2.83,4.92,288.09,9.85,Medium,70.49,C-
6559,17,Male,3.82,8.02,7.74,79.59,RPG,0.8,9.81,260.47,11.61,Medium,79.63,C+
6560,20,Male,4.84,9.29,4.54,68.2,RPG,4.75,7.55,255.87,10.44,High,76.51,C
6561,23,Male,5.35,3.35,8.72,73.92,Casual,4.87,9.56,233.49,10.96,Low,56.57,F
6562,24,Male,4.43,8.47,6.76,76.26,FPS,4.41,9.8,262.42,9.27,Medium,70.67,C-
6563,17,Other,2.81,3.41,7.25,97.78,RPG,1.19,8.42,291.24,5.84,Medium,70.87,C-
6564,20,Female,7.13,4.09,4.17,77.02,FPS,1.39,10.18,226.52,17.73,Low,27.62,F
6565,22,Male,0.65,2.79,8.8,83.45,FPS,2.03,6.53,309.68,5.81,Medium,77.81,C+
6566,21,Female,3.73,5.56,6.81,96.9,RPG,2.9,8.35,279.15,10.81,Medium,69.1,D+
6567,21,Male,6.2,8.59,6.82,80.74,FPS,4.96,10.12,272.83,12.15,Low,86.2284535059149,B
6568,22,Male,0.49,5.75,8.72,70.06,RPG,4.78,4.96,313.3,2.63,Medium,83.42,B
6569,18,Female,5.64,2.11,8.65,75.24,Casual,4.61,8.44,259.51,13.33,Low,46.49,F
6570,18,Female,6.56,3.27,5.1,75.02,RPG,0.45,9.68,239.41,17.2,Low,31.09,F
6571,24,Female,5.29,6.07,8.66,88.59,Casual,3.79,9.22,260.08,13.27,Low,71.65,C-
6572,23,Female,0.1,6.25,7.68,71.84,RPG,4.38,2.73,318.52,1.78,Medium,91.83,A-
6573,20,Female,1.44,6.19,4.09,89.21,Casual,1.67,6.28,298.5,3.44,Medium,77.07,C+
6574,21,Male,2.74,1.69,5.2,95.57,FPS,1.1,5,285.09,8.41,Medium,47.75,F
6575,16,Female,1.87,7.78,6.06,73.44,RPG,3.74,6.85,310.03,5.67,Medium,98.66,A
6576,16,Other,7.7,9.18,6.91,65.41,RPG,0.45,9.46,230.49,13.46,Low,77.61448622135464,C+
6577,19,Male,5.21,5.59,7.51,85.54,Casual,4.7,7.3,245.51,9.7,Low,59.97,F
6578,17,Female,2.38,7.47,5.05,74.43,FPS,0.78,7.15,287.2,8.51,High,76.91,C
6579,22,Female,7.44,9.23,8.18,81.36,FPS,2.29,9.76,221.8,17.47,Low,87.8880107864721,B+
6580,17,Male,5.92,6.78,8.23,85.37,Casual,4.91,10.9,258.23,8.97,Low,70.71,C-
6581,17,Female,2.28,7.07,7.17,76.31,FPS,4.94,7.2,285.05,6.84,Medium,86.44,B
6582,20,Male,3.03,7.49,8.61,96.99,FPS,3.88,5.32,292.26,4.62,Medium,100,A
6583,19,Female,1.6,3.34,8.06,75.98,RPG,4.2,2.97,310.57,4.68,Medium,90.5729966696167,A-
6584,23,Male,7.77,6.24,5.11,72.29,RPG,4.84,9.6,228.2,17.63,Low,45.27,F
6585,19,Female,4.14,8.58,7.99,95.43,Casual,4.64,8.9,275.76,8.51,Medium,100,A
6586,21,Male,7.17,3.67,8.77,65.45,RPG,3.11,12.4,228.95,16.97,Low,30.44,F
6587,20,Male,2.77,9.07,4.69,64.97,RPG,3.67,5.69,295.25,8.67,High,82.51,B-
6588,17,Male,6.89,6.58,8.89,97.43,FPS,2.97,8.71,224.92,16.74,Low,64.63,D
6589,23,Female,0.43,4.81,4.12,68.36,RPG,2.53,1.81,310.21,-0.14,Medium,60.79,D-
6590,17,Female,7.86,6.61,6.61,65.94,FPS,4.4,9.94,222.6,18.92,Low,48.85,F
6591,24,Female,7.3,4.62,7.87,81.41,FPS,3.69,13.2,242.26,18.07,Low,54.13994317199656,F
6592,24,Female,2.91,8.54,7.95,61.87,Casual,4.3,4.76,302.13,5.76,Medium,83.73,B
6593,18,Male,6.2,5.34,7.67,84.8,FPS,0.48,7.63,241.05,12.93,Low,70.25,C-
6594,19,Male,6.02,9.11,6.65,78.12,RPG,2.88,10.95,246.79,16.11,Low,75.73059509409367,C
6595,23,Female,7.21,5.59,7.25,85.62,Casual,1.65,11.29,221.67,18.03,Low,47.74,F
6596,24,Male,2.46,6.94,7.5,71.36,FPS,2.57,6.13,289.65,8.57,Medium,85.77,B
6597,18,Other,3.72,9.98,6.47,96.22,FPS,3.06,6.96,286.37,7.71,Medium,94.62,A
6598,20,Female,6.92,2.32,6.98,70.82,RPG,4.23,11.43,219,16.54,Low,29.43,F
6599,23,Male,6.23,7.63,8.23,85.5,FPS,0.16,10.72,245.42,14.23,Low,83.32331470514173,B
6600,18,Male,3.15,2.25,5.56,97.8,Casual,0.82,6.27,289.38,8.28,Medium,58.01,F
6601,22,Female,6.77,8.55,6.62,76.03,FPS,4.61,8.94,239.33,13.61,Low,74.72744722134433,C
6602,23,Male,0.38,6.37,4.04,66.46,Casual,4.84,5.59,313.55,6.54,Medium,61.33,D-
6603,18,Male,6.26,9.44,7.44,62.74,Casual,0.28,8.08,253.64,13.39,Low,75.03151613002322,C
6604,17,Male,1.65,8.79,4.98,98.52,Casual,1.66,5.32,292.11,4.86,High,100,A
6605,22,Female,2.29,1.67,6.41,90.55,FPS,0.05,6.75,284.73,7.7,Medium,57.91,F
6606,24,Female,3.95,2.24,5.05,96.76,FPS,3.79,8.14,254.14,12.21,Medium,41.84,F
6607,16,Male,3.6,6.41,4.12,87.95,FPS,3.41,7.69,280.05,9.34,Medium,64.32,D
6608,18,Male,4.16,5.66,6.42,73.7,RPG,2.82,8.47,272.29,9.85,Medium,64.34,D
6609,20,Male,4.36,2.52,6.12,64.92,FPS,3.46,9.74,261.95,13.19,Medium,30.74,F
6610,18,Female,2.65,2.16,6.13,97.17,Casual,2.69,5.48,279.26,10.2,Medium,69.36,D+
6611,16,Male,1.4,6.08,5.04,79.58,RPG,1.19,5.54,302.73,7.71,Medium,77.3,C+
6612,22,Male,6.15,1.44,8.74,75.86,RPG,3.77,10.63,247.16,12.57,Low,36.01,F
6613,22,Female,3.2,8.86,4.02,83.11,RPG,3.92,7.15,269.62,9.92,High,91.08,A-
6614,23,Female,4.05,8.26,8.46,64.26,RPG,4.27,9.57,251.94,10.72,Medium,85.46,B
6615,20,Other,5.16,8.07,7.68,72.37,FPS,4.77,9.43,240.83,15,Low,87.27859947932926,B+
6616,20,Female,7.28,1.14,4.86,85.52,FPS,3.74,10.4,218.1,19.79,Low,7.87,F
6617,20,Male,5.66,1.43,6.36,64,RPG,0.27,10.89,240.02,9.19,Low,23.55,F
6618,16,Male,0.36,5.95,8.94,65.41,RPG,0.1,3.81,314.84,2.47,Medium,86.03,B
6619,20,Male,6.71,9.95,7.22,80.42,FPS,3.7,10.36,240.33,14.33,Low,98.8662391738036,A
6620,21,Male,7.91,4.08,4.64,84.94,Casual,0.28,11.82,223.4,16.35,Low,20.69,F
6621,16,Female,3.78,4.1,6.29,67.48,Casual,1.58,6.39,278.23,7.02,Medium,51.59,F
6622,22,Female,7.76,2.21,6.34,61.32,FPS,0.68,12.37,230.89,16.93,Low,9.48,F
6623,16,Female,4.38,7.07,8.01,98.33,RPG,4.84,5.87,270.74,8.93,Medium,87.54,B+
6624,17,Male,3.68,6.82,8.58,61.1,FPS,1.58,9.02,276.73,9.33,Medium,82.36,B-
6625,17,Female,2.65,1.91,4.41,60.08,FPS,0.28,7.42,277.64,3.64,Medium,33.90105782588603,F
6626,20,Female,5.26,5.21,5.57,72.93,Casual,4.75,8.03,243.53,12.16,Low,51.63,F
6627,22,Male,1.84,7,5.49,68.9,Casual,3.04,3.97,292.3,6.86,Medium,86.15,B
6628,16,Female,0.84,5.44,8.98,82.94,RPG,0.18,3.78,321.27,2.03,Medium,98.93,A
6629,16,Male,0.22,7.07,6.8,95.77,Casual,4.17,5.25,340.8,-0.33,Medium,92.03,A-
6630,16,Male,2.34,8.35,8.4,79.24,RPG,0.76,3.5,297.49,5.45,Medium,94.71,A
6631,21,Female,3.17,7.17,6.13,90.93,RPG,4.01,6.51,285.54,10.13,Medium,86.74,B
6632,17,Female,4.42,6.55,7.61,96.37,RPG,3.01,6.69,277.63,10.29,Medium,79.76,C+
6633,16,Male,2.34,8.68,5.43,67.58,FPS,0.89,7.71,307.05,5.91,High,93.81,A
6634,21,Male,7.87,9.11,8.56,79.53,FPS,3.76,10.94,216.34,15.18,Low,79.5003496762435,C+
6635,17,Other,2.33,4.5,6.28,85.68,RPG,2.27,6.82,321.07,8.32,Medium,72.11,C-
6636,21,Female,3.53,2.56,8.02,73.28,RPG,3.19,6.32,293.52,7.99,Medium,55.83,F
6637,23,Female,0.83,8.36,5.28,89.59,RPG,4.35,3.48,296.38,1.95,High,95.86,A
6638,17,Male,2.09,2.92,7.47,88.21,RPG,1.3,4.72,284.94,4.28,Medium,67.67,D+
6639,24,Male,0.39,9.36,6.03,76.84,FPS,1.83,4.78,343.49,3.41,Medium,100,A
6640,23,Male,4.48,1.21,4.16,63.52,FPS,4.99,10.3,276.61,12.1,Medium,31.1,F
6641,16,Male,6.01,9.29,6.07,60.46,RPG,2.54,8.05,241.91,13.15,Low,64.26385639555645,D
6642,22,Male,1.57,6.3,6.75,74.77,FPS,2.79,5.79,301.95,3.32,Medium,86.2,B
6643,21,Male,2.94,7.97,4.76,63.28,Casual,1.43,5.27,292.26,4.99,High,76.79,C
6644,21,Female,0.13,4.59,4.92,91.26,RPG,2.08,3.88,327.33,0.83,Medium,71.49,C-
6645,21,Male,6.72,9.93,6.32,73.37,FPS,2.51,10.43,253.04,15.88,Low,85.16115671708592,B
6646,21,Female,6.24,3.05,5.71,86.64,Casual,1.29,9.49,247.54,15.2,Low,33.75,F
6647,22,Male,0.51,3.38,6.2,73.86,RPG,1.19,4,316.68,5.7,Medium,73.03,C
6648,18,Male,2.92,1.46,6.3,91.84,RPG,3,8.32,281.32,6.87,Medium,49.42,F
6649,21,Male,7.64,9.46,4.7,95.54,Casual,0.92,9.08,219.03,17.45,High,79.16808324027427,C+
6650,18,Female,3.14,5.1,4.91,93.5,RPG,2.77,8.29,272.57,5.42,Medium,71.06,C-
6651,22,Male,4.21,7.07,8.24,79.38,Casual,3.53,7.52,268.04,10.78,Medium,79.24,C+
6652,22,Other,2.84,7.19,4.81,63.36,Casual,0.99,5.51,289.36,3.99,High,70.97,C-
6653,23,Female,4.77,8.87,7.33,74.87,FPS,3.73,6.66,248.21,8.03,Medium,78.63,C+
6654,17,Female,7.83,6.98,6.09,76.98,FPS,1.8,12.9,246.5,19.7,Low,43.49,F
6655,24,Male,7.98,6.06,8.84,98.41,RPG,4.96,11.94,217.28,18.25,Low,55.98,F
6656,20,Female,6.2,7.39,4.33,82.62,Casual,4.9,10.84,237.03,14.09,High,60.60899595033513,D-
6657,24,Female,3.23,7.76,8.15,85.63,Casual,3.99,5.8,280.96,4.96,Medium,92.74,A-
6658,20,Male,3.96,2.67,6.46,91.28,Casual,1.71,6.92,248.78,10.14,Medium,56.05,F
6659,22,Female,2.85,1.99,4.03,82.73,RPG,4.69,8.42,289.42,8.66,Medium,33.3,F
6660,24,Female,7.88,1.67,5.32,83.94,Casual,4.99,13.69,215.54,20.11,Low,8.98,F
6661,19,Female,5.66,4.37,6.04,69.81,Casual,2.31,10.36,232.86,10.2,Low,57.16,F
6662,17,Female,3.59,5.48,5.57,62.35,FPS,3.07,8.34,278.35,10.8,Medium,59.24,F
6663,24,Female,0.1,6.54,5.81,88.86,FPS,0.03,4.57,320.22,1.35,Medium,94.77,A
6664,17,Female,4.16,9.62,8.58,93.95,RPG,0.22,8.1,289.53,10.87,Medium,100,A
6665,18,Male,7.87,3.98,5.8,76.48,RPG,2.5,11.85,227.36,17.6,Low,24.22,F
6666,17,Female,4.18,7.85,6.09,81.96,RPG,3.05,10,271.56,9.57,Medium,83.62,B
6667,18,Female,1.46,5.78,7.81,72.29,FPS,1.56,6.21,302.89,4.47,Medium,95.06,A
6668,21,Female,0.18,2.98,7.97,78.01,FPS,0.5,4.46,292.06,0.75,Medium,68.55,D+
6669,18,Other,2.84,6.54,4.42,68.36,Casual,3.91,4.79,286.69,5.6,Medium,62.37,D-
6670,23,Male,7.35,9.7,7.52,90.4,Casual,2.09,13.24,231.32,15.83,Low,81.90289977910561,B-
6671,21,Male,7.97,2.12,6.41,79.68,Casual,3.24,11.57,222.91,18.54,Low,12.87,F
6672,22,Male,7.56,5.57,4.67,81.89,RPG,3.25,13.28,220.94,16.26,Low,40.78,F
6673,16,Male,5.84,1.46,5.32,61.48,Casual,2.73,10.41,255.57,15.08,Low,20.41,F
6674,18,Male,4.47,3.89,4.23,84.9,FPS,0.89,5.67,256.59,16.07,Medium,52.75,F
6675,18,Female,4.73,6.59,5.8,68.11,Casual,3.08,8.42,270.29,10.79,Medium,57.43,F
6676,17,Male,4.31,8.57,5.28,75.34,RPG,1.61,9.77,272.16,8.19,High,82.17102272768523,B-
6677,22,Female,5.66,7.57,5.91,76.51,Casual,4.1,6.92,266.1,16.16,High,77.28852241285136,C+
6678,24,Female,3.35,5.17,6.9,77.95,FPS,0.97,8.68,275.16,10.06,Medium,71.23,C-
6679,19,Male,5.35,9.18,7.66,69.1,Casual,1.46,9.42,269.17,12.47,Low,100,A
6680,20,Male,0.97,3.72,7.03,94,RPG,2.2,2.19,310.48,1.8,Medium,80.22,B-
6681,18,Female,2.13,7.79,7.39,77.11,FPS,3.7,5,293.69,3.59,Medium,95.29,A
6682,24,Female,6.69,5.27,8.33,84.49,FPS,3.6,7.84,231.19,13.28,Low,58.12,F
6683,19,Female,7.23,9.09,8.37,84.56,FPS,1.69,8.24,237.2,13.41,Low,91.82811324049064,A-
6684,20,Female,4.31,8.18,8.3,84.28,RPG,2.55,9.79,263.52,9.82,Medium,95.15,A
6685,16,Other,0.25,9.11,4.77,82.37,FPS,1.17,4.99,316.72,4.04,High,85.9,B
6686,17,Female,7.42,2.93,5.26,92.91,RPG,3.85,9.87,238.73,18.01,Low,32.82109862276665,F
6687,24,Female,5.62,7.01,6.51,92.5,Casual,0.98,7.19,252.25,11.57,Low,86.80754348191208,B
6688,17,Female,3.31,7.65,5.79,76.69,Casual,4.1,4.58,283.45,8.26,High,92.64,A-
6689,20,Female,4.79,7.68,4.66,85.43,FPS,4.68,10.38,277.66,16.57,High,68.88,D+
6690,23,Male,3.44,5.54,5.44,64.11,FPS,4.96,7.57,284.35,7.26,Medium,50.48,F
6691,18,Other,3.72,1.1,8.88,63.63,FPS,4.28,5.52,268.57,5.07,Medium,53.99,F
6692,21,Male,7.09,3.35,5.73,79.2,FPS,1.11,11.5,230.87,18.05,Low,22.94,F
6693,19,Female,1.29,3.91,6.09,96.01,Casual,2.08,7.28,305.93,4.11,Medium,81,B-
6694,22,Male,0.83,8.67,4.03,86,RPG,0.44,5.77,331.26,3.08,High,95.12,A
6695,18,Male,0.02,8.57,7.6,86.77,RPG,0.82,3.25,306.41,1.9,Medium,100,A
6696,21,Male,2.51,1.94,6.07,66.31,FPS,0.25,7.58,291.78,10.03,Medium,37.19,F
6697,24,Male,1.18,9.55,4.52,78.13,Casual,3.21,5.9,319.48,4.98,High,99.44,A
6698,16,Male,1.76,2.64,8.84,76.03,Casual,2.67,3.2,305.03,0,Medium,66.49,D
6699,18,Female,0.09,4.73,7.89,91.32,RPG,4.59,5.72,317.6,3.71,Medium,89.55,B+
6700,17,Male,1.82,2.94,7.63,65.51,Casual,2.32,7.24,280.96,6.81,Medium,63.48,D
6701,23,Male,2.66,8.74,8.79,81.57,FPS,3.21,6.61,303.19,5.57,Medium,92.77,A-
6702,22,Male,0.25,7.74,6.04,96.45,FPS,2.01,3.79,312.27,-1.13,Medium,100,A
6703,17,Female,4.86,4.18,7.59,95.7,Casual,4.15,7,252.15,10.03,Medium,56.39,F
6704,21,Male,4.55,7.14,5.03,94.09,Casual,4.63,9.72,267.91,7.08,High,72.45,C-
6705,18,Male,0.78,2.66,7.49,75,FPS,2.16,3.94,324.91,-0.43,Medium,63.36,D
6706,23,Female,4.76,4.44,4.07,97.64,FPS,0.41,8.66,266.93,8.77,Medium,55.78,F
6707,18,Female,7.99,4.39,4.63,92.21,RPG,0.82,9.84,220.47,14.4,Low,31.48,F
6708,24,Male,7.56,3.14,6.13,94.05,Casual,3.6,9.63,231.76,17.91,Low,40.68892407475515,F
6709,16,Male,0.02,8.89,4.06,97.29,Casual,1.63,5.95,320.94,2.7,High,98.22,A
6710,20,Male,6.36,7.11,6.31,97.48,FPS,3.93,9.83,239,15.15,Low,69.06381044261325,D+
6711,18,Other,2.83,3.52,6.61,69.6,RPG,3.75,7.91,286.71,8.62,Medium,61.832764025623824,D-
6712,21,Male,0.51,3.18,7.11,65.11,RPG,3.47,5.66,305.64,0.52,Medium,63.38,D
6713,17,Female,2.37,1.16,4.5,87.63,RPG,4.07,8.28,281.67,6.57,Medium,55.04320690964128,F
6714,24,Male,2.57,4.12,4.91,82.53,RPG,3.78,8.48,294.69,7.64,Medium,77.10839948150051,C+
6715,21,Female,4.19,5.74,7.07,73.1,RPG,3.16,7.47,265.78,9.75,Medium,70.35,C-
6716,22,Male,5.29,3.5,7.29,87.38,FPS,0.02,11.04,256.26,14.41,Low,55.62,F
6717,20,Male,5.99,7.3,4.13,62.48,RPG,2.58,8.82,240.4,15.25,High,60.55314454059129,D-
6718,24,Male,1.97,4.71,6.7,61.89,FPS,2.98,6.01,290.69,6.7,Medium,84.76320153940233,B
6719,16,Male,2.57,3.85,7.92,74.17,FPS,4.8,7.68,284.33,11.22,Medium,58.05,F
6720,20,Male,2.47,9.45,4.35,67.75,FPS,3.25,8.04,284.49,8.6,High,83.05,B
6721,21,Female,2.9,3.37,6.07,88.74,FPS,2.88,6.52,281.1,6.54,Medium,64.76,D
6722,22,Other,8,4.58,5.63,97.92,RPG,2.71,11.09,225.97,20.11,Low,37.73,F
6723,19,Male,6.22,4.44,8.57,86.47,FPS,0.52,10.86,259.26,12.32,Low,53.12,F
6724,16,Female,7.8,3.17,4.93,86.19,RPG,2.14,11.08,234.01,18.31,Low,14.49,F
6725,23,Other,5.54,2.96,5.59,60.26,Casual,0.67,9.9,250.17,12.96,Low,31.76,F
6726,19,Female,3.25,3.72,8.49,80.49,FPS,0.26,8.27,274.67,7.29,Medium,66.54,D
6727,18,Male,3.12,8.78,5.65,92.68,FPS,1.65,8.33,264.77,9.26,High,96.77,A
6728,22,Female,3.91,7.9,6.66,86.16,RPG,3.23,6.18,266.35,8.38,Medium,97.27794382951768,A
6729,17,Male,3.33,7.13,4.17,69.11,FPS,4.33,7.19,269.06,4.9,High,75.78,C
6730,23,Female,6.63,5.11,8.92,93.94,RPG,4.05,7.76,240.99,14.19,Low,65.93,D
6731,21,Male,3.72,5.57,8.12,98.58,FPS,1.47,8.71,292.05,7.87,Medium,79.75,C+
6732,22,Male,2.36,3.4,7.17,71.16,FPS,0.23,3.99,287.73,5.78,Medium,64.92,D
6733,20,Male,6.2,1.67,4.3,68.28,Casual,2.01,11.56,231.07,14.83,Low,32.08635802955138,F
6734,24,Male,6.84,3.98,4.37,73.54,FPS,1.57,9.87,235.96,16.06,Low,25.64,F
6735,20,Female,3.36,5.46,6.72,62.53,FPS,1.86,5.2,275.27,3.1,Medium,66.96,D
6736,20,Male,5.34,1.52,5.43,94.94,FPS,2.8,10.32,268.53,11.19,Low,34.62,F
6737,18,Female,0.47,1.79,7.11,97.17,FPS,0.15,2.47,295.51,2.15,Medium,67.77,D+
6738,16,Male,4.24,3.37,6.99,85.33,FPS,1.85,7.21,259.2,15.73,Medium,51.95,F
6739,17,Male,0.36,4.3,8.19,90.57,FPS,2.79,4.19,323.29,2.91,Medium,91.84,A-
6740,23,Female,0.23,4.54,5.41,86.75,RPG,2.15,3.03,301.54,0.98,Medium,77.89052381901317,C+
6741,16,Other,4.9,2.06,6.89,75.09,Casual,3.34,6.8,266.94,12.5,Medium,50.04,F
6742,22,Male,2.43,3.03,7.89,85.28,RPG,0.93,5.46,284.19,5.2,Medium,75.94,C
6743,20,Male,5.94,3.35,6.45,93.45,RPG,0.77,7.66,258.98,13.61,Low,46.24,F
6744,18,Female,7.17,1.61,8.15,92.4,Casual,1.54,11.77,233.47,16.74,Low,31.61,F
6745,22,Male,1.12,3.93,4.66,63.24,Casual,0.51,2.98,304.96,5.31,Medium,59.94,F
6746,24,Female,5.8,1.65,7.67,78.5,RPG,1.18,9.21,256.39,14.63,Low,36.55,F
6747,17,Female,4.12,7.33,8.71,75.89,Casual,0.43,7.92,270.75,9.18,Medium,90.26,A-
6748,23,Male,0.9,4.47,5.66,90.08,RPG,2.01,6.63,296.84,1.66,Medium,71.36,C-
6749,24,Male,5.21,3.94,5.83,80.06,Casual,3.56,6.6,252.27,8.98,Low,54.53,F
6750,18,Male,4.88,2.14,4.42,73.99,RPG,1.43,10.53,245.17,13.18,Medium,36.28,F
6751,17,Male,4.13,3.04,7.21,88.25,Casual,0.02,6.17,261.8,9.18,Medium,56.24,F
6752,22,Female,7.41,3.09,6.76,78.94,RPG,2.79,12.61,209.69,17.47,Low,32.9,F
6753,20,Female,4.17,9.87,4.2,70.26,RPG,3.46,5.62,293.34,9.57,High,75.5,C
6754,20,Female,7.92,8.52,7.76,95.62,RPG,1.96,13.86,224.7,17.17,Low,75.66088797658698,C
6755,20,Female,4.07,1.14,8.15,64.52,Casual,1.48,9.11,276.49,10.45,Medium,53.46,F
6756,19,Male,0.93,6.55,8.54,60.72,Casual,2.45,2.24,300.49,2.49,Medium,95.85,A
6757,20,Female,3.76,3.3,6.73,65.76,FPS,0.51,5.83,280.14,5.68,Medium,54.36,F
6758,19,Male,1.46,1.94,6.26,66.55,RPG,3.22,5.2,310.22,3.57,Medium,58.46,F
6759,21,Female,4.78,7.35,8.38,81.52,FPS,3.67,8.4,272,12.15,Medium,80.8,B-
6760,19,Male,5.55,2.18,5.99,84.99,FPS,3.52,9.7,252.57,14.57,Low,36.24,F
6761,17,Female,3.75,4.99,7.28,77.94,Casual,1.64,7.07,285.15,7.54,Medium,64.05,D
6762,24,Female,0.78,6.69,7.08,68.17,RPG,4.21,5.45,304.56,4.89,Medium,90.79,A-
6763,17,Male,3.75,5.99,5.86,65.29,FPS,4.73,6.49,278.74,7.64,Medium,69.67,D+
6764,24,Male,0.65,9.8,4.43,79.69,RPG,1.49,2.53,312.68,0.48,High,98.12,A
6765,21,Female,5.46,8.07,4.11,82.62,RPG,1.31,6.63,242.73,15.33,High,79.27524265416011,C+
6766,24,Male,6.32,7.97,6.14,72.16,FPS,3.52,8.94,225.86,13.12,Low,73.1614876858559,C
6767,24,Female,7.7,4.2,6.41,68.82,FPS,3.54,10.83,224.61,14.02,Low,28.42,F
6768,18,Female,1.19,1.08,8.11,63.22,RPG,2.55,5.49,302.77,3.65,Medium,65.20422943760231,D
6769,16,Female,4.26,7.61,6.07,61.05,FPS,4.62,9.29,266.18,10.5,Medium,69.54,D+
6770,16,Male,4.54,10,5.41,64.23,FPS,0.73,6.74,276.02,12.01,High,87.5658099368652,B+
6771,18,Female,7.38,4.65,6.31,89.68,FPS,2.39,10.85,245.2,15.78,Low,42.97,F
6772,20,Male,5.02,9.87,5.19,73.76,Casual,0.18,7.19,266.33,11.88,High,85.19470312082487,B
6773,18,Male,1.16,2.28,4.46,61.1,FPS,0.26,6.92,311.95,7.33,Medium,54.73,F
6774,24,Female,3.49,3.67,4.57,80.33,Casual,0.27,7.73,277.32,7.93,Medium,46.58,F
6775,24,Female,5.24,2.54,5.6,81.44,RPG,2.46,9.63,258.89,13.26,Low,49.02517687849388,F
6776,18,Male,5.6,5.28,4.06,77.15,FPS,2.94,9.26,257.1,12.9,Low,55.62,F
6777,18,Male,6.9,8.17,5.1,64.43,RPG,0.02,9.31,238.6,15.46,High,63.187852631236105,D
6778,20,Female,1.44,4.07,7.94,90.2,RPG,3.16,3.44,308.65,4.08,Medium,78.12,C+
6779,17,Female,7.61,9.16,5.17,87.56,Casual,2.45,11.89,229.14,17.65,High,71.53113827581981,C-
6780,21,Female,0.47,5.9,4.55,75.79,Casual,1.12,6.08,309.41,3.17,Medium,77.12,C+
6781,22,Male,7.87,5.19,8.75,75.23,FPS,0.08,9.93,228.17,16.82,Low,46.84,F
6782,24,Female,6.86,8.08,7.11,66.24,Casual,0.78,10.72,235.32,15.1,Low,76.4345615524647,C
6783,21,Female,5.28,1.91,4.3,90.14,FPS,3,8.93,271.16,17.05,Low,27.88,F
6784,18,Female,5.88,7.96,4.31,83.98,FPS,3.29,10.09,245.17,15.08,High,70.50114415436701,C-
6785,20,Female,0.58,3.19,7.06,63.43,FPS,3.24,4.52,341.64,3.13,Medium,68.25,D+
6786,19,Male,0.33,3.53,6.7,75.12,RPG,0.77,2.69,332.44,1.16,Medium,75.33,C
6787,20,Other,0.81,6.4,4.34,96.14,FPS,4.56,5.27,298.95,5.81,Medium,84.33,B
6788,23,Male,0.7,9.12,5.12,78.09,RPG,2.05,3.06,324.12,0.95,High,97.1,A
6789,23,Male,4.38,6.21,8.65,73,Casual,3.84,8.64,266.19,8.32,Medium,77.04,C+
6790,21,Female,1.72,6.84,6.86,85.75,Casual,0.83,4.22,305.02,1.97,Medium,98.36,A
6791,16,Female,6.88,7.99,6.2,68.12,Casual,2.35,8.29,253.21,17.06,Low,55.71096316223149,F
6792,23,Female,3.57,3.33,5.25,80.95,FPS,2.61,5.21,269.41,10.45,Medium,46.82,F
6793,23,Female,5.56,8.45,4.67,86.78,RPG,3.85,10.73,248.65,14.02,High,82.3701497652394,B-
6794,17,Male,5.22,4.76,6.01,94.2,Casual,3.11,6.83,264.89,10.12,Low,60.46,D-
6795,19,Female,2.56,2.58,8.61,87.7,FPS,2,5.21,285.61,5.35,Medium,78.9,C+
6796,17,Male,1.95,4.15,4.24,75.38,Casual,1.41,4.39,274.35,9.2,Medium,63.46,D
6797,19,Female,2.74,3.22,8.95,90.71,FPS,4.86,4.03,296.76,5.94,Medium,74.49,C
6798,22,Male,6.37,3.06,5.04,95.94,RPG,1.42,10.37,247.25,15.43,Low,31.82,F
6799,24,Female,4.69,3.54,6.04,79.11,Casual,0.65,9.68,263.49,11,Medium,52.1,F
6800,23,Male,2.03,2.63,4.23,60.18,Casual,1.5,7.99,296.89,7.22,Medium,39.48,F
6801,24,Female,6.54,7.01,6.92,95.24,RPG,1.63,12.22,263.9,16.68,Low,78.97059626672973,C+
6802,23,Female,0.44,6.22,6.42,66.62,Casual,0.64,1.69,324.85,5.12,Medium,77.65,C+
6803,17,Male,5.59,6.84,7.33,65.05,FPS,3.54,7.88,244.31,12.15,Low,52.88,F
6804,22,Female,3.51,4.09,6.71,72.31,RPG,3.1,6.57,279.11,9.58,Medium,82.54653785223002,B-
6805,17,Female,5.85,7.93,5.99,75.2,RPG,1.58,11.23,261.66,13.68,High,83.53029808298817,B
6806,17,Female,7.42,2.17,7.69,91.98,RPG,4.97,10.22,242.61,16.61,Low,34.99,F
6807,19,Female,6,6.14,4.13,75.57,RPG,3.28,9.85,232.98,14.61,Low,51.18,F
6808,16,Male,3.54,3.48,6.71,61.95,Casual,3.52,7.84,272.51,8.82,Medium,60.11,D-
6809,20,Male,1.21,5.75,4.57,85.44,FPS,2.79,3.7,294.14,4.14,Medium,81.56,B-
6810,21,Male,6.45,3.91,6.18,86.85,FPS,2.76,10.36,249,13.44,Low,45.81,F
6811,24,Male,3.69,8.11,7.96,92.57,Casual,0.1,4.94,266.65,9.01,Medium,91.59,A-
6812,23,Male,0.6,9.02,4.71,75.95,RPG,3.85,4,328.35,3.01,High,93.95,A
6813,17,Female,5.75,7.68,8.68,63.44,RPG,4.55,8.64,263.95,11.84,Low,69.58752044641787,D+
6814,16,Male,2.33,2.58,8.44,82.12,FPS,0.61,5.11,289.57,5.82,Medium,76.04229928395301,C
6815,17,Male,0.39,3.47,6.07,64.84,FPS,3.98,2.56,302.67,4.48,Medium,68.90291339127616,D+
6816,22,Male,7.22,9.27,4.03,60.68,FPS,2.67,12.31,225.47,16.78,High,63.51456627958855,D
6817,19,Female,3.86,4.93,7.95,91.14,FPS,1.43,9.27,278.19,11.28,Medium,77.7,C+
6818,20,Female,2.25,9.47,8.4,76.14,RPG,4.6,7.69,301.52,8.07,Medium,100,A
6819,22,Male,5.73,4.53,4.87,81,Casual,0.09,8.71,250.86,14.11,Low,48.68,F
6820,18,Female,7.09,9.57,8.58,86.51,Casual,1.37,9.39,209.24,13.12,Low,90.94979225653108,A-
6821,17,Male,0,9.33,8.57,76.04,FPS,4.43,1.49,326.8,-1.33,Medium,100,A
6822,22,Other,5.5,6.94,6.36,62.05,FPS,2.41,9.86,233.8,11.68,Low,56.7,F
6823,20,Female,6.14,1.08,7.99,70.11,RPG,2.99,8.79,225.13,14.82,Low,28.16,F
6824,16,Male,1.68,4.6,6.22,67.77,FPS,3.75,4.06,309.82,5.07,Medium,71.92,C-
6825,16,Female,3.92,9.2,6.82,99.1,Casual,0.74,6.78,261.1,9.69,Medium,91.62,A-
6826,24,Female,0.71,8.97,5.6,89.58,RPG,1.08,4.48,313.99,3.06,High,99.83,A
6827,20,Male,5.97,2.69,4.8,78.06,Casual,4.99,7.78,249.28,10.2,Low,39.193113266029,F
6828,16,Female,6.78,4.59,7.73,62.53,FPS,1.19,12.59,230.59,15.26,Low,37.33,F
6829,22,Male,0.87,8.52,4.01,64.63,FPS,2.7,5.53,311.62,4.49,High,81.61,B-
6830,24,Male,6.53,6.2,6.9,92.52,FPS,1.49,7.76,236.14,13.33,Low,72.37486187229676,C-
6831,16,Male,6.17,8.63,8.32,97.82,FPS,4.26,8.7,246.44,13.96,Low,100,A
6832,19,Male,2.78,8.44,5.11,61.25,RPG,4.81,4.03,282.78,3.07,High,84.34,B
6833,18,Male,5.52,9.17,5.66,96.42,Casual,0.71,7.67,248.75,12.09,High,94.52542434084218,A
6834,20,Female,0,2.05,6.94,75.22,FPS,3,2.43,313.4,-2.96,Medium,69.45,D+
6835,22,Male,7.45,2.31,5.23,68.55,FPS,4.06,12.04,221.62,14.59,Low,14.23,F
6836,23,Male,4.4,1.75,8.24,64.09,FPS,4.12,8.99,275.73,9.15,Medium,54.17,F
6837,17,Female,4.96,9.42,5.83,90.87,RPG,2.2,6.19,255.95,6.85,High,92.81,A-
6838,22,Female,5.32,5.28,6.91,78.76,RPG,1.13,9.26,244.84,11.01,Low,58.04,F
6839,16,Other,4.49,1.58,5.13,93.3,Casual,1.94,10.29,262.03,12.43,Medium,40.22,F
6840,22,Female,6.85,3.89,4.21,69.05,Casual,3.76,10.99,232.52,18.1,Low,21.73,F
6841,23,Other,4.88,4.16,4.87,87.14,RPG,4.97,10.68,257.5,11.59,Medium,48.54,F
6842,17,Female,7.26,8.29,4.23,64.72,RPG,2.77,10.16,240.01,14.66,High,49.81814717079106,F
6843,24,Other,4.66,7.62,6.34,63.59,Casual,0.98,7.96,257.8,10.73,Medium,67.11,D+
6844,16,Female,1.37,7.2,6.93,65.34,FPS,0.21,4.85,299.76,3.94,Medium,96.28,A
6845,21,Male,7.31,1.2,4.22,92.36,FPS,4.72,12.93,238.71,15.4,Low,7.14,F
6846,16,Male,5.45,9.2,4.45,86.22,FPS,2.42,8.35,259.04,13.43,High,85.66926106554389,B
6847,18,Female,5.59,2.94,6.43,66.64,FPS,3.58,11.51,246.05,13.55,Low,39.71,F
6848,21,Male,7.88,6.66,8,75.39,FPS,3.3,11.6,235.1,16.3,Low,48.89,F
6849,18,Male,0.6,1.56,7.14,90.55,FPS,4.45,2.69,321.89,1.11,Medium,69.91,D+
6850,23,Female,3.43,1.73,4.52,71.43,FPS,1.33,4.95,287.23,12.32,Medium,43.17,F
6851,20,Female,1.91,1.09,8.44,96.85,Casual,2.21,3.77,300.11,6.3,Medium,65.99,D
6852,17,Male,5.04,6.09,8.59,96.58,RPG,4.57,6.24,257.78,10,Low,82.70191863123239,B-
6853,19,Female,6.45,6.66,5.62,82.12,FPS,2.93,10.91,231.86,10.26,Low,54.54,F
6854,24,Female,7.73,1.45,7.08,85.28,Casual,0.36,11.31,213.4,13.84,Low,16.3,F
6855,19,Other,3.64,3.61,6.46,86.13,RPG,0.97,8.33,275.47,9.8,Medium,67.62,D+
6856,23,Female,6.29,8.66,8.71,70.34,FPS,1.19,11.2,244.66,14.45,Low,86.60054332290531,B
6857,20,Female,7.34,1.91,6.54,74.61,Casual,4.97,13,229.31,15.21,Low,24.79,F
6858,16,Female,5.47,2.95,8.8,65.44,FPS,1.12,7.05,253.25,11.47,Low,39.46,F
6859,22,Male,1.94,4.82,5,96.99,Casual,4.35,3.87,310.36,3.36,Medium,73.75,C
6860,18,Female,4.86,8.58,5.73,88.95,Casual,0.39,8.6,277.95,10.31,High,74.23,C
6861,23,Female,7.76,3.29,7.91,61.85,Casual,0.91,9.41,215.82,16,Low,20.48,F
6862,18,Female,7.9,9.97,7.92,81.98,RPG,4.36,9.36,228.09,14.5,Low,82.64342271053374,B-
6863,16,Female,5.14,4.2,7.66,73.72,Casual,4.49,9.47,258.84,9.67,Low,56.49,F
6864,20,Male,7.1,4.48,8.3,92.61,FPS,0.88,11.72,241.55,13.8,Low,57.69,F
6865,17,Female,1.6,2.1,7.51,73.75,FPS,1.15,6.82,318.14,5,Medium,64.71,D
6866,19,Male,1.97,7.12,7.18,85.77,RPG,2.65,7.55,318.24,3.56,Medium,97.05,A
6867,16,Male,7.62,3.19,6.29,66.63,Casual,0.26,10.83,235.76,21.23,Low,23.92,F
6868,24,Male,1.08,6.66,6.34,82.35,RPG,4.73,6.98,307.44,6.98,Medium,89.14,B+
6869,21,Male,1.53,3.01,6.03,71.76,Casual,1.81,2.72,298.01,5.09,Medium,64.8,D
6870,23,Female,3.36,4.49,7.1,66.6,FPS,2.45,8.71,304.55,7.62,Medium,73.44,C
6871,19,Male,4.72,8.71,6.03,84.77,Casual,0.53,7.33,255.69,9.05,Medium,83.24,B
6872,24,Male,4.83,7.65,4.74,85.55,Casual,0.16,10.44,270.27,9.63,High,79.73,C+
6873,17,Female,2.34,2.39,4.53,99.33,RPG,2.34,4.45,289.28,9.41,Medium,55.22,F
6874,24,Male,7.36,6.47,8.62,86.76,Casual,0.61,12.06,218.29,19.76,Low,56.29,F
6875,20,Male,7.32,6.66,4.12,80.63,FPS,3.15,10.45,249.32,17.55,Low,53.49459617228834,F
6876,21,Male,3.14,1.82,4.53,96.5,Casual,3.97,6.05,264.9,7.49,Medium,53.18,F
6877,18,Male,3.47,5.19,6.23,93.13,Casual,0.16,4.77,256.87,6.81,Medium,68.59,D+
6878,19,Male,5.62,3.35,5.31,81.95,FPS,3.06,10.15,259.56,14.52,Low,41.1,F
6879,21,Male,5.3,5.2,6.03,80.45,RPG,4.08,7.18,253.36,14.74,Low,54.73,F
6880,22,Female,3.06,7.99,4.59,97.68,RPG,2.2,6.37,287.6,9.06,High,77.99,C+
6881,16,Male,3.31,2.42,4.65,84.69,FPS,4.8,5.02,280.21,5.25,Medium,49.2950940743349,F
6882,22,Male,2.78,2.11,8,88.55,FPS,0.56,6.8,292.65,6.04,Medium,60.93,D-
6883,16,Female,1.88,3.42,7.8,63.47,FPS,1.61,4.04,294.48,5.78,Medium,76.36,C
6884,20,Male,3.67,9.57,4.52,88.73,RPG,1.15,7.64,284.98,7.6,High,92.31,A-
6885,21,Female,5.49,7.73,7.34,70.59,RPG,4.98,11.22,263.43,12.9,Low,78.59394826200412,C+
6886,17,Female,5.94,1.18,7.05,64.62,Casual,1.47,11.54,264.21,17.7,Low,28.512611886234833,F
6887,24,Male,6.23,4.61,7.57,93.99,FPS,1.94,8.23,257.88,12.83,Low,50.67,F
6888,21,Female,3,3.32,6.37,87.65,RPG,4.24,4.5,282.94,3.6,Medium,56.51,F
6889,22,Male,6.12,6.74,5.35,76.3,FPS,4.65,7.33,253.52,18.62,Low,50.04,F
6890,23,Male,0.05,5.13,7.32,77.26,RPG,4.69,5.19,323.57,4.85,Medium,73.09,C
6891,16,Female,3.82,9.68,5.86,67.88,Casual,2.79,6.07,278.37,8.64,High,83.1992553483574,B
6892,23,Female,6.35,2.97,5.09,60.38,FPS,3.32,8.77,230.56,13.9,Low,11.49,F
6893,19,Female,5.04,6.29,6.04,73.97,FPS,1.75,7.17,267.05,6.89,Low,53.71,F
6894,23,Female,3.79,7.3,7.82,65.94,RPG,3.04,8.99,280.61,9.39,Medium,85.94,B
6895,21,Male,5.16,8.43,6.38,76.87,FPS,1.51,11.05,276.28,11.78,Low,98.99170127340872,A
6896,24,Female,7.26,4.66,5.5,93.35,RPG,3.73,12.04,244.54,17.11,Low,48.94,F
6897,19,Female,4.53,7.18,8.16,64.59,FPS,1.54,9.65,267.14,14.88,Medium,77.06,C+
6898,17,Other,6.4,3.73,8.41,63.67,FPS,4.4,10.5,242.18,15.73,Low,38.86,F
6899,17,Female,7.85,4.92,6.17,96.08,RPG,0.72,11.49,215.76,21.58,Low,36.88,F
6900,20,Female,5.64,9.06,5.87,89.81,Casual,2.86,10.25,270.5,10.79,High,100,A
6901,24,Male,4.59,9.55,7.06,62.12,RPG,2.6,5.77,254.27,6.69,Medium,94.84,A
6902,18,Female,0.3,7.47,4.29,63.18,FPS,1.32,1.61,297.71,3.74,High,75.65,C
6903,23,Male,3,4.37,7.46,87.4,FPS,0.14,7.44,293,8.43,Medium,71.9,C-
6904,19,Male,4.52,8.38,7.91,74.81,Casual,0.74,7.2,266.63,11.31,Medium,85.63,B
6905,21,Female,6.38,1.23,5.99,88.97,Casual,4.84,9.82,246.08,14.43,Low,25.36,F
6906,21,Male,3.5,1.92,4.87,76.18,FPS,4.71,8.41,279.87,9.85,Medium,30.71,F
6907,18,Other,7.68,6.95,4.14,98.71,Casual,0.6,11.57,217.26,18.68,Low,43.93,F
6908,20,Male,2.17,3.62,7.19,87.78,Casual,1.87,7.2,297.65,7.36,Medium,63.66,D
6909,18,Female,5.96,9.56,5.34,61.86,FPS,2.33,9.06,245.25,12.33,High,90.79729572168176,A-
6910,16,Male,3.35,4.92,6.32,73.22,Casual,2.39,5.79,275.17,12.58,Medium,67.36,D+
6911,22,Male,3.89,4.86,5.93,82.54,RPG,1.49,6.06,287.55,9.05,Medium,67.88,D+
6912,19,Male,6.42,7.1,4.87,65.67,FPS,4.56,8.08,250.87,13.27,High,52.2946666647188,F
6913,22,Female,2.37,7.91,6.54,60.1,FPS,4.54,3.55,268.55,4.64,Medium,82.11,B-
6914,18,Male,0.77,5.28,6.3,63.17,FPS,0.09,2.04,312.92,2.86,Medium,84.69,B
6915,20,Female,4.16,2.93,7.12,80.97,Casual,3.25,6.51,280.74,9.01,Medium,58.5,F
6916,20,Male,4.23,7.96,5.26,85.29,Casual,0.37,6.62,256.78,5.6,High,79.1,C+
6917,17,Male,6.38,3.88,5.07,63.72,FPS,2.99,9.29,234.8,13.71,Low,37.16,F
6918,17,Male,7.75,2.58,8.07,86.61,RPG,4.33,11.71,237,15.31,Low,40.4,F
6919,19,Male,0.44,6.68,7.51,84.68,RPG,3.25,5.24,310.18,3.81,Medium,100,A
6920,19,Female,4.73,1.81,7.86,97.6,RPG,2.34,6.72,243.46,10.39,Medium,56.25,F
6921,19,Female,5.45,9.74,4.62,93.63,Casual,4.79,10.25,266.6,11.97,High,97.08827377183812,A
6922,21,Male,7.89,6.69,5.12,97.73,RPG,3.73,9.58,223.58,18.51,Low,43.97,F
6923,17,Female,7.54,9.87,6.88,98.64,FPS,1.25,13.48,233.26,17.91,Low,86.04397280172678,B
6924,21,Female,5.7,4.05,8.29,77.63,FPS,1.93,8.13,251.11,11.86,Low,56.94,F
6925,22,Male,4.17,9.74,8.46,79.52,RPG,3.8,9.36,281.17,10.21,Medium,100,A
6926,18,Male,1.29,2.31,8.16,71.26,RPG,0.1,3.24,293.53,2.79,Medium,79.21673264135691,C+
6927,23,Female,3.07,1.37,4.22,80.34,RPG,0.32,8.82,289.8,10.03,Medium,37.74,F
6928,17,Male,4.68,1.3,8.1,66.03,RPG,4.3,9.81,277.03,10.37,Medium,26.11,F
6929,23,Male,5.8,5.18,8.5,86.86,Casual,0.21,8.6,236.91,13.14,Low,66.58,D
6930,20,Male,5.08,1.75,4.28,61,RPG,3.39,8.19,251.64,10.71,Low,23.56,F
6931,17,Female,5.71,5.61,6.08,69.43,Casual,1.59,6.73,267.93,10.64,Low,52.16,F
6932,22,Male,3.43,3.95,6.68,68.32,FPS,4.13,5.69,289.65,8.94,Medium,77.59284015163188,C+
6933,17,Male,5.82,4.02,5.16,97.52,Casual,4.24,8.27,241.97,10.99,Low,47.72,F
6934,21,Male,1.15,6.72,6.58,65.8,FPS,4.77,4.41,294.05,4.97,Medium,84.89,B
6935,18,Male,1.3,2.47,8.43,95.63,RPG,0.48,3,307.23,4.07,Medium,82.7,B-
6936,24,Male,1.3,7.9,8.33,64.97,RPG,2.11,4.69,307.7,6.95,Medium,100,A
6937,18,Female,7.13,6.24,8.7,86.03,FPS,2.87,11.47,233.85,12.91,Low,65.55,D
6938,18,Male,0.61,9.23,6.42,72.8,Casual,4.58,3.47,336.01,4.69,Medium,98.96,A
6939,20,Female,6.41,4.28,6.05,72.64,FPS,1.33,8.57,249.55,13.29,Low,35.14,F
6940,22,Male,1.87,9.84,7.33,99.93,RPG,0.36,5.61,289.16,2.03,Medium,100,A
6941,23,Female,3.75,6.18,6.08,69.04,Casual,1.01,4.9,285.58,6.76,Medium,58.94,F
6942,22,Female,7.33,9.76,4.21,68.1,FPS,2.48,10.03,232.62,17.03,High,66.12387710859605,D
6943,24,Male,4.69,1.24,7.6,83.57,Casual,3.41,8.33,256.95,11.03,Medium,50.55,F
6944,20,Female,1.68,7.55,5.4,89.63,RPG,3.45,4.36,308.85,7.4,High,90.8,A-
6945,18,Female,2.27,8.35,4.25,99.3,Casual,0.37,5,307.52,5.23,High,83.27,B
6946,21,Female,7.36,1.48,4.1,88.06,RPG,3.81,12.6,233.84,17.27,Low,9.12,F
6947,20,Male,3.42,6.21,8.66,82.47,RPG,3.3,9.09,269.19,9.31,Medium,85.09,B
6948,19,Other,4.7,8.22,5.26,76.37,FPS,2.04,9.84,264.73,9.93,High,69.16,D+
6949,17,Female,3.68,6.05,6.24,83.8,Casual,2.86,5.17,266.28,8.05,Medium,72.64,C-
6950,22,Other,3.03,1.57,8.75,84.03,FPS,3.84,5.48,285.91,6.85,Medium,60.34,D-
6951,20,Female,1.79,7.24,6.34,68.71,RPG,1.31,6.35,306.06,6.04,Medium,89.63,B+
6952,19,Male,5.49,1.55,4.39,86.85,FPS,4.7,11.36,234.35,14.03,Low,26.74,F
6953,23,Female,5.75,8.36,6.76,68.18,FPS,0.69,7.96,258.16,12.61,Low,88.62822128891695,B+
6954,24,Female,2.2,1.39,4.44,79.6,FPS,4.51,7.69,289.86,7.34,Medium,44.34,F
6955,24,Other,6.31,2.24,4.48,70.39,Casual,3.7,11.01,238.66,17.17,Low,16.82,F
6956,18,Male,6.84,3.48,8.26,72.51,RPG,3.3,12.76,224.65,14.68,Low,43.67,F
6957,18,Female,7.37,6.7,5.45,84.56,RPG,0.41,8.84,220.82,14.03,Low,47.05,F
6958,20,Male,1.29,9.79,7.39,62.58,Casual,4.6,4.26,322.17,6.9,Medium,100,A
6959,20,Female,2.43,2.06,6.54,60.48,Casual,1.48,5.82,299.33,9.1,Medium,54.16,F
6960,17,Male,6.88,2.28,5.11,65.22,FPS,3.73,11.24,250.39,16.46,Low,24.3,F
6961,16,Male,1.59,4.32,6.59,66.75,RPG,4.42,5.86,292.35,9.36,Medium,67.6,D+
6962,23,Female,0.03,8.53,4.34,67.91,Casual,1.22,5.56,337.63,3.8,High,97.56,A
6963,18,Male,6.97,5.21,5.74,90.96,FPS,4.57,12.16,235.69,20.28,Low,44.38,F
6964,16,Female,2.61,3.89,6.61,77.87,RPG,3.06,3.89,280.79,8.78,Medium,64.42,D
6965,16,Female,3.32,6.05,5.14,78.8,RPG,3.3,6.75,269.38,11.61,Medium,63.35,D
6966,17,Male,3.57,3.34,7.3,85.77,FPS,4.57,6.61,266.68,6.36,Medium,65.21,D
6967,21,Male,6.79,4.61,4.26,89.16,Casual,2.63,12.78,231.05,17.91,Low,28.95,F
6968,21,Female,2.7,3.99,6.42,60.14,FPS,2.2,5.84,278.66,6.8,Medium,61.48,D-
6969,18,Male,7.14,8.24,7.57,94.27,FPS,3.17,11.55,243.36,13.81,Low,84.12474041044271,B
6970,19,Female,4.94,9.32,6.15,99.54,Casual,2.77,7.36,286.73,13.76,Medium,86.85,B
6971,17,Other,4.22,7.84,8.37,64.87,Casual,0.31,8.29,266.89,12.86,Medium,88.05,B+
6972,17,Male,2.6,4.95,7.16,86.04,FPS,0.9,4.63,286.52,5.92,Medium,76.18,C
6973,22,Male,1.95,5.54,8.79,60.1,FPS,0.07,5.97,278.02,4.67,Medium,79.02,C+
6974,16,Male,4.99,2.13,5.42,61.96,Casual,0.54,10.33,250.87,12.77,Medium,31.35,F
6975,22,Female,3.58,7.72,8.69,71.4,FPS,3.65,4.68,260.83,4.08,Medium,88.03,B+
6976,16,Male,7.28,6.37,7.03,93.86,RPG,0.02,10.8,240.77,13.63,Low,59.7,F
6977,21,Male,3.93,9.12,7.73,86.1,FPS,1.52,9.84,292.17,10.22,Medium,94.07,A
6978,18,Female,4.09,2.81,8.51,77.83,Casual,2.25,5.89,260.11,10.31,Medium,60.2,D-
6979,23,Female,3.33,7.84,6.76,77.54,Casual,4.69,5.25,278.01,7.25,Medium,79.91,C+
6980,21,Male,6.31,7.16,8.31,78.64,RPG,1.64,9.66,241.8,13.18,Low,84.3613211004813,B
6981,17,Male,3.4,3.39,6.71,72.44,Casual,3.92,8.75,286.03,7.82,Medium,56.49,F
6982,23,Other,2.15,7.01,7,95.11,Casual,2.04,5.96,295.25,11.08,Medium,91.65,A-
6983,20,Female,6.9,9.32,6.23,82.71,Casual,0.49,10.44,258.34,13.42,Low,81.38892355552946,B-
6984,23,Female,4.77,9.27,4.73,79.36,Casual,0.49,6.2,255.27,6.6,High,76.05,C
6985,23,Female,4.73,7.48,6.77,78.6,Casual,2.16,10.54,272.24,11.21,Medium,75.67,C
6986,21,Other,4.89,1.43,8.89,97.43,FPS,0.29,7.63,255.37,12.19,Medium,50.76,F
6987,17,Female,5.75,8.85,7.94,88.95,FPS,2.86,8.01,234.98,12.85,Low,91.23917956462044,A-
6988,23,Female,2.5,6.92,7.74,65.79,Casual,2.47,5.56,304.27,5.03,Medium,86.56287667179198,B
6989,21,Female,0.27,3.79,7.22,77.48,Casual,3.51,3.34,335.49,2.46,Medium,72.11,C-
6990,21,Female,6.48,2.69,5.74,71.53,Casual,0.93,9.77,246.34,16.82,Low,25.98,F
6991,23,Male,1.03,2.05,4.85,99.47,FPS,2.96,5.47,301.34,4.69,Medium,49.43,F
6992,16,Male,5.77,1.45,5.12,76.62,RPG,0.87,11.11,239.37,14.52,Low,30.001836199371063,F
6993,17,Female,0.66,7.79,4.03,62.71,RPG,3.61,1.95,317.69,2.28,High,91.62,A-
6994,24,Male,3,3.12,7.37,76.45,Casual,1.54,6.45,262.73,6.23,Medium,64.19,D
6995,23,Female,0.5,1.22,8.06,72.85,FPS,3.07,3.57,322.72,3.43,Medium,59.85,F
6996,22,Male,4.18,4.58,5.34,83.98,Casual,4.41,5.23,265.66,10.97,Medium,52.87,F
6997,22,Female,5.23,5.34,4.46,69.04,FPS,2.44,10.31,252.85,15.7,Low,38.18,F
6998,20,Male,1.37,2.52,5.68,61.44,RPG,0.96,2.89,292.83,4.36,Medium,62.51,D-
6999,17,Female,2.97,1.4,5.46,63.84,RPG,4.43,4.54,269.99,6.75,Medium,47.444271083001574,F
7000,21,Female,7.44,2.7,6.25,71.33,RPG,1.79,8.68,230.14,19.25,Low,15.84,F
7001,18,Male,3.54,7.11,5.32,73.93,Casual,3.65,5.54,279.48,8.32,High,87.05707607448053,B+
7002,19,Female,6.42,1.74,5.7,93.38,Casual,1.6,8.3,242.04,12.81,Low,32.92,F
7003,17,Male,7.42,6,8.54,70.8,FPS,1.49,10.16,241.91,14.83,Low,47.62,F
7004,17,Male,7.79,2.32,5.67,61.26,Casual,3.21,12.09,227.12,16.12,Low,10.03,F
7005,23,Male,7.19,2.76,7.93,91.23,FPS,0.78,8.46,240.88,14.01,Low,38.34,F
7006,23,Male,2.54,4.54,7.13,94.76,Casual,4.33,7.84,274.83,11.58,Medium,78.86,C+
7007,21,Other,7.7,1.91,5.69,79.69,RPG,1.94,10.33,223.18,15.2,Low,9.92,F
7008,20,Male,6.5,2.56,8.09,71.4,RPG,0.1,10.53,256.84,18.07,Low,38.83,F
7009,23,Female,6.7,4.14,6.98,90.89,Casual,1.53,7.76,249.32,13.52,Low,51.54962093538251,F
7010,19,Male,0.12,3.97,4.04,60.36,RPG,3.92,2.95,321.9,3.74,Medium,71.07367430725434,C-
7011,19,Female,7.63,7.74,4.34,96.96,FPS,4.3,8.64,224.65,13.61,High,67.2257458526082,D+
7012,20,Male,6.22,1.67,7.76,94.62,Casual,2.84,8.05,236,13.32,Low,38.71,F
7013,16,Female,6.14,8.74,6.23,81.79,RPG,1.47,9.38,241.02,10.67,Low,86.17301131611775,B
7014,16,Female,0.65,8.35,6.03,71.1,RPG,2.64,4.33,318.57,3.18,Medium,86.95,B
7015,17,Female,1.86,7.89,4.73,61.31,RPG,4.18,3.62,277.85,6.17,High,82.71,B-
7016,23,Male,7.7,3.78,4.79,99.99,Casual,1.58,12.43,245.55,19.7,Low,24.24,F
7017,22,Female,4.01,8.41,7.99,90.48,FPS,1.93,5.96,284.27,8.99,Medium,90.73,A-
7018,24,Male,3.18,2.65,8.15,73.55,FPS,2.7,4.76,294,6.43,Medium,61.79443208491004,D-
7019,20,Male,6.72,2.12,6.8,60.77,FPS,4.44,9.39,245.51,14.95,Low,17,F
7020,17,Male,0.7,1.4,5.48,85.57,RPG,2.91,4.46,312.68,2.14,Medium,59.58,F
7021,22,Male,3.34,9.45,8.66,99.48,FPS,1.04,9.28,283.7,8.5,Medium,100,A
7022,23,Male,3.01,3.77,7.12,88.28,RPG,0.45,6.1,280.22,6.75,Medium,64.1,D
7023,22,Female,2.8,9.26,7.98,63.35,FPS,0.48,5.93,307.58,7.62,Medium,85.54,B
7024,22,Male,2.46,3.45,4.02,76.09,Casual,4.75,3.76,289.1,8.44,Medium,49.36,F
7025,20,Male,1.68,9.17,6.25,64.37,Casual,4.11,6.51,295.08,8.37,Medium,99.73,A
7026,17,Male,1.38,9.14,8.35,96.49,FPS,3.83,3.29,300.79,3.08,Medium,100,A
7027,21,Female,5.12,9.31,5.69,73.22,FPS,2.48,9.84,251.33,10.97,High,86.7385917726542,B
7028,19,Female,7.36,5.47,7.63,89.34,Casual,3.36,12.91,239.77,16.03,Low,55.1,F
7029,17,Male,4.07,8.79,7.29,63.39,Casual,0.64,8.91,265.97,7.6,Medium,81.97,B-
7030,24,Female,2.38,9.56,4.76,65.14,Casual,3.1,6.59,290.18,8.32,High,91.44,A-
7031,22,Female,1.27,3.92,7.87,87.18,FPS,4.05,5.29,318.12,1.76,Medium,87.33,B+
7032,21,Male,6.64,4.77,4.56,93.74,Casual,0.31,9.91,251.03,10.4,Low,43.65,F
7033,20,Female,7.77,7.47,7.64,68.06,Casual,1.48,9.49,216.52,17.86,Low,54.816654383046135,F
7034,18,Female,2.79,3.7,8.95,76.73,FPS,0.55,7.68,298.33,9.4,Medium,79.39079414971832,C+
7035,19,Female,2.33,7.78,8.79,84.78,RPG,1.3,5.72,277.88,4.19,Medium,100,A
7036,18,Male,4.81,1.67,8,91.85,RPG,3.86,8.94,247.27,12.29,Medium,40.58,F
7037,23,Male,6.2,5.71,6.67,85.13,FPS,1.66,9.07,242.33,11.2,Low,67.14379814119357,D+
7038,18,Male,3.64,2.1,7.37,63.82,Casual,3.45,5.64,279.25,8.09,Medium,41.27,F
7039,22,Female,5.04,3.64,7.64,81.71,Casual,3.87,10.07,257.27,13.31,Low,47.52,F
7040,22,Female,5.73,3.33,4.04,95.38,FPS,4.08,8.44,255.63,14.2,Low,34.66,F
7041,22,Male,7.68,8.55,4.51,94.72,Casual,4.37,13.01,224.07,18.82,High,61.44770483893949,D-
7042,22,Male,1.32,2.74,6.99,83.4,RPG,2.99,7.15,283.57,1.77,Medium,72.3,C-
7043,17,Female,7.98,8.28,4.03,99.83,RPG,1.4,13.13,222.33,19.14,High,63.916214223833,D
7044,18,Female,3.14,8.15,8.54,64.2,Casual,0.75,4.78,267.11,11.46,Medium,91.54,A-
7045,24,Female,5.79,5.49,6.45,79.14,RPG,2.52,11.07,250.55,15.01,Low,58.34345495362609,F
7046,18,Female,4.58,3.1,5.29,91,RPG,0.52,8.18,252.51,8.19,Medium,53.5,F
7047,17,Female,3.89,3.04,5.97,65.64,FPS,4.55,6.1,278.49,7.46,Medium,46.79,F
7048,24,Male,5.58,5.18,8.25,98.91,RPG,2.21,7.05,266.59,10.87,Low,72.04,C-
7049,24,Male,3.17,1.08,8.64,74.16,RPG,4.36,5.56,264.67,2.87,Medium,47.94715764476586,F
7050,19,Male,1.01,5.78,4.58,74.01,RPG,3.55,2.7,287.46,3.07,Medium,80.85,B-
7051,24,Female,3.91,9.58,7.89,68.53,RPG,4.29,5.04,270.08,7.68,Medium,91.27,A-
7052,18,Male,4.18,2.39,6.89,71.52,RPG,4.42,10.12,281.13,10.72,Medium,50.06,F
7053,22,Female,1.62,6.16,6.93,83.1,RPG,0.27,6.78,302.12,5.57,Medium,99.42,A
7054,22,Male,7.48,9.66,7.9,77.17,RPG,3.63,12.17,225.97,15.86,Low,79.00931891070408,C+
7055,23,Male,1.82,8.74,5.11,67.74,FPS,1.13,3.79,287.4,6.34,High,100,A
7056,19,Female,3.27,8.65,6.66,92.37,FPS,4.95,4.41,287.99,7.48,Medium,91.43,A-
7057,18,Male,1.24,8.4,5.6,62.49,RPG,3.89,4.67,320.49,3.13,High,84.43,B
7058,18,Male,4.29,3.78,4.47,93.39,FPS,0.02,9,249.83,11.82,Medium,55.44,F
7059,20,Female,2.46,9.02,4.53,71,FPS,4.64,8.27,293.42,8.54,High,94.92,A
7060,16,Male,3.91,9.47,4.68,79.84,FPS,1.46,9.13,298.53,8.52,High,94.58,A
7061,18,Female,1.8,5.46,7.07,75.24,FPS,2.08,7.27,292.34,5.99,Medium,85.29,B
7062,21,Female,0.43,4.19,4.53,82.82,FPS,3.06,2.62,312.93,1.61,Medium,60.32,D-
7063,18,Female,6.23,4.73,6.85,91.84,FPS,4.58,8.01,244.89,12.18,Low,51.2,F
7064,20,Female,5.13,4.01,6.94,99.57,FPS,4.64,7.37,254.36,8.67,Low,57.91,F
7065,24,Male,2.73,2.91,8.52,72.24,FPS,2.82,4.42,298.21,5.07,Medium,76.18735124858897,C
7066,17,Female,0.38,6.57,7.13,82.15,FPS,1.58,5.37,333.46,5.79,Medium,91.99,A-
7067,17,Male,6.92,6.06,8.93,78.64,FPS,1.4,12.44,219.91,15.3,Low,48.89,F
7068,21,Male,1.36,5.16,4.15,99.96,Casual,1.82,3.9,294.34,5.79,Medium,82.53,B-
7069,21,Male,7.45,1.86,7.52,92.36,FPS,0.9,12.83,243.06,17.52,Low,28.64,F
7070,23,Male,3.83,8.17,4.13,75.88,RPG,3.35,5.11,280.04,8.64,High,77.83,C+
7071,17,Female,2.72,2.57,7.65,79.08,FPS,2.64,7.11,291.73,5.19,Medium,62.01,D-
7072,24,Male,5.93,2.03,5.93,69.84,FPS,3.87,9.57,255.81,16.01,Low,31.42,F
7073,17,Female,7.01,6.61,7.06,90.21,RPG,0.47,9.39,236.84,19.33,Low,57.92,F
7074,16,Male,2.97,4.59,5.55,93.81,RPG,2,7.81,289.17,6.96,Medium,69.06,D+
7075,17,Male,3.26,1.54,4.8,98.6,FPS,1.2,5.32,277.63,10.16,Medium,41.64,F
7076,22,Other,3.47,4.2,7.62,82.63,FPS,2.68,6.55,276.08,5.94,Medium,79.24425524071489,C+
7077,23,Male,7.38,7.95,8.52,86.83,FPS,2.34,11.93,230.49,16.93,Low,88.48921966535318,B+
7078,20,Female,5.54,6.54,4.92,77.84,Casual,2.25,8.23,249.45,10.08,Low,58.64,F
7079,21,Male,1.98,4.27,8.6,84.37,FPS,1.58,7.26,300.93,7.35,Medium,78.85,C+
7080,16,Male,1.48,2.73,4.7,73.95,FPS,3.63,6.81,305.22,5.22,Medium,65.76,D
7081,21,Female,1.84,6.69,7.68,89.51,Casual,2.41,3.85,279.26,4.58,Medium,98.96,A
7082,23,Female,2.11,8.99,8.8,60.91,FPS,1.01,5.31,292.65,8.44,Medium,100,A
7083,18,Male,1.84,6.82,4.74,61.14,FPS,2.74,5,298.13,7.75,Medium,78.25,C+
7084,16,Male,5.27,8.32,6.18,88.64,FPS,2.98,8.32,272.06,11.72,Low,93.65759477444034,A
7085,19,Male,0.93,5.69,5.69,97.23,FPS,0.11,4.44,305.97,5.83,Medium,73.05,C
7086,16,Female,3.1,7.46,5.94,85.29,FPS,1.02,4.47,283.76,9.19,High,82.65,B-
7087,23,Female,5,9.07,7.77,89.06,Casual,1.21,10.35,259.23,14.89,Medium,85.89,B
7088,20,Female,2.33,7.96,7.31,92.96,Casual,1.24,4.78,305.26,6.18,Medium,95.98,A
7089,16,Male,0.52,9.19,8.84,74.47,RPG,1.19,1.53,301.81,2.21,Medium,100,A
7090,23,Female,0.65,4.88,4.93,64.32,RPG,1.36,5.08,304.35,2.95,Medium,59.25,F
7091,24,Female,1.01,9.14,6.72,97.32,RPG,1.31,5.26,299.36,8.81,Medium,100,A
7092,17,Female,6.69,6.59,6.25,97.54,RPG,4.42,12.61,239.86,17.14,Low,61.5,D-
7093,24,Female,5.26,8.83,8.59,77.67,Casual,1.6,9.86,241.94,12.66,Low,98.3353160464176,A
7094,23,Female,0.52,1.35,4.05,68.69,RPG,1.75,3.18,328.41,3.38,Medium,33.79,F
7095,22,Male,3.13,6.92,8.95,95.69,FPS,1.33,8.89,286.6,9.68,Medium,100,A
7096,18,Female,2.23,8.63,6.4,88.34,FPS,4.84,5.06,299.09,10,Medium,98.49,A
7097,17,Female,4.62,2.57,7.13,60.33,Casual,2.68,9.73,285.58,11.75,Medium,41.91,F
7098,22,Male,4.18,6.96,5.8,64.31,FPS,3.05,6.86,266.4,11.23,Medium,74.38,C
7099,20,Male,3.85,8.42,8.26,99.33,Casual,3.68,5.09,282.36,8.08,Medium,87.71,B+
7100,21,Female,2.52,3.59,6.81,61.53,RPG,1.67,7.19,295.58,4,Medium,59.86,F
7101,19,Male,1.1,4.65,7.31,71.3,RPG,4.84,3.85,322.19,3.58,Medium,86.33,B
7102,17,Female,5.94,6.13,7.24,81.94,FPS,0.76,8.63,255.63,14.93,Low,53.24,F
7103,24,Male,7.04,5.67,5.82,67.37,FPS,2.29,11.62,230.43,16.64,Low,43.12,F
7104,18,Male,7.55,1.35,4.38,69.28,RPG,0.73,10.16,233.64,14.09,Low,6.54,F
7105,22,Male,0.47,1.89,8.04,74.12,RPG,3.95,2.06,307.89,4.91,Medium,54.44,F
7106,23,Male,5.92,1.9,5.45,70.78,RPG,0.54,8.94,244.29,10.97,Low,31.11,F
7107,17,Male,5.81,3.36,8.24,92.13,RPG,2.77,10.93,250.14,12.63,Low,48.29,F
7108,21,Female,7.58,3.21,7.04,80.01,FPS,0.52,9.23,227.18,13.73,Low,37.58,F
7109,23,Female,2.02,7.68,5.77,71.14,Casual,2.26,5.79,286.82,3.85,High,87.63,B+
7110,22,Other,5.94,6.15,6.97,72.52,Casual,1.4,7.6,226.03,12.8,Low,59.08,F
7111,18,Male,0.44,7.88,7.23,61.59,Casual,4.52,1.69,317.68,2.73,Medium,99.16,A
7112,16,Female,5.05,1.63,7.53,61.98,RPG,0.27,7.94,263.08,10.37,Low,40.27,F
7113,21,Female,2.81,5.37,8.11,88.72,FPS,3.25,7.1,289.92,8.89,Medium,80.32663790149942,B-
7114,23,Female,6.15,3.91,4.8,64.52,FPS,3.48,8.52,265.26,15.02,Low,22.99,F
7115,21,Female,6.91,8.65,8.72,79.03,RPG,4.44,10.14,221.72,14.78,Low,80.20762224439702,B-
7116,20,Male,2.92,7.37,6.05,93.69,Casual,4.39,6.38,300.49,4.54,Medium,90.50126330589684,A-
7117,23,Male,4.2,8.82,8.3,74.74,RPG,4.89,9.41,294.52,14.03,Medium,99.63,A
7118,17,Male,0.94,1.42,5.1,73.83,RPG,1.27,6.03,326.36,3.08,Medium,44.29,F
7119,16,Male,3.34,7.49,4.15,94.92,Casual,1.37,4.35,276.43,2.76,High,78.27,C+
7120,16,Female,2.89,5.86,6.87,94.59,FPS,1.99,5.96,289.85,6.54,Medium,84.11,B
7121,19,Male,1.46,8.43,5.62,95.21,Casual,2.69,5.74,294.77,6.23,High,100,A
7122,21,Female,7.16,5.56,8.92,82.88,FPS,1.84,12.42,227.32,18.42,Low,61.33,D-
7123,24,Female,1.18,5.86,4.52,98.09,FPS,3.7,2.42,323.07,0.71,Medium,81.8,B-
7124,16,Other,5.09,1.47,4.24,92.76,Casual,0.04,9.23,265.91,8.55,Low,33.26,F
7125,16,Female,7.12,7.02,4.23,76.63,Casual,0.09,12.33,242.16,17.46,High,59.31440639535815,F
7126,20,Male,7.3,3.46,5.08,85.18,Casual,3.58,9.58,221.17,16.77,Low,30.3,F
7127,20,Female,6.35,1.18,6.9,64.87,Casual,4.42,8.38,229.07,15.95,Low,17.24,F
7128,20,Male,1.41,1.6,6.53,82.05,Casual,3.88,4.75,313.63,6.5,Medium,72.15,C-
7129,21,Female,6.54,9.62,5.75,70.53,RPG,0.59,12.35,245.74,16.28,High,68.13086689364418,D+
7130,23,Female,2.21,4.11,4.44,71.34,RPG,4.67,6.67,290.5,4.81,Medium,60.65,D-
7131,18,Female,7.38,8.81,5.17,65.03,FPS,2.61,10.5,248.8,15.35,High,63.49329006441829,D
7132,24,Male,5.67,9.64,4.92,74.33,FPS,3.71,6.77,257.89,11.4,High,84.48170553982192,B
7133,16,Female,6.28,9.49,7.73,79.26,RPG,1.01,10.06,236.14,12.62,Low,91.04442135840722,A-
7134,19,Male,0.68,8.94,7.9,84.01,Casual,2.74,3.42,292.46,4.89,Medium,100,A
7135,24,Male,4.66,9.05,7.89,72.19,FPS,1.65,6.59,270.06,12.34,Medium,75.02,C
7136,23,Female,6.57,3.6,8.85,91.69,RPG,4.87,10.07,236.47,12.1,Low,55.25,F
7137,24,Male,6.89,2.36,8.42,80.84,Casual,2.37,9.6,235.93,14.49,Low,33.12,F
7138,16,Other,0.23,6.75,6.49,85.52,RPG,3.78,1.42,315.02,5.18,Medium,100,A
7139,24,Male,7.51,5.39,6.07,71.13,Casual,3.02,12.14,244.19,19.66,Low,45.8,F
7140,18,Female,0.35,1.89,8.58,92.57,Casual,0.47,5.01,324.23,3.41,Medium,76.14,C
7141,24,Male,4.92,7.1,7.06,84.97,RPG,2.71,9.01,260,14.08,Medium,60.01,D-
7142,16,Female,5.55,6.07,5.47,94.49,FPS,2.7,10.75,252.17,17,Low,54.37,F
7143,16,Female,0.86,8.77,6.82,66.4,FPS,3.58,2.88,312.56,2.92,Medium,89.02,B+
7144,24,Female,0.38,6.48,8.96,75.23,RPG,1.61,2.81,328.62,-0.74,Medium,92.65,A-
7145,21,Male,6.28,6.17,8.25,64.52,RPG,4.3,9.57,245.47,15.92,Low,56.55,F
7146,19,Female,3.08,4.97,5.41,68.62,FPS,3.11,4.38,277.29,8.63,Medium,74.01,C
7147,22,Male,0.86,5.17,8.76,75.78,Casual,0.2,6.28,297.63,2.42,Medium,92.23,A-
7148,20,Male,6.1,9.59,8.91,95.78,RPG,3.53,9.55,245.94,14.45,Low,99.03806812078618,A
7149,22,Male,6.79,2.25,5.16,82.28,FPS,4.53,9.41,226.54,13.31,Low,25.66,F
7150,23,Female,4.7,5.02,8.48,73.22,Casual,3.42,8.09,267.01,7.81,Medium,68,D+
7151,23,Male,1.29,6.9,8.42,89.88,FPS,1.9,3.92,309.05,4.34,Medium,95.35,A
7152,16,Female,0.12,4.9,4.2,60.79,FPS,2.95,2.55,330.47,4.36,Medium,57.31,F
7153,23,Female,5.61,3.55,7.35,74.8,FPS,0.86,8.85,250.59,13.48,Low,56.4509393274841,F
7154,21,Male,4.4,3.59,5.53,84.03,FPS,3.01,7.81,277.52,10.86,Medium,50.43,F
7155,19,Female,5.21,3.1,7.37,83.33,Casual,2.5,8.38,273.6,9.34,Low,50.81,F
7156,23,Male,6.51,4.1,8.57,84.3,RPG,0.13,10.25,242.62,16.15,Low,58.98,F
7157,18,Female,3.47,8.85,6.49,68.46,RPG,1.61,8.39,300.71,8.29,Medium,83.21,B
7158,19,Male,1,5.55,6.07,73.48,RPG,0.96,2.29,322.37,1.09,Medium,80.78,B-
7159,21,Female,7.52,3.16,8.61,97.26,RPG,1.95,12.58,224.97,19.33,Low,42.57,F
7160,22,Male,4.36,4.46,8.87,98.96,RPG,1.21,6.5,297.12,7.36,Medium,65.21,D
7161,19,Male,4.92,1.95,4.31,72.48,Casual,4.17,7.18,260.28,10.55,Medium,21.49,F
7162,19,Male,7.47,9.14,8.61,85.78,RPG,3.49,11.47,244.36,14.64,Low,90.30439876364318,A-
7163,22,Male,7.45,4.67,4.41,69.65,Casual,3.7,13.33,236.89,17.24,Low,24.41,F
7164,21,Male,4.58,9.82,5.69,74.74,Casual,1.8,5.67,268.07,5.32,High,87.37840085406971,B+
7165,23,Male,2.38,4.13,7.81,91.69,FPS,0.02,6.75,304.53,8.03,Medium,84.08270126132501,B
7166,16,Female,7.98,8.53,7.89,80.05,RPG,1.1,12.46,225.75,18.98,Low,60.716003368149046,D-
7167,22,Female,5.45,3.31,7.63,93.98,Casual,3.78,9.32,253.84,17.19,Low,58.604790172966176,F
7168,22,Female,3.27,1.69,4.2,85.15,Casual,3.01,4.32,280.3,7.55,Medium,37.79,F
7169,22,Female,4.48,1.29,4.66,85.16,FPS,2.69,8.51,254.8,9.17,Medium,34.8,F
7170,22,Female,3.33,6.46,8.68,61.36,FPS,1.4,4.91,290.71,9.43,Medium,69.18,D+
7171,23,Female,7.11,3.8,4.41,89.99,RPG,0.38,8.5,228.08,16.85,Low,25.51,F
7172,24,Female,3.86,4.99,4.39,99.11,FPS,3.92,8.34,275.78,12.57,Medium,59.76,F
7173,24,Male,6.59,8.37,8.18,78.92,FPS,0.19,11.09,241.12,11.51,Low,76.4084076359083,C
7174,17,Female,6.72,3.23,7.21,66.34,FPS,0.3,12.17,245.43,14.76,Low,38.54,F
7175,22,Male,6.59,3.78,5.76,99.08,FPS,1.47,7.61,240.79,11.87,Low,37.67,F
7176,22,Female,5.78,8.61,4.83,71.61,FPS,2.86,8.67,247.96,16.06,High,91.77598605730344,A-
7177,19,Female,6.84,5.43,8.42,76.37,Casual,4.96,7.9,242.07,15.82,Low,57.13,F
7178,24,Male,3.1,8.45,8.94,63.09,FPS,0.45,5.92,286.09,9.87,Medium,92.04,A-
7179,23,Female,0.92,4.37,4.25,64.43,RPG,2.37,4.38,298.34,1.4,Medium,63.81,D
7180,16,Male,6.74,4.59,6.77,68.66,RPG,3.01,10.39,238.02,15.57,Low,43.85,F
7181,17,Male,3.99,2.5,5.31,81.94,Casual,4.12,6.77,284.82,6.12,Medium,43.33,F
7182,17,Male,1.02,9.25,8.16,82.31,FPS,3.45,5.65,332.33,2.15,Medium,100,A
7183,23,Female,0.92,9.07,5.73,84.25,FPS,4.04,4,291.88,3.63,High,95.97,A
7184,16,Female,1.27,9.86,7.57,83.35,Casual,2.61,4.86,313.04,4.78,Medium,100,A
7185,19,Female,6.01,4.62,6.7,79.81,Casual,2.17,11.01,248.94,15.31,Low,48.47,F
7186,20,Male,5.69,8.37,6.71,92.08,RPG,3.09,7.56,245.8,11.01,Low,93.75809307913624,A
7187,24,Female,1.63,4.73,8.29,97.36,FPS,4.5,4.23,296.16,5.41,Medium,100,A
7188,22,Female,6.78,5.09,6.35,70.79,FPS,2.75,10.39,229.24,15.37,Low,41.96,F
7189,23,Male,2.25,8.47,8.23,65.21,FPS,3.03,7.09,279.38,10.06,Medium,100,A
7190,24,Female,6.34,2.6,5.82,77,FPS,1.69,9.47,247.77,13.39,Low,27.13,F
7191,22,Male,3.91,2.98,4.87,61.06,FPS,2.98,5.27,290.91,4.83,Medium,36.27,F
7192,20,Male,5.85,3.83,6.28,95.33,FPS,3.14,11.79,253.33,15.9,Low,47.96,F
7193,20,Male,3.05,8.09,6.49,69.59,FPS,3.77,7.59,285.12,9.04,Medium,91.24,A-
7194,21,Female,2.78,4.35,6.39,81.97,Casual,2.86,7.39,280.4,6.09,Medium,67.17,D+
7195,20,Male,6.73,4.22,8.04,64.6,Casual,0.99,10.06,229.94,14.47,Low,41.58,F
7196,24,Male,0.28,9.99,6.82,82.13,FPS,2.91,4.02,316.86,2.82,Medium,100,A
7197,18,Male,7.8,4.45,8.44,61.56,Casual,1.49,13.77,216.11,17.83,Low,32.93,F
7198,18,Male,5.19,3.23,6.57,90.75,Casual,0.44,9.17,268.95,10.15,Low,54.59,F
7199,22,Male,3.46,6.61,5.12,98.22,FPS,4.13,5.55,272.7,7.57,Medium,76.42,C
7200,22,Male,5.02,8.22,4.65,72.28,FPS,0.33,10.84,251.33,14.72,High,76.43105093353347,C
7201,21,Female,0.98,1.63,8.34,70.33,FPS,3.16,4.67,330.75,3.08,Medium,58.81,F
7202,18,Male,4.11,6.57,4.28,77.92,Casual,4.94,5.21,283.67,9.19,Medium,67.14,D+
7203,22,Female,7.88,1.32,4.59,84.8,FPS,0.44,11.75,213.49,17.33,Low,13.6,F
7204,20,Female,1.88,5.74,4.32,67.56,FPS,1.1,3.23,288.62,1.96,Medium,67.19,D+
7205,22,Male,5.78,3.31,6.12,92.13,RPG,3.8,9.42,248.69,13.17,Low,39.68,F
7206,17,Male,3.48,3.76,6.66,67.94,Casual,0.48,8.61,276.63,8.63,Medium,52.38,F
7207,21,Female,5.22,5.2,4.1,60.22,FPS,4.16,8.91,252.77,13.8,Low,46.99,F
7208,23,Male,1.64,9.34,6.58,80.97,RPG,0,4.51,313.69,7.19,Medium,100,A
7209,16,Male,3.76,7.4,5.97,64.61,FPS,4.45,9.17,276.99,11.99,High,79.08722899270076,C+
7210,19,Male,7.84,9.43,7.87,87.93,RPG,0.33,13.48,225.55,17.03,Low,79.89571504515644,C+
7211,16,Female,1.56,6.94,8.15,66.7,FPS,4.61,4.3,295.2,2.16,Medium,100,A
7212,16,Female,5.09,1.06,7.42,92.7,RPG,4.32,8.58,248.4,8.9,Low,38.22,F
7213,23,Other,4.6,3.39,6.37,78.81,RPG,2.7,10.51,258.55,12.49,Medium,58.05,F
7214,22,Female,4.52,9.15,5.08,82.65,FPS,3.89,6.41,257,8.57,High,80.66,B-
7215,16,Male,4.92,6.79,8.24,67.46,FPS,0.37,7.41,248.37,8.86,Medium,69.64,D+
7216,17,Male,4.02,9.83,5.71,65.87,FPS,0.68,7.16,282.54,13.53,High,89.46,B+
7217,19,Male,0.14,2.4,5.78,85.25,FPS,1.85,1.64,327.62,2,Medium,62.79,D-
7218,16,Male,7.2,3.67,8.58,70.22,FPS,2.69,9.56,229.85,16.25,Low,45.82,F
7219,18,Male,6.62,4.26,8.88,75.44,FPS,4.34,10.34,253.74,15.67,Low,48.56,F
7220,23,Male,1.39,3.94,8.49,79.18,FPS,2.71,3.53,309.22,7.09,Medium,80.82,B-
7221,23,Male,3.31,3.27,8.99,69.19,FPS,3.33,7.74,269.48,8.5,Medium,62.01,D-
7222,23,Male,6.16,4.99,8.34,91.82,Casual,3.4,8.9,231.5,14.93,Low,66.48,D
7223,21,Male,7.84,6.78,7.52,97.58,Casual,4.39,9.29,228.98,18.21,Low,66.59311046102755,D
7224,21,Other,7.61,3.8,5.47,77.28,FPS,3.88,12.43,233.44,21.35,Low,22.19,F
7225,20,Female,7.19,1.72,8.76,96.7,RPG,4.89,11.03,220.79,16.3,Low,28.63,F
7226,24,Other,1.27,7.38,8.38,95.31,Casual,0.1,6.39,299.5,7.57,Medium,100,A
7227,19,Male,7.32,5.13,5.2,66.64,RPG,1.04,10.12,240.69,12.38,Low,27.27,F
7228,22,Male,7.03,6.01,6.45,66.94,Casual,4.65,8.13,251.35,18.84,Low,35.82,F
7229,16,Male,3.02,5.1,4.35,79.1,Casual,3.96,4.25,284.6,7.5,Medium,66.68,D
7230,24,Male,3.16,9.01,8.77,81.03,Casual,1.34,8.14,282.64,10.32,Medium,96.05,A
7231,22,Male,3.68,6.03,6.86,73.65,FPS,4.87,6.73,271.33,6.32,Medium,62.66,D-
7232,24,Female,5.25,9.31,5.23,72.52,FPS,4.35,11.13,271.87,10.74,High,84.84262996950025,B
7233,22,Other,2.09,5.6,5.46,77.25,FPS,0.32,7.24,300.48,5.46,Medium,71.07,C-
7234,17,Male,0.18,3.63,8.9,87.62,RPG,4.06,1.26,309.43,0.94,Medium,79.15,C+
7235,21,Male,1.13,4.2,7.08,63.38,RPG,3.92,6.48,314.26,4.43,Medium,76.23,C
7236,19,Male,3.52,5.7,6.1,88.42,FPS,1.11,5.58,270.75,7.25,Medium,70.43,C-
7237,18,Male,2.26,5.77,6.5,97.05,FPS,3.35,5.69,283.36,5.84,Medium,93.94,A
7238,17,Male,6.12,7.19,4.49,90.54,Casual,4.85,9.65,242.09,9.34,High,68.64887226540696,D+
7239,21,Male,0.85,3.02,4.38,67.67,FPS,3.38,2.15,301.19,3.2,Medium,48.01,F
7240,23,Male,7.34,6.93,6.96,63.5,RPG,4.07,8.97,222.87,15.16,Low,50.2,F
7241,21,Male,7.16,8.01,6.56,79.62,Casual,0.5,10.28,220.09,17.78,Low,72.08683607669445,C-
7242,24,Male,7.27,7.09,5.8,98.26,RPG,3.64,11.48,225.77,15.69,High,63.03093870337153,D
7243,20,Male,5.92,5.34,6.83,92.76,FPS,1.02,8.24,243.63,12.26,Low,58.14627933001041,F
7244,17,Male,0.86,9.93,4.36,82.51,Casual,0.36,4.49,296.17,3.85,High,100,A
7245,23,Other,3.51,4.64,8.72,65.72,FPS,2.76,6.41,283.28,9.84,Medium,62.97,D-
7246,24,Male,1.05,1.96,5.47,88.55,Casual,3.75,5.2,289.74,6.48,Medium,67.47,D+
7247,19,Female,7.9,8.39,4.36,92.52,Casual,2.73,11.02,221.39,17.28,High,66.46529462074956,D
7248,21,Female,2.66,2.91,4.85,97.4,RPG,4.66,7.92,294.69,8.81,Medium,55.85,F
7249,23,Female,4.68,7.42,4.48,84.48,RPG,3.48,10.6,275.16,12.39,High,71.93,C-
7250,24,Female,6.24,2.61,4.89,80.58,FPS,0.59,11.81,239.37,14.68,Low,33.05,F
7251,20,Female,7.36,1.15,6.08,84.77,Casual,4.67,9.2,241.81,11.8,Low,11.36,F
7252,21,Female,6.04,2.44,7.69,97.73,FPS,0.76,9.33,243.85,14.14,Low,52.39,F
7253,19,Male,5.4,4.39,5.36,85.13,RPG,3.79,8.69,277.75,10.62,Low,49.87,F
7254,20,Male,3.73,1.96,6.18,70.3,FPS,0.74,8.93,260.64,11.8,Medium,32.34,F
7255,22,Other,4.84,2.78,8.64,85.45,Casual,4.99,7.63,251.85,9.34,Medium,63.823121348887724,D
7256,24,Female,0.75,7.88,5.48,95.19,Casual,1.66,4.5,312.61,2.24,High,93.66,A
7257,21,Other,7.07,7.93,7.97,82.68,Casual,2.48,11.12,222.55,14.52,Low,79.90735251518721,C+
7258,21,Female,4.35,8.36,4.79,80.11,RPG,2.33,5.91,260.72,10.55,High,72.01,C-
7259,23,Female,0.32,8.57,4.89,89.33,FPS,0.51,4.11,320.69,1.93,High,94.25,A
7260,19,Female,7.36,4.78,6.28,86.44,RPG,2.47,9.59,233.59,16.97,Low,34.62,F
7261,18,Female,3.91,8.81,5.17,62.27,Casual,0.75,5.94,272.73,3.49,High,77.88,C+
7262,22,Female,6.95,5.73,8.52,89.01,RPG,4.01,9.2,236.35,19.01,Low,61.12,D-
7263,20,Female,6.86,5.24,4.25,76.3,RPG,4.79,8.36,213.07,12.45,Low,35.38,F
7264,17,Female,6.53,7.47,6.99,97.64,Casual,4.04,7.88,243.13,15.27,Low,77.81038545706102,C+
7265,17,Female,0.49,2.92,7.02,98.83,FPS,2.16,4.72,307.76,4.09,Medium,75.05,C
7266,21,Female,1.98,8.11,4.33,77.95,Casual,0.01,7.68,292.54,8.23,High,94.08,A
7267,23,Male,7,4.87,7.66,98.75,RPG,0.18,11.44,220.1,14.58,Low,47.24,F
7268,16,Male,7.19,2.15,6.34,72.43,FPS,2.48,9.75,240.45,14.98,Low,22.659463540382088,F
7269,21,Female,3.66,2.07,7.62,87.31,Casual,3.4,6.34,281.6,9.46,Medium,49.09,F
7270,17,Female,3.52,2.48,8.13,63,Casual,4.1,7.23,266.11,8.9,Medium,44.9,F
7271,17,Male,1.4,9.02,5.61,65.8,RPG,3,6.73,304.99,3.65,High,92.92,A-
7272,22,Male,7.75,9.92,6.42,94.58,RPG,4.89,9.76,243.46,17.65,Low,86.21178306295175,B
7273,16,Female,1.71,4.21,5.3,95.75,Casual,2.47,5.05,300.88,9.66,Medium,72.68846030658189,C-
7274,21,Female,1.53,3.63,5.01,81.3,Casual,3,5.02,281.5,3.96,Medium,66.17,D
7275,22,Female,5.29,2.97,4,73.59,Casual,1.15,10.95,250.82,14.39,Low,34.9,F
7276,23,Female,1.94,8.41,8.82,78.04,FPS,1.7,5.62,297.99,6.18,Medium,100,A
7277,22,Male,7.51,2.88,6.2,94.78,RPG,3.42,12.41,251.04,16.73,Low,33.72,F
7278,21,Male,0.09,9.32,4.07,68.44,Casual,3.01,1.53,306.83,2.51,High,89.78,B+
7279,24,Male,0.05,7.01,4.04,71.79,RPG,1.85,2.68,317.93,3,High,86.324752435543175,B
7280,18,Female,4.04,9.07,5.44,91.42,RPG,0.56,8.1,260.85,9.01,High,85.42,B
7281,21,Male,3.9,5.99,4.07,97.41,RPG,1.71,8.29,281.99,12.86,Medium,68.81,D+
7282,19,Female,1.31,7.22,5.87,63.72,FPS,0.22,6.74,300.62,5.36,High,100,A
7283,17,Female,3.96,6.58,4.31,92.15,FPS,2.9,7.91,245.16,12.05,Medium,68.57,D+
7284,16,Female,3.29,8.48,4.2,85.8,FPS,1.62,5.74,276.59,8.49,High,80.3,B-
7285,16,Female,7.12,8.52,7.35,69.23,RPG,1.9,10.82,233.44,16.17,Low,73.30991337202032,C
7286,18,Male,0.07,6.31,8.53,90.23,FPS,2.88,4.63,323.04,2.4,Medium,100,A
7287,19,Female,7.81,6.69,6.05,89.12,Casual,2.91,12.73,228.1,19.43,Low,45.49,F
7288,17,Male,5,9.3,8.18,65.68,FPS,2.94,10.72,266.57,10.66,Medium,82.77,B-
7289,16,Male,1.21,9.37,4.15,80.09,FPS,2.46,3.16,304.24,4.14,High,98.14,A
7290,19,Male,0.37,6.98,7.89,90.33,Casual,2.44,4.67,316.41,5.51,Medium,100,A
7291,22,Male,4.3,1.07,4.31,67.66,RPG,4.11,6.3,268.52,10.62,Medium,23.32,F
7292,21,Female,1.88,1.94,8.19,78.51,FPS,2.34,4.47,293.29,1.56,Medium,67.67,D+
7293,21,Female,2.41,8.72,8.41,64.83,Casual,2.68,4.12,296.76,2.91,Medium,85.35,B
7294,24,Male,1.96,1.76,7.93,72.27,Casual,4.94,6.82,304.95,6.39,Medium,68.37,D+
7295,17,Male,5.2,2.92,8.1,68.72,RPG,0.91,10.77,257.16,11.61,Low,45.39,F
7296,19,Female,4.43,3.07,6.81,80.2,Casual,3.63,5.58,261.92,11.21,Medium,55.63,F
7297,20,Female,0.62,6.4,5.32,65.65,FPS,2.37,5.69,301.73,2.83,Medium,81.57,B-
7298,16,Male,4.21,6.19,7.22,75.33,FPS,4.15,6.42,273.03,10.63,Medium,72.14,C-
7299,23,Female,6.33,3.6,6.2,71.01,Casual,2.02,9.76,234,18.25,Low,33.6,F
7300,23,Female,0.65,2.87,4.03,89.84,FPS,1.51,5.39,313.79,3.72,Medium,59.56,F
7301,21,Female,7.12,7.88,6.38,87.99,Casual,1.04,10.65,235.87,13.98,Low,67.18615942288585,D+
7302,20,Male,4.63,9.42,7.26,63.8,FPS,4.36,6.79,275.11,11.13,Medium,85.9,B
7303,23,Female,7.6,1.48,4.07,98.14,FPS,3.59,13.13,242.67,18.53,Low,15.46,F
7304,18,Female,1.19,2.2,7.11,89.79,RPG,0.38,5.16,275.34,4.87,Medium,71.39,C-
7305,18,Female,7.95,6.78,7.26,84.64,RPG,3.57,13.61,222.58,21.47,Low,50.46,F
7306,17,Female,5.15,8.24,4.79,79.11,FPS,0.18,10.38,237.19,10.54,High,81.67336454108967,B-
7307,20,Other,4.54,8.12,6.16,67.12,FPS,0.91,9.92,277.14,13.77,Medium,73.35,C
7308,18,Male,4.12,7.48,8.82,98.48,Casual,2.96,6.93,270.33,8.43,Medium,87.49,B+
7309,18,Female,0.19,8.99,8.42,60.31,Casual,2.32,6.13,329.24,6.11,Medium,100,A
7310,21,Female,7.52,2.96,6.05,87.7,FPS,4.2,12.78,232.34,13.43,Low,37.35,F
7311,23,Female,5.15,1.97,5.75,80.3,RPG,3.04,7.84,244.7,16.11,Low,35.98,F
7312,17,Male,0.73,6.54,4.62,96.1,RPG,4.82,6.21,301.56,3.66,Medium,87.73,B+
7313,19,Male,0.17,8.4,4.18,75.23,Casual,4.28,4.95,316.62,0.31,High,89.42,B+
7314,22,Female,0.41,6.24,5.49,80.75,RPG,1.7,5.04,320.78,4.95,Medium,83.43,B
7315,16,Female,4.88,9.67,8.7,89.69,Casual,4.17,5.91,262.01,11.3,Medium,98.84,A
7316,16,Male,4.91,8.16,8.79,61.9,Casual,4.35,6.02,262.86,11.28,Medium,79.73,C+
7317,22,Female,4,7.31,8.06,62.18,RPG,4.85,8.47,268.43,12.09,Medium,89.6980518081304,B+
7318,22,Male,2.45,1.54,5.75,68.47,FPS,0.06,4.84,301.9,6.17,Medium,41.53,F
7319,16,Other,4.25,1.97,4.72,65.86,RPG,4.37,5.54,270.46,8.56,Medium,25.52,F
7320,16,Female,4.13,8.06,6.98,60.26,Casual,0.35,6.56,270.92,7.16,Medium,78.56,C+
7321,19,Male,0.16,2.78,7.23,84.92,RPG,2.64,5.35,321.03,2.69,Medium,76.54,C
7322,20,Female,2.26,1.26,6.12,91.84,Casual,2.07,5.61,288.73,5.17,Medium,49.55,F
7323,20,Female,0.43,9.2,7.46,98.28,Casual,4.6,4.51,311.34,2.88,Medium,100,A
7324,19,Male,7.2,9.02,7.73,77.64,FPS,2.03,12.2,238.41,17.13,Low,87.23389105052934,B+
7325,23,Female,5.8,2.97,7.92,71.19,RPG,2.98,8.42,258.16,16.38,Low,50.72,F
7326,22,Male,7.97,8.02,6.51,94.56,RPG,3.46,9.03,233.17,14.98,Low,76.77421316749144,C
7327,24,Female,2.42,1.43,7.96,93.78,FPS,0.1,5.04,289.01,5.87,Medium,63.93,D
7328,22,Male,7.03,3.57,4.13,84.99,RPG,2.95,12.81,236.87,16.08,Low,25.56,F
7329,16,Male,4.82,6.61,7.4,70.93,FPS,2.59,8.23,256.1,8.54,Medium,61.29,D-
7330,22,Male,3.63,7.87,5.18,96.34,Casual,2.97,7.48,284.31,15.01,High,87.89,B+
7331,16,Male,1.78,1.09,5.35,67.14,Casual,0.38,6.58,289.19,4.09,Medium,53.99,F
7332,22,Female,5.91,3.94,4.46,61.75,FPS,0.28,7.48,251.3,13.34,Low,29.98,F
7333,23,Male,7.23,2.93,4.96,91.86,RPG,0.89,11.9,242.03,20.2,Low,27.86,F
7334,24,Male,1.88,9.99,8.96,82.55,RPG,4.35,4.37,298.7,2.53,Medium,100,A
7335,18,Female,1.4,7.04,6.08,69.86,Casual,1.78,4.34,306.2,6.02,Medium,86.21,B
7336,19,Female,5.57,4.65,8.64,86.84,RPG,2.17,7.92,250.43,9.24,Low,61.380016623329354,D-
7337,19,Female,7.82,1.68,4.81,90.67,FPS,1.95,9.59,207.62,14.92,Low,14.13,F
7338,24,Female,6,6.39,5.02,93.78,FPS,3.57,8.81,241.26,14.53,Low,55.16,F
7339,22,Female,2.28,6.78,6.79,71.29,FPS,1.3,3.75,293.08,4.75,Medium,88.59,B+
7340,18,Male,3.36,8.35,5.75,61.02,Casual,0.34,8.58,272.79,12.24,High,80.26,B-
7341,20,Male,3.07,3.6,7.22,80.4,RPG,1.89,5.6,288.01,7.66,Medium,65.61,D
7342,22,Other,6.82,9.83,6.11,94.24,Casual,3.64,11.09,223.52,16.82,Low,81.27046265317097,B-
7343,23,Male,6.17,4.96,8.06,68.31,RPG,4.57,8.65,226.59,12.2,Low,59.74,F
7344,16,Male,4.71,3.66,6.16,76.85,RPG,0.25,6.76,270.43,8.37,Medium,56.47,F
7345,17,Male,2.2,4.14,6.86,70.26,Casual,4.05,6.77,290.48,4.37,Medium,65.97,D
7346,22,Male,7.5,5.68,5.61,60.53,Casual,0.33,11.62,233.46,15.19,Low,35.09,F
7347,17,Female,5.23,9.43,7.52,95.94,FPS,1.65,7.32,252.03,10.12,Low,100,A
7348,22,Female,7.76,7.62,7.27,65.4,FPS,0.11,11.82,232.53,19.86,Low,53.83818297667486,F
7349,24,Other,4.64,6.19,5.99,90.67,FPS,4.56,5.67,277.89,10.6,Medium,69.82,D+
7350,17,Female,6.57,2.47,5.38,73.86,Casual,3.53,8.45,255.44,11.52,Low,23.07,F
7351,22,Male,6.5,2.34,7.07,71.11,Casual,1.85,11.14,235.52,14.5,Low,37.87,F
7352,19,Male,2.7,5.52,8.72,97.64,FPS,1.89,5.75,283.38,6.86,Medium,91.07,A-
7353,17,Other,7.71,7.56,4.66,86.29,FPS,3.2,9.73,229.18,22.3,High,53.3688506099104,F
7354,22,Male,0.18,7.76,8,87.48,RPG,0.45,3.71,336.55,2.14,Medium,100,A
7355,20,Male,6.15,3.03,6.71,90.39,RPG,0.73,9.48,234.67,14.87,Low,48.65,F
7356,16,Female,7.72,1.9,6.63,73.64,RPG,4.24,11.89,215.9,15.54,Low,21.57,F
7357,20,Female,2.71,4.46,8.81,82.55,Casual,1.01,4.07,296.17,7.54,Medium,72.63,C-
7358,18,Male,5.18,9.26,7.03,70.81,Casual,3.63,10.28,251.18,15.67,Low,86.88848673644034,B
7359,22,Female,4.5,5.91,8.15,93.38,FPS,1.13,5.79,272.59,9.34,Medium,77.37,C+
7360,21,Other,6.09,3.88,6.57,83.97,FPS,0.44,9.36,241.07,15.05,Low,44.42,F
7361,23,Male,6.93,3.91,5.25,69.74,FPS,4.5,11.48,240.36,17.29,Low,27.61,F
7362,20,Female,4.82,2.19,7.47,95.99,FPS,4.51,7.54,257.06,11.14,Medium,48.64,F
7363,17,Male,6.53,5.26,8.62,83.23,Casual,3.03,12.08,231.59,18.42,Low,54.7,F
7364,24,Female,2.5,8.12,8.21,79.8,FPS,2.31,7.28,291.46,5.79,Medium,100,A
7365,23,Female,1.83,9.72,4.99,61.38,RPG,2.76,4.96,285.91,3.48,High,94.91,A
7366,21,Other,3.45,5.51,5.58,96.39,RPG,2.04,5.37,283.16,7.87,Medium,68.19,D+
7367,22,Male,5.42,2.5,6.58,98.09,FPS,3.79,6.64,252.62,10.7,Low,48.04,F
7368,24,Male,1.5,7.15,6.86,82.5,FPS,3.77,6.51,288.39,-0.32,Medium,95.91,A
7369,22,Male,5.44,7.81,4.97,77.7,Casual,4.09,7.41,257.72,10.4,High,67.77356549729781,D+
7370,18,Female,3.15,1.65,5.15,74.38,Casual,2.61,5.5,284.99,3.21,Medium,40.38,F
7371,21,Male,6.36,8.65,7.79,70.72,FPS,4.01,7.41,220.16,12.6,Low,84.419654925749,B
7372,22,Male,0.29,8.46,7.65,82.98,RPG,0.78,1.38,316.01,2.55,Medium,100,A
7373,17,Male,5.34,5.25,8.2,65.12,RPG,0.15,7.49,256.02,11.86,Low,60.72,D-
7374,18,Male,5.2,6.04,8.66,96.77,Casual,3.24,10.56,258.53,13.35,Low,71.12,C-
7375,19,Male,7.53,7.42,5.54,67.04,RPG,0.53,12.43,211.45,17.2,High,56.29131491705728,F
7376,21,Female,5.71,7.09,8.3,89.82,Casual,2.75,10.56,255.02,14.27,Low,85.10717100063141,B
7377,16,Male,6.37,1.15,7.33,72.28,FPS,3.61,11.51,248.69,20.96,Low,20.37,F
7378,24,Male,7.24,2.1,8.79,69.04,FPS,2.04,9.17,223.74,14.74,Low,25.63,F
7379,20,Female,5.4,2.46,5.36,82.31,Casual,0.22,11.3,241.21,13.72,Low,34.92,F
7380,22,Female,2.32,7.8,5.35,90.6,Casual,4.44,4.48,282.37,3.99,High,89.41,B+
7381,24,Male,6.96,4.96,7.52,89.07,FPS,0.22,8.71,237.77,10.99,Low,59.96813010775736,F
7382,24,Male,5.98,5.91,8.64,69.35,RPG,4.52,8.45,235.86,13.73,Low,61.36,D-
7383,16,Female,3.4,7.95,8.12,73.22,FPS,0.26,7.05,265.66,10.89,Medium,82.45,B-
7384,16,Male,5.68,4.07,7.64,94.75,Casual,3.68,7.3,272.83,16.81,Low,61.39,D-
7385,18,Female,6.94,7.74,5.94,88.93,Casual,4.62,11.63,236.67,15.85,High,61.32424379741681,D-
7386,21,Male,7.81,4.98,7.59,88.51,FPS,4.53,10.67,223.17,16.53,Low,49.89,F
7387,17,Male,7.62,4.39,8.01,70.76,RPG,4.47,11.46,221.86,19.03,Low,43.38,F
7388,16,Male,2.6,4,7.77,91.68,RPG,4.42,7.27,284.57,10.96,Medium,68.63,D+
7389,16,Female,3.37,9.68,7.38,74.34,FPS,2.55,8.88,297.58,7.02,Medium,99.29,A
7390,20,Female,0.88,7.95,4.24,76.06,Casual,2.79,5.98,317.6,5.64,High,92.63,A-
7391,19,Male,1.98,1.18,7.3,71.5,FPS,3.1,5.67,320.11,9.46,Medium,60.1,D-
7392,16,Female,7.06,9.62,6.39,64.86,RPG,4.48,13.02,239.2,16.6,Low,68.30205990665893,D+
7393,19,Male,2.89,7.98,8.81,76.82,RPG,4.19,6.54,275.76,5.29,Medium,96.15,A
7394,18,Male,4.96,2.34,7.04,60.68,Casual,3.91,8.64,263.19,13.33,Medium,42.48,F
7395,17,Female,5.33,1.69,7.04,78.24,FPS,3.38,7.12,261.53,8.86,Low,52.6554780053678,F
7396,24,Male,6.25,3.77,8.97,89,RPG,3.09,7.99,251.14,15.75,Low,53.27,F
7397,16,Female,1.46,6.62,4.47,98.43,FPS,4.61,3.3,298.06,7.82,Medium,80.27,B-
7398,22,Female,2.44,6.55,5.38,63.14,Casual,0.96,6.4,308.76,5.86,Medium,83.08,B
7399,19,Female,3.59,3.48,7.28,71.25,FPS,0.96,6.67,264.22,12.04,Medium,57.16,F
7400,20,Female,2.92,5.01,5.58,79.77,Casual,4.91,5.85,288.35,8.57,Medium,73.55,C
7401,20,Male,7.86,2.91,5.73,66.82,RPG,2.77,9.5,222.76,19.31,Low,15.06,F
7402,16,Male,6.68,1.46,8.46,64.67,FPS,2.42,9.59,232.07,13.52,Low,30.22,F
7403,21,Male,3.84,5.65,6.9,78.09,FPS,4.25,6.73,276.39,10.37,Medium,66.45,D
7404,24,Male,7.03,4.12,4.51,83.23,FPS,4.25,11.13,248.21,16.59,Low,27.12,F
7405,17,Female,2.78,5.89,5.55,92.81,Casual,0.88,5.72,290.68,5.46,Medium,85.16,B
7406,22,Male,6.29,9.52,4.38,99.91,RPG,0.87,9.38,247.25,13.42,High,84.90087952116346,B
7407,21,Female,1.79,2.29,6.78,90.97,Casual,3.98,4.15,278.32,5.91,Medium,68.22,D+
7408,20,Male,6.18,1.02,4.87,68.85,FPS,3.93,7.84,255.05,10.94,Low,20.2,F
7409,19,Female,3.65,1.69,8.29,89.92,FPS,1.13,6.15,272.14,6.15,Medium,52.94,F
7410,19,Female,0.86,5.16,6.89,81.49,Casual,4.21,2.07,315.02,-0.23,Medium,81.38,B-
7411,21,Female,2.19,7.36,4.3,78.03,Casual,2.4,4.21,302.92,3.84,High,85.23670735201866,B
7412,19,Male,3.22,6.23,5.5,97.43,Casual,2.35,5.84,283.29,8.32,Medium,73.26,C
7413,20,Female,5.99,5.45,7.08,88.08,Casual,4.93,7.72,228.11,11.83,Low,53.68,F
7414,21,Male,0.58,4.19,5.68,87.27,Casual,2.6,4.9,327.21,5.88,Medium,69.49200645034416,D+
7415,20,Male,5.28,3.79,6.57,60.47,FPS,0.69,7.68,274.69,8.87,Low,38.06,F
7416,22,Male,5.73,4.39,8.55,94.6,FPS,1.4,9.81,259.37,14.53,Low,70.63,C-
7417,24,Female,5.23,6.5,5.75,91.73,FPS,1.67,9.45,249.98,11.84,Low,56.71,F
7418,22,Male,6.09,2.51,5.68,71.96,Casual,4.79,9.33,259.22,13.59,Low,29.14,F
7419,22,Female,1.43,7.94,8.1,71.68,FPS,1.32,4.68,300.02,5.85,Medium,100,A
7420,19,Other,4.7,6.18,5.59,62.14,RPG,2.15,8.61,262.93,6.09,Medium,63.94509158992516,D
7421,16,Male,7.53,3.42,4.39,62.03,Casual,3.75,9.84,241.62,11.94,Low,19.73,F
7422,23,Female,4.89,5.51,4.9,86.74,RPG,1.37,6,267.79,10.21,Medium,55.68,F
7423,19,Female,4.89,9.67,8.74,67.45,FPS,3.51,9.12,237.79,11.45,Medium,96.36,A
7424,16,Male,5.89,1.18,8.67,96.94,RPG,1.04,9.93,251.4,10.94,Low,45,F
7425,20,Female,2.67,2.8,5.12,93.7,FPS,1.21,6.05,299.81,11.04,Medium,55.57576683094328,F
7426,23,Male,5.6,5.04,6.77,73.96,RPG,4.93,10.98,239.16,11.57,Low,58.81,F
7427,19,Female,7.33,6.75,4.69,75.2,FPS,1.84,10.87,241.81,15.37,Low,40.56,F
7428,23,Male,0.09,2.91,7.37,73.09,FPS,3.65,2.61,302.22,3.74,Medium,59.86,F
7429,23,Male,6.96,9.38,4.93,63.7,Casual,4.2,11.53,234.33,14.85,High,68.11785699795801,D+
7430,18,Female,1.75,6.78,4.25,61.26,Casual,1.73,7.56,304.41,4.67,Medium,74.99,C
7431,24,Male,3.65,8.9,8.12,78.09,Casual,1.79,8.33,273.67,10.42,Medium,100,A
7432,18,Male,6.82,3.96,5.63,97.72,FPS,3.87,12.36,249.94,14.92,Low,45.45,F
7433,16,Male,6.59,8.46,4.54,96.69,Casual,3.04,8.15,226.77,14.75,High,72.94866651737611,C-
7434,17,Male,7.14,4.4,8.17,92.39,RPG,1.81,8.74,242.47,16.11,Low,53.38,F
7435,21,Female,7.52,3.27,7.81,85.14,Casual,3.75,9.29,230.29,16.68,Low,31.68,F
7436,17,Female,3.58,9.2,7.42,94.25,Casual,4.32,8.09,268.51,11.77,Medium,91.32,A-
7437,21,Female,5.25,1.83,8.56,80.6,Casual,1.18,8.2,261.39,11.2,Low,42.27,F
7438,16,Female,3.12,9.49,6.45,67.21,FPS,0.12,6.51,281.86,6.93,Medium,85.24,B
7439,16,Male,2.81,5.13,4.64,87.37,Casual,1.37,5.12,301.08,6.6,Medium,66.06,D
7440,20,Male,3.45,9.93,4.31,96.83,Casual,3.37,8.13,284.43,3.58,High,100,A
7441,24,Female,5.94,5.86,5.59,60.78,FPS,4.58,11.17,252.85,14.92,Low,47.19,F
7442,23,Female,4.01,7.82,4.43,70.06,FPS,4.32,5.81,265.15,8.26,High,71.9,C-
7443,18,Male,6.51,1.06,6.68,70.62,FPS,1.11,8.47,243.35,14.76,Low,16.03,F
7444,18,Male,5.96,5.47,4.07,63.96,Casual,4.41,8.66,242.73,11.48,Low,36.49,F
7445,16,Female,0.16,7.64,6.22,69.02,Casual,4.05,2.56,317.46,4.21,Medium,94.02,A
7446,18,Female,5.04,8.05,4.89,75.36,RPG,3.67,8.7,271.97,11.49,High,75.06391419649931,C
7447,16,Female,3.49,2.42,5.84,97.59,RPG,3.44,8.25,275.26,11.03,Medium,58.266191186344315,F
7448,23,Male,3.65,4.77,7.38,94.41,FPS,4.04,8.62,261.74,8.77,Medium,77.53,C+
7449,16,Female,6.55,4.77,5.75,97.84,Casual,4.31,8.59,246.35,15.05,Low,48.15,F
7450,20,Male,4.38,1.93,5.71,64.82,FPS,4.1,6.26,275.31,6.59,Medium,45.81,F
7451,24,Male,7.08,4.99,8.95,61.12,RPG,0.61,9.9,250.93,11.18,Low,49.7,F
7452,22,Female,5.7,8.26,7.59,64.4,Casual,3.61,7.44,260.24,11.86,Low,78.94915760250584,C+
7453,19,Male,4.42,3.7,6.57,96.57,RPG,4.21,5.88,264.24,9.53,Medium,68.8168243259428,D+
7454,24,Male,6.04,4.89,6.9,66.3,RPG,0.93,8.25,250.13,12.99,Low,41.12,F
7455,24,Other,0.31,9.65,7.1,82.91,FPS,1.07,3.28,320.17,1.53,Medium,100,A
7456,17,Female,0.22,1.29,4.12,69.1,FPS,3.93,4.16,321.7,1.61,Medium,39.8,F
7457,21,Female,0.67,6.32,4.4,60.83,RPG,1.72,5.29,287.22,5,Medium,78.24,C+
7458,19,Male,3.5,7.69,7.25,63.38,FPS,2,5.61,272.27,11.62,Medium,85.83,B
7459,23,Male,1.88,7.85,5.82,88.39,FPS,1.89,6.97,302.21,11.48,High,93.33,A
7460,22,Female,7.87,7.44,4.28,67.29,FPS,1.06,9.04,236.55,18.51,High,58.47946779961815,F
7461,22,Female,4.34,7.54,5.49,69.17,RPG,4.69,7.56,261.58,5.71,High,71.15,C-
7462,24,Female,5.3,1.53,4.65,75.09,FPS,4.03,9.47,252.25,14.79,Low,30.07,F
7463,20,Male,2.23,5.81,8.58,86.29,RPG,1.25,4.69,290.86,7.77,Medium,89.29,B+
7464,21,Male,2.57,8.05,5.01,78.77,RPG,0.53,6.99,287.81,7.15,High,80.39,B-
7465,16,Other,2.68,1.85,4.72,97.78,FPS,1.86,8.02,296.38,9.88,Medium,53.34,F
7466,21,Female,5.59,1.11,7.13,77.37,FPS,2.08,7.04,245.54,12.63,Low,34.78,F
7467,17,Male,3.79,8.33,6.61,67.97,Casual,0.04,7.35,283.17,9.33,Medium,77.4,C+
7468,21,Male,4.14,7.41,6.88,81.45,RPG,4.44,5.23,284.51,9.33,Medium,68.04,D+
7469,24,Female,4.74,4.71,6.18,78.04,FPS,4.26,7.14,259.18,9.57,Medium,58.71,F
7470,23,Male,6.15,9.46,6.34,91.49,RPG,4.25,7.83,241.9,9.46,Low,88.09014905630427,B+
7471,24,Male,0.72,7.9,7.89,97.4,FPS,4.03,4.84,312.94,-0.25,Medium,100,A
7472,23,Male,6.21,9.71,5.1,93.45,FPS,3.67,8.45,239.62,15.37,High,89.81559853415565,B+
7473,18,Female,4.51,9.36,5.98,75.56,RPG,3.17,6.92,265,8.17,High,87.97,B+
7474,23,Male,5.35,5.33,8.79,68.64,FPS,4.8,7.38,241.1,8.66,Low,69.45,D+
7475,21,Other,2.62,7.79,4.95,96.58,RPG,3.56,4.84,297.12,3.25,High,90.95,A-
7476,21,Male,3.28,7.02,5.47,75.44,FPS,3.15,5.41,297.27,6.67,High,81.71325766621348,B-
7477,21,Female,1.85,8.3,4.96,90.81,FPS,3.94,6.34,291.07,8.98,High,90.7,A-
7478,18,Male,7.83,8.09,4.1,99.58,FPS,1.23,13.61,209.58,18.26,High,67.48229586455284,D+
7479,16,Female,3.98,2.38,5.35,83.1,FPS,4.84,7.43,281.45,6.82,Medium,43.68,F
7480,19,Other,7.97,3.1,4.23,79.2,Casual,0.1,11.97,220.18,20.9,Low,11.25,F
7481,21,Female,3.92,3.39,4.77,87.99,FPS,3.24,9.01,266.28,11.04,Medium,53.48,F
7482,17,Female,1.76,8.37,5.81,67.76,Casual,0.39,5.14,297.66,4.52,High,84.94,B
7483,22,Female,4.06,8.3,4.1,79.53,Casual,4.27,6.57,259.07,10.35,High,70,C-
7484,22,Female,0.32,5.46,7.76,72.49,RPG,4.84,6.07,320.98,3.54,Medium,82.04,B-
7485,19,Female,7.24,6.23,7.98,66.57,Casual,2.04,12.77,220.47,15.81,Low,55.22991653122002,F
7486,19,Other,6.55,8.44,6.06,84.41,Casual,4.29,8.65,229.56,13.06,Low,91.31340972266264,A-
7487,16,Male,5.81,3.81,8.92,83.03,FPS,1.68,10.33,238.3,11.41,Low,55.03,F
7488,17,Other,4.88,1.45,7.39,90.45,FPS,0.8,9.12,263.08,10.94,Medium,40.64,F
7489,24,Male,4.64,5.34,7.72,94.92,FPS,1.38,8.89,246.18,13.27,Medium,71.16,C-
7490,23,Male,7.97,9.22,4.96,68.82,RPG,1.51,13.12,245.24,20.32,High,61.80926861984506,D-
7491,23,Male,2.22,8.11,8.19,91.19,FPS,3.15,6.59,289.6,6.27,Medium,92.63,A-
7492,24,Male,6.24,4.3,8.73,74.7,Casual,3.98,9.83,223.96,13.95,Low,52.53,F
7493,22,Female,4.65,1.58,5.18,85.15,RPG,1.03,9.88,253.59,9.85,Medium,33.43,F
7494,24,Female,7.81,6.73,7.43,94.01,Casual,0.44,10.13,232.27,17.57,Low,56,F
7495,17,Female,6.62,8.51,7.73,70.25,FPS,1.11,11.02,254.04,12.67,Low,76.28885790113722,C
7496,21,Female,7.99,6.98,5.53,84.04,RPG,1.48,12.5,225.75,19.9,Low,43.14,F
7497,18,Female,4.71,4.83,6.38,79.21,RPG,1.4,10.06,264.34,12.93,Medium,57.14,F
7498,21,Female,1.64,2.11,4.49,91.62,FPS,1.1,7.63,285.02,5.74,Medium,52.55,F
7499,18,Male,4.03,9.2,4.87,87.89,Casual,2.33,7.82,286.53,10.83,High,94.19,A
7500,23,Female,5.69,3.48,4.31,90.79,RPG,4.28,9.11,257.28,12.41,Low,40.29,F
7501,19,Female,6.19,3.02,6.8,71.52,FPS,0.5,10.19,248.93,14.76,Low,40.58,F
7502,21,Female,0,8.34,7.13,88.17,Casual,4.31,4.29,320.17,2.57,Medium,100,A
7503,24,Female,4.04,9.83,8.58,84.23,RPG,2.49,8.6,276.83,12.69,Medium,100,A
7504,17,Female,1.88,6.94,6.71,78.27,FPS,3.3,4.29,289.44,5.94,Medium,85.8,B
7505,17,Male,7,6.62,5.3,75.13,FPS,4.08,10.44,245.39,17.82,Low,43.22,F
7506,22,Male,1.22,3.87,4.3,73.26,RPG,1.52,4.07,313.39,4.65,Medium,60.21,D-
7507,17,Female,5.33,1.18,8.42,60.39,RPG,4.77,6.52,255.06,11.14,Low,35.75,F
7508,17,Female,2.13,2.73,6.39,66.78,RPG,0.42,6.18,291.72,7.31,Medium,64.29,D
7509,19,Female,2.85,6.26,7.69,62.36,RPG,2.64,8.22,264.22,9.07,Medium,81.92,B-
7510,24,Male,7.52,2.36,4.07,93.93,FPS,1.27,13.13,212.44,17.12,Low,26.43,F
7511,23,Male,1.92,8.95,6.44,94.4,FPS,2.04,5.51,302.42,2.82,Medium,100,A
7512,17,Female,0.76,2.69,5.63,93.85,Casual,2.24,5.59,319.93,2.89,Medium,67.59,D+
7513,23,Male,0.55,5.7,4.15,92.72,RPG,4.57,5.11,324.1,2.32,Medium,80.72090616811691,B-
7514,19,Female,4.04,5.61,7.88,68.85,FPS,2.21,6.18,258.05,10.26,Medium,78.4736529314169,C+
7515,17,Male,5.13,6.44,6.56,79.67,FPS,3.49,6.44,281.37,10.78,Low,63.17,D
7516,22,Male,2.62,3.95,5.67,96.31,Casual,4.76,7.36,298.56,5.98,Medium,70.95,C-
7517,21,Female,5.52,8.86,8.03,90.39,Casual,2.47,7.93,248.03,11.92,Low,100,A
7518,20,Male,0.49,5,6.23,60.07,RPG,2.04,4.24,315.75,2.21,Medium,71.71,C-
7519,16,Female,6.86,7.3,4.02,78.38,FPS,4.86,10.48,220.71,13.69,High,62.10294799589512,D-
7520,17,Female,6.53,6.72,8.72,60.43,RPG,4.14,11.62,235.47,18.54,Low,68.89,D+
7521,23,Male,7.88,2.05,5.28,71.23,FPS,4.7,12.1,230.82,17.5,Low,5.43,F
7522,16,Female,7.49,6.6,8.15,77.43,RPG,1.99,12.73,230.75,16.02,Low,60.27,D-
7523,18,Female,2.85,5.96,8.08,95.72,Casual,3.48,7.61,303.23,4.76,Medium,91.29,A-
7524,17,Male,3.19,9.09,4.81,86.18,RPG,1.25,9.19,266.93,9.55,High,86.96,B
7525,20,Male,5.97,8.93,6.37,74.5,FPS,4.33,11.29,247.19,15.64,Low,85.3279625577168,B
7526,19,Male,1.07,2.36,4.2,79.63,RPG,4.67,3.13,295.79,1.87,Medium,56.39,F
7527,22,Female,2.51,1.74,5.77,92.7,Casual,1.34,8.32,305.23,8.21,Medium,53.45,F
7528,20,Female,0.95,3.65,7.65,71.99,RPG,0.52,3.65,311.25,1.07,Medium,76.01,C
7529,23,Female,3.64,9.88,5.19,84.6,Casual,1,7.68,276.4,8.84,High,100,A
7530,19,Female,4.42,1.19,4.59,70.49,FPS,3.16,10.13,265.63,13.86,Medium,32.88,F
7531,21,Female,1.69,7.06,6.54,79.2,Casual,1.36,3.76,290.95,3.95,Medium,94.12,A
7532,19,Female,0.21,6.48,6.68,60.99,RPG,3.19,5.5,329.46,1.78,Medium,97.16537350415764,A
7533,17,Female,5.75,6.82,7.38,94.09,FPS,1.75,11.52,252.71,17.07,Low,69.7211392990849,D+
7534,16,Male,0.16,2.96,7.8,61.93,RPG,4.58,5.43,320.53,3.35,Medium,65.39,D
7535,16,Female,7.79,3.04,7.48,68.97,RPG,2.26,12.89,232.34,17.12,Low,25.7,F
7536,23,Female,1.77,4.88,8.23,73.34,RPG,2.49,4.09,290.14,2.97,Medium,79.3,C+
7537,19,Female,5.31,1.86,5.11,85.01,FPS,1.74,8.35,276.23,9.84,Low,29.93,F
7538,20,Female,3.48,1.67,6.85,88.8,FPS,0.37,8.28,293.94,10.21,Medium,42.8,F
7539,23,Male,0.48,1.8,5.8,63.22,Casual,2.47,2.07,313.88,3.29,Medium,45.91,F
7540,22,Female,3.78,6.16,8.81,61.74,RPG,3.87,9.22,271.63,10.28,Medium,74.8,C
7541,23,Male,4.13,4.58,6.2,91.96,FPS,4.77,6.18,276.84,8.89,Medium,58.38,F
7542,23,Female,6.84,3.64,8.8,88.49,Casual,0.38,10.66,249.12,16.77,Low,49.91,F
7543,21,Male,5.86,3.84,7.85,93.26,FPS,3.99,7.39,267.18,9.65,Low,55.39,F
7544,17,Female,0.63,2.87,7.59,87.06,RPG,1.34,2.56,318.89,2.38,Medium,74.48,C
7545,21,Female,1.67,4.7,6.46,90.04,FPS,4.11,5.6,301.33,5.34,Medium,79.21,C+
7546,16,Female,2.5,2.83,6.22,75.16,Casual,1.71,6.67,291.37,7.91,Medium,61.91,D-
7547,16,Male,0.93,7.28,6.63,83.61,FPS,0.57,3.28,290.03,3.99,Medium,95.99,A
7548,18,Other,3.66,2.12,5.47,92.22,Casual,3.06,5.26,271.78,7.3,Medium,49.38,F
7549,18,Female,7.87,9.53,8.52,66.88,RPG,4.47,11.62,229.17,21.32,Low,74.33105727050538,C
7550,20,Female,4.12,1.81,7.97,76.91,FPS,0.91,9.32,247.98,8.67,Medium,48.05,F
7551,16,Male,5.94,9.49,8.01,89.62,FPS,0.11,7.95,250.52,11.93,Low,98.7316965227058,A
7552,21,Female,5.46,8.5,6.17,81.31,FPS,4.42,9.92,246.36,14.87,Low,89.68905649966673,B+
7553,22,Male,6.8,7.13,4.36,87.27,Casual,3.49,9.73,254.17,13.8,High,57.617304515871176,F
7554,18,Female,1.73,9.21,7.42,71.71,Casual,4.04,7.45,296.39,6.54,Medium,100,A
7555,19,Male,6.03,2.25,5.87,61.29,Casual,0.3,7.44,245,11.7,Low,23.77,F
7556,18,Female,7.05,2.59,8.35,61.17,FPS,4.45,8.25,234.03,13.92,Low,42.18,F
7557,16,Female,1.37,3.27,7.9,97.71,FPS,2.1,2.99,303.51,0.96,Medium,81.05,B-
7558,23,Male,2.77,3.2,4.73,97.78,RPG,4.49,7.68,294.69,9.52,Medium,64.21,D
7559,17,Female,7.76,3.8,7.01,68.45,RPG,0.32,13.37,223.44,19.89,Low,41.54,F
7560,16,Female,6.25,6.18,7.46,65.9,Casual,4.42,11.36,245.23,16.61,Low,57.02,F
7561,23,Male,2.26,1.25,6.84,60.73,Casual,3.37,6.85,300.87,5.96,Medium,37.57,F
7562,22,Female,4.51,4.44,6.57,69.25,Casual,2.77,5.8,265.97,10.33,Medium,62.09,D-
7563,22,Male,3.23,3.22,5.14,73.37,FPS,0.31,5.3,287.79,11.49,Medium,47.72,F
7564,19,Male,3.92,6.46,5.18,69.65,Casual,3.44,9.6,268.5,11.26,Medium,61.42,D-
7565,24,Male,2.84,9.87,7.84,91.9,RPG,2.99,6.95,289.43,5.42,Medium,100,A
7566,21,Female,2.23,5.66,4.09,89.98,RPG,3.63,5.57,306.33,4.42,Medium,64.15,D
7567,17,Male,5.4,4.83,7.89,63.24,RPG,3.58,9.66,261.22,11.13,Low,61.59,D-
7568,16,Female,6.23,4.31,6.63,87.89,Casual,2.22,8.12,226.53,16.05,Low,46.53,F
7569,16,Female,6.99,8.06,8.68,80.82,RPG,1.02,12.45,241.67,17.5,Low,74.72253421817224,C
7570,24,Male,1.24,1.65,8.99,65.29,FPS,4.59,5.52,293.58,1.47,Medium,72.11,C-
7571,19,Female,6.58,9.64,7.32,89.58,RPG,4.63,9.94,231.79,17.45,Low,79.95042467405607,C+
7572,20,Male,2.04,4.76,6.06,63.44,Casual,1.06,5.33,300.44,6.86,Medium,65.78,D
7573,18,Female,3.42,3.82,6.38,67.09,Casual,3.15,8.53,269.26,9.74,Medium,47.75,F
7574,19,Male,7.21,9.77,5.02,65.97,FPS,1.01,9.75,222.38,18.72,High,71.56208026615123,C-
7575,23,Male,3.64,9.42,4.5,97.56,Casual,4.31,5.33,276.29,7.67,High,93.38,A
7576,19,Female,1.58,6.78,6.89,87.93,FPS,0.49,3.51,294.91,6.85,Medium,97.76,A
7577,24,Female,1.28,1.17,8.03,76.45,FPS,4.95,2.69,288.34,-1.15,Medium,74.28342931803613,C
7578,24,Male,3.78,7.74,5.31,92.89,RPG,3.05,7.32,280.19,7.86,High,85.89,B
7579,21,Female,6.1,4.02,6.1,68.64,RPG,0.11,10.49,256.65,15.98,Low,38.98,F
7580,17,Male,7.98,4.49,6.77,97.24,FPS,4.41,13.65,233.29,22.15,Low,37.03,F
7581,22,Female,6.3,2.43,8.54,87.88,Casual,3.42,11.05,235.42,12.54,Low,44.9,F
7582,24,Female,7.02,5.71,4.69,82.38,Casual,3.49,10.94,239.87,15.16,Low,37.23,F
7583,21,Male,5.98,7.7,5.18,91.79,RPG,1.38,11.3,243.3,14.95,High,80.22477488485194,B-
7584,18,Male,7.16,3.46,8.59,85.79,FPS,1.68,12.62,221.41,15.17,Low,42.89,F
7585,22,Male,0.61,9.45,4.2,95.48,FPS,4.57,5.17,305.21,2.97,High,100,A
7586,20,Male,7.44,2.75,7.28,93.17,FPS,3.17,8.72,202.53,18.68,Low,32.1,F
7587,16,Male,3.17,1.6,7.2,67.91,FPS,0.08,5.63,271.39,5.51,Medium,49.98,F
7588,18,Female,7.37,6.8,5.92,69.59,Casual,1.64,10.05,216.89,15.6,Low,48.67,F
7589,20,Other,0.61,8.64,6.34,62.6,RPG,2.99,6.6,314.71,4.76,Medium,84.93,B
7590,22,Male,5.72,9.58,8.27,68.81,FPS,0.74,9.04,254.27,14.03,Low,83.81397563905692,B
7591,18,Female,5.89,7.9,4.82,73.74,FPS,0.49,10.7,232.42,12.46,High,64.41579348775727,D
7592,21,Female,7.98,2.8,5.16,61.15,Casual,0.3,13.05,232.52,18.14,Low,10.04,F
7593,20,Female,6.15,9.8,6.56,72.6,RPG,3.15,10.42,240.12,13.86,Low,91.64299896642018,A-
7594,16,Female,3.06,9.27,6.05,90.86,RPG,1.6,4.15,272.59,7.27,Medium,98.64,A
7595,21,Female,4.46,2.47,6.87,93.61,RPG,1.87,5.56,248.58,7.12,Medium,54.16,F
7596,23,Male,2.93,6.03,8.6,60.35,FPS,0.3,8.02,276.83,10.95,Medium,86.36,B
7597,16,Male,1.57,6,8.59,60.29,Casual,3.69,6.27,299.77,6.01,Medium,96.39,A
7598,17,Male,1.99,4.98,5.15,65.85,FPS,3.83,5.67,306.08,7.95,Medium,64.58,D
7599,19,Male,1.78,9.86,5.51,94.9,Casual,4.15,4.02,297.59,3.54,High,100,A
7600,17,Male,4.39,1.54,4.81,78.77,FPS,3.26,5.82,264.17,7.05,Medium,34.24,F
7601,24,Female,7.25,6.64,8.64,99.32,RPG,3.87,9.07,238.8,13.5,Low,62.58,D-
7602,23,Male,7.3,2.85,5.99,95.49,Casual,2.89,11.2,233.8,17.95,Low,28.79,F
7603,23,Female,0.44,5.75,6.25,95.61,Casual,2.46,4.17,299.67,1.86,Medium,84.47,B
7604,19,Male,0.64,8.02,8.01,65.14,FPS,1.3,6.35,307.95,0.9,Medium,99.38,A
7605,20,Female,1.96,3.22,6.56,79.01,RPG,0.27,7.75,290.73,7.18,Medium,68.36,D+
7606,19,Female,2.04,4.54,4.6,99.74,FPS,1.46,5.92,294.02,5.38,Medium,75.91,C
7607,24,Male,0.76,9.56,6.19,65.96,Casual,3.42,5.97,306.13,3.53,Medium,100,A
7608,17,Male,3.11,7.85,7.15,82.97,Casual,4.63,8.17,274.62,5.33,Medium,87.6,B+
7609,23,Female,4.7,6.15,7.6,73.77,FPS,1.28,9.46,278.25,8.76,Medium,62.57,D-
7610,17,Male,4.63,3,7.23,75.51,FPS,3.35,7.82,263.99,9.76,Medium,52.99,F
7611,16,Male,4.35,4.83,4.6,95.63,FPS,2.39,7.3,272.57,8.32,Medium,62.63,D-
7612,18,Male,2.71,7.97,5.52,83.52,Casual,3.14,5.03,286.31,5.44,High,87.94,B+
7613,24,Female,5.65,8.38,7.67,90.35,RPG,0.01,11.34,260.35,15.81,Low,78.80303640110871,C+
7614,18,Female,6.61,3.2,8.4,86.93,FPS,0.61,11.78,239.77,13.68,Low,40.93,F
7615,24,Female,2.77,6.96,4.24,81.16,Casual,1.09,4.66,296.48,4.67,Medium,74.58,C
7616,22,Female,0.68,1.86,4.21,91.67,FPS,4.47,2.94,283.14,1.44,Medium,51.3,F
7617,16,Female,2.37,1.21,7.22,98.83,FPS,0.2,6.28,292.56,4.77,Medium,53.5,F
7618,20,Female,1.1,5.94,6.74,98.67,FPS,2.85,4.17,309.41,3.3,Medium,100,A
7619,24,Other,3.74,3.02,4.78,91.58,FPS,4.64,5.81,278.17,10.57,Medium,45.25,F
7620,18,Male,1.25,1.71,6.74,79.49,RPG,3.26,6.21,294.16,4.41,Medium,69.3,D+
7621,24,Male,3.7,7.57,8.87,66.53,RPG,2.42,4.71,268.37,8.42,Medium,88.69,B+
7622,20,Female,1.77,5.48,7.15,61.78,FPS,1.93,4.49,288.33,0.26,Medium,91.24862699126118,A-
7623,24,Female,5.91,8.17,6.25,69.26,FPS,3.12,11.56,253.95,14.81,Low,81.72304711050825,B-
7624,21,Male,0.22,6.98,8.14,73.61,FPS,2.4,5.02,326.4,5.79,Medium,92.87,A-
7625,24,Male,4.44,7.57,5.06,65.19,FPS,3.53,7.45,250.28,10.58,High,65.01,D
7626,22,Female,1.36,3.77,6.07,68.99,FPS,3.09,7,305.73,5.8,Medium,71.79,C-
7627,22,Female,0.01,3.37,6.64,63.34,FPS,2.84,5.51,311.23,3.34,Medium,56.53,F
7628,23,Male,6.95,6.41,6.52,80.95,FPS,4.78,8.21,254.08,17.67,Low,60.43,D-
7629,22,Female,5.37,2.8,8.6,65.05,Casual,4.18,7.01,261.19,14.27,Low,46.41,F
7630,24,Female,0.79,8.34,5.46,89.71,FPS,3.04,3.73,307,1.01,High,92.68,A-
7631,24,Female,5.31,5.71,4.28,73.31,RPG,2.69,10.96,254.93,15.85,Low,54.37,F
7632,21,Male,4.89,3.04,8.58,86.88,FPS,3.62,10.11,274.29,15.14,Medium,57.46,F
7633,22,Male,3.79,6.63,5.09,95.3,RPG,4.02,5.03,275.09,4.78,Medium,70.37,C-
7634,17,Male,3.35,9.51,5.9,63.44,Casual,1.48,6.91,261.91,8.53,High,99.75702752998248,A
7635,24,Male,7.1,1.74,6.65,99.56,RPG,3.33,11.7,249.97,17.55,Low,17.44,F
7636,16,Female,1.96,1.98,8.88,85.81,FPS,0.68,4.34,304.61,-0.49,Medium,74.75,C
7637,16,Male,3.19,8.59,6.68,62.13,FPS,2.15,7.8,276.35,7.32,Medium,92.06,A-
7638,18,Other,2.63,1.99,6.24,72.56,Casual,4.69,5.48,294.45,5.25,Medium,45.97,F
7639,21,Male,6.17,1.35,6.92,95.45,RPG,1.63,8.54,239.83,12.23,Low,27.35,F
7640,20,Male,7.33,4.13,8.85,83.85,FPS,0.77,10.29,225.64,18.23,Low,47.76,F
7641,17,Female,6.8,5.2,8.09,71.49,Casual,0.73,12.55,237.19,16.36,Low,46.16,F
7642,24,Female,6.38,6.12,4.84,97.62,RPG,1.97,11.91,249.44,16.37,Low,71.97988233706849,C-
7643,19,Male,7.89,5.57,8.02,91.49,Casual,1.13,13.46,230.02,18.74,Low,45.97,F
7644,19,Female,5.58,9.22,8.21,89.42,FPS,2.13,11.17,262.42,18.89,Low,95.37600349688832,A
7645,20,Female,6.01,7.92,7.45,95.54,FPS,3.59,7.9,252.63,14.96,Low,84.5766905084042,B
7646,23,Female,7.86,9.85,7.29,90.79,RPG,4.44,13.34,240.21,18.42,Low,72.07582561922872,C-
7647,19,Female,0.06,5.29,6.2,71.47,RPG,0.55,2.12,336.52,0.62,Medium,78.25,C+
7648,20,Male,5.07,1.76,7.21,83.36,FPS,3.84,10.26,262.18,11.34,Low,47.17,F
7649,19,Female,5.91,9.6,7.69,93.69,RPG,0.52,9.62,245.72,11.73,Low,100,A
7650,21,Female,7.34,1.04,4.61,67.23,RPG,1.9,9.54,230.13,13.39,Low,6.522581923278651,F
7651,18,Male,7.07,7.98,5.29,66.52,FPS,4.98,10.06,215.91,17.6,High,55.23723728334221,F
7652,23,Male,6.74,1.28,4.97,66.36,RPG,0.34,9.91,239.33,13.27,Low,2.9,F
7653,21,Female,7.57,7.85,8.21,67.77,FPS,0.11,12.24,222.99,18.76,Low,68.24564763578613,D+
7654,20,Male,4.3,9.44,7.4,64.13,RPG,1.67,8.33,261.35,9.61,Medium,93.2,A
7655,17,Male,0.06,4.5,6.25,93.51,FPS,4.76,5.14,318.9,1.16,Medium,76.9,C
7656,22,Other,0.09,3.17,8.13,92.73,RPG,0.1,3.07,297.93,1.01,Medium,82.8,B-
7657,17,Male,4.36,3.04,7.58,66.05,FPS,1.11,9.08,265.89,14.66,Medium,42.76,F
7658,16,Male,3.48,5.43,8.57,88.22,Casual,3.02,8.44,280.28,15.52,Medium,89.74,B+
7659,22,Female,3.61,2.54,4.38,85.08,RPG,1.17,4.93,261.32,7.15,Medium,50.22,F
7660,20,Female,3.2,7.06,6.55,71.05,RPG,0.27,6.08,295.14,6.92,Medium,75.97,C
7661,16,Male,7.34,4.32,7.53,69.09,Casual,0.26,12.77,236.35,19.31,Low,30.38,F
7662,19,Female,2.87,3.91,5.04,70.02,FPS,2.8,7.39,298.47,8.31,Medium,57.405266352567246,F
7663,19,Female,6.85,5.15,5.64,89.23,RPG,2.81,9.94,242.14,13.94,Low,45.78,F
7664,22,Female,7.22,5.88,6.09,72.77,FPS,3.53,9.13,236.97,16.38,Low,48.1,F
7665,24,Male,4,2.28,7.97,71.12,Casual,0.66,5.48,287.22,10.28,Medium,40.34,F
7666,17,Male,3.58,7.37,6.47,60.9,Casual,2.5,5.73,290.19,7.75,Medium,80.85,B-
7667,16,Male,6.09,8.95,6.46,96.33,Casual,3,8.31,266.34,12.87,Low,94.09941128699616,A
7668,17,Female,5.66,3.5,6.15,90.11,FPS,1.11,8.51,250.84,16.17,Low,39.88,F
7669,22,Female,2.63,2.62,5.14,78.91,FPS,2.74,4.51,280.49,4.56,Medium,38.68,F
7670,21,Female,0.82,7.84,8.62,97.72,FPS,3.54,2.55,298.58,1.42,Medium,100,A
7671,19,Female,2.12,2.65,5.59,71.74,RPG,4.95,7.34,284.79,5.92,Medium,54.71,F
7672,16,Female,1.05,1.37,6.84,86.99,FPS,2.98,3.3,314.18,6.62,Medium,69.51436847330442,D+
7673,16,Male,2.36,6.57,4.74,72.21,FPS,4.31,6.17,318.94,2.67,Medium,77.35,C+
7674,20,Female,2.09,3.16,6.17,72.58,RPG,4.17,4.09,310.01,6.82,Medium,69.54,D+
7675,16,Female,5.1,2.55,8.52,93.79,Casual,4.7,8.56,257,11.87,Low,52.48,F
7676,22,Female,7.64,9.83,8.98,91.48,FPS,3.62,10.02,235.98,20.1,Low,85.14533564240645,B
7677,16,Male,5.49,3.63,5.81,71.76,Casual,1.07,6.92,248.59,12.41,Low,49.41,F
7678,16,Female,7.41,9.13,4.77,63.26,FPS,1.49,13.32,226.17,13.47,High,66.2072637342618,D
7679,17,Male,6.27,2.6,5.57,74.3,FPS,3.92,9.56,234.42,17.41,Low,32.07,F
7680,18,Male,5.82,8.37,5.64,90.4,Casual,2.6,8.79,240.48,12.65,High,81.59946642442806,B-
7681,16,Female,3.31,5.52,7.22,64.02,RPG,1.26,5.31,285.83,3.54,Medium,74.86,C
7682,24,Female,2.6,1.71,6.48,86.88,Casual,3.28,6.08,303.63,6.13,Medium,47.64,F
7683,23,Male,6.77,7.6,7.84,95.59,RPG,4.53,10.95,249.17,15.7,Low,76.22616565273674,C
7684,20,Female,7.24,9.03,7.51,67.17,Casual,1.79,9.76,247.7,13.64,Low,81.34174864032236,B-
7685,17,Male,3.62,2.47,5.26,94.49,FPS,2.98,7.02,284.4,5.88,Medium,49.52,F
7686,20,Male,0.07,7.53,7.92,62.05,RPG,2.91,2.26,318.82,1.83,Medium,92.26,A-
7687,21,Male,6.34,5.01,8.24,86.68,Casual,0.63,9.98,238.66,12.01,Low,66.06,D
7688,16,Female,2.28,7.78,6.99,91.64,FPS,0.45,7.22,298.41,4.98,Medium,100,A
7689,19,Other,0.08,7.43,8.64,77.79,FPS,4.45,1.38,302.24,3.52,Medium,98.11,A
7690,24,Female,6.44,1.24,7.91,68.15,FPS,4.67,10.03,236.67,14.01,Low,17.42,F
7691,17,Female,4.14,2.61,6.98,96.99,Casual,4.52,7.14,262.44,7.35,Medium,63.22,D
7692,20,Male,5.48,5.24,8.53,60.8,RPG,1.98,6.85,266.68,9.85,Low,53.51,F
7693,16,Male,7.32,9.4,7,82.2,RPG,1.44,13.02,218.38,18.26,Low,79.86000956795814,C+
7694,19,Female,4.33,4.08,6.61,74.91,Casual,4.71,6.63,277.34,10.65,Medium,55.83,F
7695,19,Male,4.03,6.66,5.78,78.44,Casual,4.41,7.85,275.51,11.3,Medium,71.86,C-
7696,21,Female,2.33,1.11,8.41,81.46,RPG,4.1,5.19,296.04,7.7,Medium,49.18,F
7697,24,Female,2.44,7.4,4.61,81.39,Casual,1.67,4.8,286.04,6.73,High,77.89,C+
7698,18,Other,6.37,6.43,6.37,68.14,RPG,3.19,10.01,228.93,15.78,Low,52.27,F
7699,24,Male,3.59,7.44,6.69,87.19,RPG,3.75,8.04,281.92,8.45,Medium,83.68,B
7700,21,Female,1.31,9.14,6.77,60.77,FPS,2.88,6.24,313.14,2.85,Medium,100,A
7701,22,Female,0.76,2.32,7.26,60.85,FPS,3.01,4.93,315.85,6.32,Medium,60.71,D-
7702,17,Male,3.78,3.35,6.53,79.14,Casual,3.78,7.41,273.2,11.14,Medium,57.49,F
7703,21,Female,3.72,9.96,5.28,81.68,FPS,3.83,8.61,263.98,9.32,High,88.04,B+
7704,21,Male,5.23,2.41,8.28,71,FPS,1.2,8.82,251.01,10.93,Low,53.49,F
7705,17,Male,3.77,7.49,7.29,82.07,RPG,1.95,9.64,279.26,15.05,Medium,82.63,B-
7706,17,Male,1.15,7.53,8.29,80.64,RPG,3.91,4.78,298.3,2.31,Medium,100,A
7707,17,Male,4.06,7.15,5.38,73.97,FPS,1.31,6.65,261.66,9.87,High,70.82,C-
7708,16,Female,7.25,3.05,7.19,86.07,Casual,4.58,10.48,218.53,14.77,Low,36.09,F
7709,20,Male,1.28,2.94,7.57,98.32,RPG,4.19,4.73,309.99,3.46,Medium,95.49060036214746,A
7710,23,Male,5.52,7,5.92,79.63,Casual,4.48,7.94,258.9,10.75,Low,59.43,F
7711,17,Male,4.75,2.68,8.06,91.44,RPG,1.49,6.54,274.54,6.07,Medium,59.18,F
7712,20,Male,5.99,6.95,4.01,69.9,RPG,0.53,9.15,226.68,14.34,Low,53.08,F
7713,23,Male,1.2,5.43,6.97,90.48,FPS,0.5,6.69,317.32,6.46,Medium,90.84,A-
7714,20,Male,7.53,4.48,7.07,85.96,FPS,2.78,9.81,240.77,14.87,Low,40.76,F
7715,17,Female,4.97,3.7,6.67,85.59,FPS,1.53,7.78,272.45,16.56,Medium,46.62,F
7716,18,Female,6.78,9.53,7.15,95.72,FPS,1.32,11.57,239.84,16.52,Low,88.49563633171843,B+
7717,21,Female,1.97,5.57,4.84,69.33,Casual,1.11,3.38,298.58,4.98,Medium,63.51,D
7718,20,Female,5.92,6.05,7.42,74.74,Casual,2.81,11.05,251.13,15.18,Low,58.06,F
7719,19,Male,6.25,9.54,5.68,63.32,RPG,2.74,10.85,235.87,13.61,High,78.48222047540314,C+
7720,19,Female,3.18,6.88,6.26,89.04,FPS,2.11,6.93,273.13,6.28,Medium,74.7,C
7721,20,Female,3.07,9.62,5.67,93.75,FPS,0.69,5.12,285.42,5.64,High,99.26,A
7722,17,Male,5.26,1.96,6.37,76.23,FPS,4.64,6.72,254.39,10.16,Low,42.02,F
7723,24,Female,0.75,8.62,7.11,74.27,Casual,2.14,2.91,318.16,3.7,Medium,100,A
7724,17,Male,5.88,4.02,8.19,86.35,RPG,0.62,10.69,245.87,13.41,Low,54.24,F
7725,17,Male,0.34,8.29,6.42,63.02,Casual,0.19,6.01,301.23,4.75,Medium,91.3,A-
7726,24,Female,1.52,8.7,5.62,71.75,RPG,0.76,6.21,287.54,2.86,High,99.31,A
7727,18,Male,5.31,3.44,6.44,74.65,RPG,1.49,8.95,248.67,11.15,Low,45.0455182898954,F
7728,22,Male,0.79,4.68,7.44,80.74,RPG,3.15,6.54,317.78,3.03,Medium,68.6,D+
7729,19,Male,7.77,7.53,5.73,79.06,FPS,4.85,12.91,221.57,10.48,High,65.31153605988699,D
7730,21,Male,6.95,1.89,6.07,68.35,RPG,1.36,11.23,239.58,15.12,Low,24.28,F
7731,19,Male,5.01,7.8,6.81,81.63,Casual,3.95,6.2,243.16,8.54,Low,80.05123959769705,B-
7732,22,Female,6.55,1.99,5.47,97.03,RPG,4.56,8.99,243.02,15.23,Low,22.17,F
7733,16,Female,7.1,9.23,5.05,61.08,RPG,1.96,9.64,235.18,16.94,High,66.78744740347648,D
7734,18,Female,2.08,3.49,4.7,87.21,RPG,1.27,4.82,306.94,2.73,Medium,67.67182072873172,D+
7735,18,Male,6.8,6.18,5.76,84.99,FPS,2.46,9.75,239.94,14.58,Low,54.23,F
7736,16,Other,1.56,2.05,4.24,96.98,RPG,4.48,7.26,308.91,3.41,Medium,57.78,F
7737,21,Female,3.31,3.43,6.92,85.81,FPS,0.05,8.02,299.74,9.62,Medium,67.73,D+
7738,24,Male,4.47,4.64,4.88,84.99,Casual,2.43,8.93,266.76,9.8,Medium,52.87,F
7739,23,Female,5.71,5.38,5.89,90.79,FPS,3.79,8.84,266.82,11.92,Low,68.8549168199033,D+
7740,22,Female,0.24,1,5.35,70.71,RPG,3.01,2.93,318.36,1.39,Medium,47.47,F
7741,23,Female,2.32,9,7.15,83.83,FPS,2.49,3.92,286.82,6.01,Medium,96.36,A
7742,21,Male,4.87,1.07,8.25,80.78,FPS,2.77,8.14,260.47,11.49,Medium,40.29,F
7743,24,Male,2.86,7.96,7.17,77.54,RPG,3.1,4.89,280.61,7.52,Medium,93.3,A
7744,18,Female,6.2,5.24,6.71,63.18,Casual,3.41,9.16,240.89,15.32,Low,48.13,F
7745,24,Female,5.21,5.71,7.35,71.71,Casual,1.78,6.99,251.75,11.04,Low,61.65,D-
7746,19,Female,1.88,2.87,4.15,71.2,FPS,2.59,4.6,294.41,3.05,Medium,57.40621414003551,F
7747,22,Female,1.17,6.47,4.61,88.97,RPG,1.37,2.38,313.07,-0.26,Medium,86.12,B
7748,24,Female,5.03,5.84,4.47,96.83,FPS,4.92,6.06,242.63,9.05,Low,56.14,F
7749,17,Male,3.6,2.48,4.49,69.23,RPG,0.94,8.95,279.67,10.32,Medium,36.55,F
7750,17,Female,1.35,3.14,5.3,62.98,FPS,0.75,5.56,305,2.04,Medium,65.77,D
7751,24,Male,2.61,1.6,6.66,100,Casual,1.34,6.55,302.52,9.34,Medium,53.98,F
7752,18,Female,2.42,1.6,4.57,87.65,FPS,4.6,5.99,287.3,4.52,Medium,42.53,F
7753,24,Female,0.87,1.12,8.68,95.46,FPS,3.29,5.5,320.88,3.83,Medium,70.03,C-
7754,20,Male,4.38,2.98,8.27,65.76,Casual,2.28,9.06,258.84,14.05,Medium,47.77,F
7755,21,Female,6.11,7.12,8.86,92.03,Casual,4.63,11.79,242.13,14.7,Low,87.44609839718554,B+
7756,17,Male,4.6,3.85,4.21,92.53,FPS,4.5,6.82,268.97,8.13,Medium,57.59,F
7757,23,Male,6.61,4.08,8.26,66.06,FPS,2.01,11.54,246.76,10.66,Low,42.51,F
7758,24,Male,1.02,2.19,8.02,66.46,Casual,2.82,6.98,305.11,5.83,Medium,71.48,C-
7759,17,Male,3.48,6.18,8.51,71.82,RPG,4.53,4.63,280.47,8.16,Medium,92.26,A-
7760,21,Male,4.88,4.08,6.64,68.67,Casual,1.6,7.75,259.8,12.35,Medium,51.08,F
7761,21,Male,5.41,7.09,7.94,99.02,FPS,2.04,8.59,262.99,12.64,Low,88.64452227844077,B+
7762,23,Female,5.57,7.67,4.26,74.52,FPS,3.97,10.68,251.69,12.62,High,74.8360924080708,C
7763,20,Female,5.83,6.26,4.38,90.45,FPS,3.49,6.9,247.81,10.62,Low,52.43,F
7764,24,Female,5.21,3.48,4.59,92.2,RPG,0.24,9.2,267.39,12.5,Low,43.75,F
7765,16,Male,0.75,5.58,8.57,75.44,Casual,0.59,6.21,313.1,6.21,Medium,95.50881384981398,A
7766,24,Female,5.56,3.27,4.31,87.3,Casual,4.23,7.3,259.96,6.07,Low,32.27,F
7767,22,Female,5.8,9.13,4.5,64.31,Casual,0.15,7.38,275.39,14.27,High,83.05854012676929,B
7768,19,Male,7.95,7.9,8.65,75.88,FPS,4.6,13.95,204.75,18.32,Low,60.13851854568536,D-
7769,18,Female,5.55,5.44,4.54,98.69,Casual,1.36,10.68,243.13,13.33,Low,54.3,F
7770,21,Male,5.49,9.69,8.35,66.74,Casual,2.99,9.98,244.84,14.62,Low,91.91183456101594,A-
7771,16,Female,4.12,5.92,7.95,75.43,Casual,2.82,7.11,262.02,9.39,Medium,68.04,D+
7772,18,Male,6.94,3.96,4.2,91.62,RPG,1.98,12.21,250.95,16.97,Low,34.59,F
7773,17,Male,7.97,1.86,4.11,86.62,RPG,0.16,13.58,197.69,15.48,Low,3.48,F
7774,24,Female,6.23,5.89,6.67,85.26,RPG,0.96,10.89,250.06,14.24,Low,54.46,F
7775,18,Male,4.9,8.74,8.99,94.13,RPG,3.07,7.89,245.87,12.31,Medium,98.58,A
7776,17,Male,0.63,8.8,8.39,61.16,FPS,2.23,4.55,312.7,2.44,Medium,100,A
7777,19,Female,5.81,6.44,5.55,90.85,RPG,2.07,7.3,252.87,11.7,Low,65.47,D
7778,17,Female,5.67,4.54,5.93,95.3,Casual,0.49,7.46,261.02,12.56,Low,52.37,F
7779,16,Female,6.2,6.85,5.94,60.65,FPS,1.74,11.12,242.94,15.72,Low,59.01078574561563,F
7780,21,Male,1,7.86,7.67,82.36,RPG,2.63,2.15,306.27,5.62,Medium,98.65,A
7781,23,Male,5.23,4.7,5.71,73.94,RPG,0.39,6.48,236.74,11.96,Low,49.75,F
7782,17,Female,2.37,5.29,4.74,62.03,Casual,0.33,5.91,314.36,9.21,Medium,62.14,D-
7783,24,Male,6.08,7.13,7.74,76.71,RPG,2.46,7.93,250.1,12.89,Low,79.1184980153619,C+
7784,18,Male,1.92,8.89,6.29,85.76,RPG,2.81,4.39,301.35,0.34,Medium,100,A
7785,23,Female,5.47,8.12,4.38,96.76,RPG,1.29,8.46,265.09,11.58,High,70.81578600645847,C-
7786,23,Male,2.36,1.2,7.95,84.82,FPS,1.63,5.97,291.01,4.9,Medium,58.76,F
7787,18,Male,0.07,2.12,6.93,94.27,FPS,3.98,2.49,323.4,1.22,Medium,65.8,D
7788,18,Male,5.07,8.68,6.45,64.86,FPS,4.35,8.49,266.31,11.21,Low,90.24421268638164,A-
7789,21,Male,0.91,8.5,7.37,68.42,FPS,1.63,3.76,294.33,3.77,Medium,94.11,A
7790,16,Male,5.27,4.5,6.53,98.81,RPG,1.78,6.68,262.07,9.9,Low,62.54,D-
7791,19,Male,7.4,6.26,7.24,95.5,Casual,4.15,12.74,251.95,17.9,Low,62.36,D-
7792,16,Male,7.75,9.15,8.34,69.41,FPS,4.87,10.16,244.47,17.44,Low,73.24728603735542,C
7793,18,Female,1.89,9.2,7.07,84.84,Casual,1.6,5.94,312.64,5.88,Medium,100,A
7794,24,Female,6.47,8.05,7.3,74.51,RPG,3.94,10.32,261.47,11.94,Low,78.75242822015647,C+
7795,20,Male,2.83,2.89,7.07,78.74,FPS,2.4,4.83,273.44,8.45,Medium,61.4,D-
7796,20,Female,7.2,7.57,6.66,94.44,FPS,1.32,8.35,228.35,16.21,Low,73.42401033846679,C
7797,19,Male,6.3,1.91,4.86,89.43,Casual,3.41,11.58,235.29,14.86,Low,23.38,F
7798,18,Male,0.59,9.05,5.68,69.54,RPG,2.31,4.08,347.87,-0.7,High,100,A
7799,20,Male,3.26,2.34,7.47,72.64,FPS,1.34,6.33,283.32,8.66,Medium,58.92,F
7800,19,Female,2.7,6.96,6.13,71.59,FPS,0.54,7.51,273.46,6.75,Medium,73.66,C
7801,23,Female,6.28,6.49,6.03,91.23,Casual,4.33,7.45,233.62,12.05,Low,59.53,F
7802,19,Female,3.28,7.99,7.8,79.6,FPS,4.39,8.11,281.71,8.82,Medium,87.07,B+
7803,23,Male,5.48,5.96,4.03,98.03,Casual,0.37,8.52,240.61,15.39,Low,58.01,F
7804,21,Male,4.82,1.54,7.39,92.67,FPS,3.32,8.58,280.85,11.81,Medium,49.18,F
7805,20,Female,7.81,7.35,6.45,68.45,RPG,0.81,12.57,234.19,17.78,Low,49.58302882241334,F
7806,19,Male,7.5,4.45,5.88,91.44,RPG,3.23,11.23,233.13,15.82,Low,42.06852455490545,F
7807,19,Female,3.42,3.88,5.7,80.24,RPG,4.54,4.73,268.42,7.56,Medium,59.62,F
7808,19,Female,5.79,9.93,4.86,70.15,FPS,1.3,10.43,237.31,13.9,High,83.51775681665825,B
7809,24,Female,6.64,6.31,5.67,74.53,FPS,1.74,11.57,243.81,16.95,Low,57.6,F
7810,19,Female,7.19,7.4,5.96,98.89,Casual,3.98,10.5,235.09,14.97,High,61.32507965954259,D-
7811,24,Female,0.55,5.74,6.19,79.36,FPS,3.68,3.75,300.57,1.08,Medium,94.55555376902991,A
7812,21,Female,2.42,7.93,7.36,88.78,RPG,2.04,4.68,290.42,5.08,Medium,91.71,A-
7813,22,Female,2.56,7.77,6.27,79.08,Casual,4.24,6.78,288.77,7.06,Medium,76.52,C
7814,18,Male,3.48,6.91,7.98,74.86,Casual,4.6,8.89,285.62,9.62,Medium,84.46,B
7815,23,Female,1.35,9.98,7.2,91.86,FPS,2.26,5.63,324.86,4.82,Medium,100,A
7816,18,Male,3.97,5.14,4.95,93.93,RPG,0.2,8.83,251.56,8.39,Medium,63.46,D
7817,16,Male,5.31,7.36,5.39,62.88,RPG,2.55,10.5,264.29,13.04,High,72.22662993307875,C-
7818,20,Male,3.98,8.18,4.4,71.16,FPS,3.7,6.11,265.28,10.39,High,74.9,C
7819,17,Male,5.33,4.38,8.73,80.31,FPS,1.1,8.34,260.26,14.71,Low,58.03,F
7820,21,Female,0.53,5.11,8.43,72.66,FPS,0.5,3.71,314.95,4.62,Medium,89.47,B+
7821,24,Female,7.01,9.72,4.42,91.34,RPG,1.43,10.8,240.88,15.79,High,64.35720864137308,D
7822,16,Male,7.51,1.29,6.87,64.59,Casual,0.06,8.76,217.45,15.33,Low,12.96,F
7823,19,Male,4.94,4.02,8.8,91.91,Casual,3.58,8.88,270.42,14.34,Medium,70.58,C-
7824,16,Female,7.05,5.38,7.74,84.72,Casual,0.73,8.49,235.81,14.6,Low,52.65,F
7825,16,Female,1.05,1.01,6.46,71.57,RPG,3.62,6.08,321.32,6.35,Medium,56.47,F
7826,23,Female,6.38,9.09,5.21,73.78,Casual,1.17,12.2,259.36,15.61,High,71.38777527129913,C-
7827,17,Male,0.95,3.58,5.4,67.32,RPG,4.96,3.4,310.97,-1.67,Medium,63.16,D
7828,16,Female,3.26,3.32,7.68,70.1,RPG,2.66,6.79,290.78,9.61,Medium,58.5,F
7829,23,Female,2.59,8.38,7.9,88.69,Casual,0.21,7.71,297.95,9.67,Medium,100,A
7830,19,Male,4.68,3.5,6.64,75.04,FPS,3.86,7.25,277.23,9.99,Medium,47.23,F
7831,18,Male,2.41,6.92,4.6,87.5,FPS,2.05,4.2,303.74,3.4,Medium,86.32,B
7832,19,Male,5.1,8.39,8.67,80.56,Casual,3.04,9.8,247.16,15.59,Low,100,A
7833,20,Male,2.94,8.13,8.22,65.81,Casual,4.76,7.43,287.5,7.83,Medium,100,A
7834,16,Other,6.89,8.04,4.7,79.96,FPS,2.59,10.74,223.44,15.02,High,61.94925764718723,D-
7835,16,Male,5.07,1.8,4.28,90.26,Casual,4.02,10.79,253.94,13.9,Low,38.29,F
7836,18,Male,1.72,1.72,6.68,71.91,RPG,1.51,7.5,294.55,11.8,Medium,52.77,F
7837,21,Male,2.69,3.76,5.42,85.92,Casual,3.57,8,293.57,9,Medium,64.8,D
7838,16,Male,6.78,1.32,5.42,67.96,FPS,0.5,9.25,236.34,15.15,Low,14.1,F
7839,17,Female,3.09,5.5,4.44,65.43,Casual,4.47,5.22,281.32,7.38,Medium,68.35309012019769,D+
7840,22,Male,4.29,4.55,8.77,74.41,Casual,1,9.47,278.51,14.48,Medium,70.58,C-
7841,16,Female,5.19,6.01,8.15,75.57,RPG,1.51,9.45,266.51,13.56,Low,71.4,C-
7842,22,Male,2.78,3.69,4.57,90.44,Casual,4.79,5.76,289.4,8.78,Medium,62.47,D-
7843,19,Female,2.35,5.37,8.38,78.4,Casual,0.78,5.4,299.29,6.83,Medium,83.81,B
7844,21,Female,3.8,4.01,7.41,63.25,RPG,1.27,9.07,280.86,11.31,Medium,60.57,D-
7845,23,Female,1.72,2.76,5.63,85.36,Casual,2.9,3.54,319.01,3.79,Medium,64.07,D
7846,24,Female,2.27,6.84,8.36,78.77,Casual,4.9,7.99,290.67,7.74,Medium,88.05,B+
7847,21,Female,0.5,7.06,6.99,73.27,FPS,3.46,4.67,306.48,1.71,Medium,92.43,A-
7848,24,Male,2.43,8.46,8.24,92.09,FPS,0.57,7.39,292.88,6.32,Medium,93.04,A
7849,19,Female,2.57,8.87,6.35,66.18,FPS,3.74,5.42,279.66,7.55,Medium,92.33,A-
7850,21,Female,7.69,7.34,6.5,96.53,RPG,2.13,11.62,224.04,15.94,Low,70.76972164042765,C-
7851,23,Female,4.72,7.19,5.46,73.36,FPS,4.96,9.47,267.86,12.08,High,69.58,D+
7852,24,Male,6.3,1.51,5.94,78.44,FPS,3.14,9.48,239.33,13.45,Low,21.67,F
7853,18,Male,0.36,1.99,6.84,97.17,Casual,2.66,3.8,313.4,0.19,Medium,57.8,F
7854,17,Female,0.85,8.31,8.74,90.45,Casual,2.79,4.76,307.07,4.11,Medium,100,A
7855,21,Male,6.52,3.1,7,62.97,Casual,3.21,7.84,237.43,15.25,Low,28.25,F
7856,19,Male,4.99,4.2,4.74,83.13,Casual,3.66,10.31,249.16,10.01,Medium,40.37,F
7857,16,Male,1.53,2.31,4.03,72.41,FPS,0.39,6.86,311.76,6.94,Medium,57.66,F
7858,23,Female,3.24,2.76,8.25,80.34,RPG,0.65,5.65,294.82,5.45,Medium,55.22,F
7859,24,Other,4.31,7.98,5.82,89.72,FPS,1.5,9.71,277.8,14.03,High,79.32,C+
7860,24,Female,6.75,3.36,5.57,79.85,RPG,2.39,11.48,248.43,17,Low,40.21,F
7861,17,Male,0.48,5.04,8,62.84,FPS,1.56,3.9,310.08,0.04,Medium,77.09,C+
7862,24,Male,4.77,2.37,8.73,81.2,FPS,1.07,7.51,264.51,12.62,Medium,47.34,F
7863,22,Male,5.74,7.1,7.74,60.97,FPS,4.63,8.74,243.33,11.75,Low,75.85134276593266,C
7864,20,Female,7.82,7.55,4.87,73.94,RPG,0.16,11.49,224.81,15.54,High,57.12280855815932,F
7865,22,Female,6.46,4.26,5.96,79.12,Casual,4.69,9.52,242.02,15.89,Low,32.01,F
7866,24,Male,2.21,8.06,7.8,85.79,FPS,4.54,5.31,279.63,8.38,Medium,98.99,A
7867,23,Female,5.68,3.16,8.53,80.25,RPG,3.42,7.7,253.16,13.32,Low,55.97,F
7868,21,Female,6.11,7.23,8.99,66.08,RPG,0.16,10.65,241.37,13.75,Low,82.69827717524794,B-
7869,19,Male,5.84,7.57,6.56,97.29,RPG,1.13,9.89,252.57,14.04,Low,76.84046888636762,C
7870,16,Male,6.56,9.72,8.11,86.01,Casual,4.9,12.52,238.93,14.94,Low,100,A
7871,21,Other,7.23,3.09,4.23,72.68,FPS,4.53,8.94,236.7,14.97,Low,21.09,F
7872,18,Male,0.79,1.84,5.43,98.64,FPS,4.82,2.36,317.5,3.18,Medium,65.99,D
7873,21,Female,0.84,3.37,5.86,95.3,FPS,4.98,4.42,297.39,0.62,Medium,70.26,C-
7874,21,Male,6.37,2.11,8.88,65.74,RPG,0.32,8.13,240.36,14.51,Low,42.22,F
7875,19,Female,2.02,2.53,4.02,86.22,FPS,2.85,6.07,289.28,3.24,Medium,47.74,F
7876,17,Female,0.47,4.01,5.54,82.4,FPS,4.17,2.45,326.14,-0.62,Medium,80.21080743630252,B-
7877,24,Female,3.21,4.73,8.65,67.71,Casual,1.6,6.62,298.46,9.43,Medium,73.68917531416606,C
7878,17,Female,6.56,9.13,5.53,69.34,FPS,2.18,10.62,241.7,13.46,High,65.50616042622906,D
7879,18,Female,1.01,2.76,5.13,82.55,RPG,1.42,4.3,311.92,1.68,Medium,67.88,D+
7880,16,Female,5.37,9.75,7.65,72.85,Casual,0.19,7.97,240.82,11.45,Low,100,A
7881,22,Male,0.03,8.29,7.73,93.39,RPG,0.36,4.94,322.67,1.33,Medium,100,A
7882,16,Male,0.88,8.93,6.36,63.91,RPG,0.11,6.15,306.85,4.86,Medium,95.5,A
7883,24,Female,2.81,9.36,8.73,96.56,FPS,2.64,5.2,299.87,7.16,Medium,100,A
7884,16,Female,0.67,7.78,5.01,93.62,RPG,3.09,5.74,309.69,1.9,High,91.49,A-
7885,20,Male,6.77,8.1,8.57,89.54,Casual,1.54,9.73,230.55,11.6,Low,84.8109350189772,B
7886,22,Male,6.91,4.94,7.78,70.5,Casual,4.13,10.35,223.65,15.13,Low,50.29,F
7887,18,Female,6.04,5.59,5.84,88.6,RPG,4.44,8.2,249.33,15.36,Low,61.57,D-
7888,24,Male,1.94,9.39,8.03,77.55,Casual,0.7,6.07,291.29,5.81,Medium,100,A
7889,23,Female,4.19,4.4,4.67,85.35,FPS,0.26,5.69,281.89,8.43,Medium,55.09,F
7890,18,Female,1.47,1.38,4.65,72.5,FPS,1.6,5.43,308.69,8.38,Medium,47.02,F
7891,20,Female,2.25,7.86,8.65,93.43,Casual,3.56,8.2,291.99,8.98,Medium,100,A
7892,22,Male,4.13,6.16,4.47,61.62,FPS,2.54,8.9,276.71,7.19,Medium,57.65,F
7893,19,Male,5.88,8.33,4.02,87.66,Casual,2.44,11.36,266.87,13.94,High,77.04404031526082,C+
7894,20,Male,0.76,1.68,5.95,93.15,RPG,0.76,4.08,299.28,3.63,Medium,60.68,D-
7895,18,Male,2.37,6.59,4.52,85.86,RPG,1.76,4.08,285.21,3.46,Medium,60.38,D-
7896,24,Female,7.41,3.23,8.32,67.68,Casual,4.79,9.85,250.5,15.45,Low,33.45,F
7897,24,Female,3.43,9.13,8.61,71.4,Casual,1.7,4.68,271.3,7.53,Medium,91.3,A-
7898,22,Male,7.51,1.99,6.41,80.6,Casual,2.96,11.02,236.5,16.33,Low,22.98,F
7899,17,Male,7.93,8.59,6.13,73.18,RPG,0.29,12.18,236.71,15.56,Low,70.40679776613048,C-
7900,22,Male,4.21,1.8,6.7,60.2,RPG,0.32,7.33,269.32,12.92,Medium,41.18,F
7901,22,Other,2.3,1.23,5.13,61.63,Casual,2.12,6.12,299.29,7.04,Medium,40.15983780733696,F
7902,20,Male,6.33,3.12,5.49,90.71,Casual,3.02,8.93,241.1,12.24,Low,31.87,F
7903,24,Female,1.27,4,4.5,63.35,FPS,1.86,2.7,322.93,5.01,Medium,62.81,D-
7904,18,Female,2.02,6.64,6.23,97.12,Casual,0.9,5.18,291.34,5.46,Medium,92.42,A-
7905,19,Female,6.28,2.19,7.06,77.71,Casual,3.68,10.02,235.09,16.41,Low,38.19,F
7906,16,Female,3.47,4.94,8.65,90.33,RPG,0.7,9.38,287.25,9.69,Medium,80.21,B-
7907,21,Male,1.61,2.84,7.7,65.02,RPG,3.34,4.35,307.78,1.64,Medium,63.44,D
7908,19,Female,5.21,8.7,7.62,97.06,RPG,4.78,9.6,258.97,10.48,Low,100,A
7909,16,Male,5.86,1.4,5.54,61.35,FPS,2.35,10.97,250.01,16.56,Low,30.09911380999356,F
7910,17,Female,1,4.2,8.44,61.69,FPS,1,3.68,303.04,5.41,Medium,78.48,C+
7911,18,Male,2.22,6.68,8.73,62.18,Casual,4.21,7.87,286.01,4.61,Medium,84.6,B
7912,24,Female,1.77,9.22,8.66,64.14,RPG,2.53,4.46,292.7,7.67,Medium,100,A
7913,23,Male,3.04,8.81,4.19,79.47,FPS,4.62,8.89,286.65,11.06,High,88.36,B+
7914,22,Female,6.11,9.06,7.02,91.53,RPG,3.6,7.12,244.61,11.46,Low,85.49602597754,B
7915,19,Male,5.71,1.57,7.22,71.4,FPS,2.15,9.88,236.57,13.35,Low,35.939360328444366,F
7916,16,Female,5.3,8.57,5.48,89.83,Casual,3.09,10.25,252.19,8.67,High,89.15532864063994,B+
7917,23,Female,0.05,8.02,8.96,90.96,RPG,0.85,2.45,317.27,-0.1,Medium,100,A
7918,19,Male,1.14,9.12,5.46,96.33,RPG,1.94,2.73,311.42,2.65,High,99.36,A
7919,18,Female,1.79,3.8,5.08,65.97,FPS,2.97,2.91,301.44,4.76,Medium,70.87,C-
7920,24,Female,2.18,9.21,6.42,65.42,Casual,2.95,3.55,311.39,4.81,Medium,100,A
7921,19,Male,1.17,4.62,5.62,64.88,Casual,2.94,4.89,296.16,4.48,Medium,72.64,C-
7922,19,Female,3.28,6.71,8.62,74.37,Casual,3.72,8.48,286.17,7.22,Medium,86.37,B
7923,24,Female,0.6,4.82,6.2,79.58,RPG,0.53,1.92,319.15,2.51,Medium,94.88523698257433,A
7924,17,Female,6,4.85,6.05,78.46,Casual,0.37,7.57,250.79,16.15,Low,41.98,F
7925,20,Male,6.3,5.92,7.13,70.28,FPS,0.74,7.33,241.43,13.99,Low,50.89,F
7926,19,Male,4.59,4.2,4.41,84.88,FPS,3.96,7,258.08,10.45,Medium,51.54,F
7927,24,Female,0.72,8.13,7.78,73.53,RPG,0.32,6.33,310.95,2.76,Medium,100,A
7928,20,Male,7.12,6.7,7.84,74.64,FPS,1.13,9.5,216.68,14.72,Low,64.76832657201132,D
7929,24,Female,7.73,7.21,6.37,64.22,FPS,1.27,10.93,218,14.44,Low,48.28602943023497,F
7930,24,Male,1.62,3.08,8.78,83.69,RPG,3.24,3.51,290.81,1.29,Medium,86.02,B
7931,17,Male,5.64,9.73,6.9,86.21,RPG,2.01,7.22,257.36,11.93,Low,96.4207410318617,A
7932,24,Female,6.74,6.94,7.48,90.32,Casual,0.99,8.65,245.37,15.54,Low,63.67,D
7933,18,Female,4.32,2.77,8.62,96.16,FPS,2.25,6.37,257.44,7.95,Medium,66.64,D
7934,19,Female,2.59,7.75,7.33,90.64,Casual,3.43,4.24,275.84,8.4,Medium,100,A
7935,16,Male,3.83,2.56,6.16,69.43,FPS,3.93,8.79,259.41,9.02,Medium,47.04,F
7936,16,Male,4.1,1.57,4.12,69.43,RPG,0.62,7.49,280.58,9.72,Medium,32.52,F
7937,16,Male,3.21,5.75,7.64,96.6,FPS,3.57,6.91,290.63,10.16,Medium,87.77,B+
7938,24,Female,7.44,5.98,8.82,91.61,RPG,0.02,10.31,237.21,15.69,Low,56.92,F
7939,23,Female,5.95,2.7,6.35,91.29,Casual,3.62,8,263.63,14.18,Low,37.22,F
7940,20,Female,1.93,4.14,5.7,88.79,Casual,3.31,3.4,314.62,5.74,Medium,72.08,C-
7941,20,Male,4.68,9.51,6.6,70.69,FPS,2.34,6.06,253.91,8.7,Medium,79.82,C+
7942,24,Female,5.51,3.57,7.64,93.9,RPG,0.68,7.44,249.94,10.69,Low,48.84,F
7943,18,Male,1.12,2.4,4,65.72,RPG,3.82,6.37,314.36,7.31,Medium,63.85,D
7944,18,Female,2.87,9.93,8.44,74,FPS,0.36,4.95,257.95,9.42,Medium,100,A
7945,22,Male,7.24,3.72,8.43,73.86,Casual,4.48,10.01,230.61,17.12,Low,40.59,F
7946,24,Female,4.54,7.12,6.71,82.41,FPS,3.87,8.4,275.15,9.27,Medium,74.51,C
7947,21,Male,1.74,3.08,4.61,78.54,RPG,3.7,5.3,295.63,7,Medium,66.13,D
7948,17,Male,0.98,5.95,7.36,78.39,FPS,3.77,5.31,315.56,3.57,Medium,87.3,B+
7949,16,Male,4.15,4.48,4.69,82.14,FPS,0.34,6.12,250.2,6.75,Medium,69.99113844878812,D+
7950,17,Male,4.38,9.65,6.54,76.62,Casual,4.95,8,270.28,9.3,Medium,88.07,B+
7951,16,Male,2.68,4.9,4.47,70,FPS,4.29,7.52,283.23,7.33,Medium,60.73,D-
7952,24,Male,5.04,6.26,6.95,86.56,FPS,2.54,7.98,257.27,13.72,Low,78.53547951369971,C+
7953,23,Male,0.55,9.5,5.59,91.63,Casual,3.6,6.41,303.92,2.42,High,100,A
7954,22,Female,1.16,9.9,8.15,79.16,FPS,3.7,5.05,322.07,2.33,Medium,100,A
7955,18,Male,4.37,1.91,8,85.98,RPG,4.15,8.74,268.25,9.96,Medium,59.50395576763938,F
7956,23,Female,0.49,8.51,8.99,81.41,RPG,1.28,3.79,315.58,2.39,Medium,100,A
7957,17,Male,7.05,4.44,5.29,62.36,Casual,1.86,12.34,256.02,18.09,Low,32.9,F
7958,17,Female,1.14,6.35,4.31,76.92,Casual,4,4.4,297.07,5.05,Medium,86.87,B
7959,18,Female,5.39,4.38,6.22,60.39,Casual,3.84,11.1,256.72,9.14,Low,43.6,F
7960,22,Male,3.13,4.61,4.42,86.48,RPG,2.61,5.67,275.63,6.82,Medium,59.18,F
7961,16,Female,3.2,2.43,4.89,80.33,FPS,1.98,8.53,274.3,9.31,Medium,48.26,F
7962,23,Male,6.12,6.15,6.99,65.07,FPS,4.84,10.32,249.64,12.6,Low,63.83,D
7963,22,Female,4,5.92,6.96,81.69,Casual,2.08,9,269.18,8.94,Medium,70.44,C-
7964,19,Female,5.81,2.7,4.22,95.94,RPG,3.82,7,270.06,13.46,Low,36.97,F
7965,20,Male,4.04,5.88,6.21,73.62,FPS,2.06,6.43,289.34,10.64,Medium,65.09,D
7966,16,Male,4.74,9.76,6.65,99.29,Casual,1.55,9.98,261.5,11.75,Medium,97.3,A
7967,19,Male,6.09,7.43,5.34,98.38,FPS,3.2,8.68,231.51,14.28,High,70.69895648423511,C-
7968,16,Male,4.86,5.33,8.36,91.41,RPG,4.04,9.42,258.77,12.93,Medium,80.39,B-
7969,16,Female,4.92,9.24,4.81,92.55,Casual,4.91,10.88,271.44,10.63,High,82.46,B-
7970,16,Male,6.31,6.18,5.27,76.42,Casual,0.74,8.2,235.41,11.4,Low,47.99,F
7971,22,Male,7.59,2.22,4.78,76.1,FPS,4.38,10.68,244.97,15.94,Low,12.19,F
7972,22,Male,3.01,5.93,4.58,98.18,RPG,2.62,4.84,289.69,5.55,Medium,74.3,C
7973,19,Male,4.62,2.63,8.39,74.65,FPS,0.54,6.39,252.85,8.93,Medium,61.89,D-
7974,17,Male,0.69,7.91,5.39,63.87,RPG,3.97,4.86,305.12,3.27,High,100,A
7975,18,Female,2.87,9.7,7.61,66.11,RPG,1.66,4.83,280.37,6.54,Medium,97.4,A
7976,23,Male,3.3,4.25,6.14,88.42,Casual,4.34,6.71,272.34,3.18,Medium,65.07,D
7977,23,Female,6.68,4.91,7.18,75.32,FPS,0.79,12.57,228.39,16.5,Low,46.97,F
7978,21,Male,4.11,4.79,8.64,67.97,Casual,3.56,6.78,264.93,9.05,Medium,65.64023998330356,D
7979,24,Male,5.85,3.57,8.22,92.55,Casual,1.5,11.22,245.99,14.84,Low,59.50492101732094,F
7980,24,Female,0.15,8.15,4.34,79.55,RPG,1.29,3.13,331.19,0.51,High,91.06,A-
7981,19,Male,3.72,6.56,8.23,82.71,FPS,0.25,6.03,279.75,7.32,Medium,78.2,C+
7982,16,Male,7.21,1.58,6.26,66.16,FPS,2.41,9.89,238.46,14.98,Low,24.28,F
7983,16,Female,1.79,8.55,5.75,67.71,Casual,1.96,3.43,302.02,6.54,High,97.88064841871147,A
7984,20,Female,0.25,2.68,7.36,65.03,Casual,0.31,4.64,309.04,1.86,Medium,59.7,F
7985,17,Male,3.47,9.81,8.75,80.58,RPG,1.13,7.02,289.83,10.94,Medium,100,A
7986,21,Female,5.64,4.39,4.47,91.03,Casual,2.44,9.71,247.98,15.27,Low,46.13,F
7987,22,Female,3.64,6.55,7.84,89.29,RPG,4.04,6.16,272.96,7.86,Medium,81.3,B-
7988,16,Male,3.68,1.7,5.02,70.45,Casual,4.65,7.95,279.63,8.47,Medium,42.33,F
7989,21,Male,5.36,4.1,5.9,94.06,FPS,2.58,7.18,280.68,10.68,Low,52.82,F
7990,23,Male,2.04,8.22,8.37,64.23,Casual,2.02,6.3,289.87,5.92,Medium,100,A
7991,20,Male,6.02,5.29,6.73,64.56,Casual,4.77,7.43,231.47,11.63,Low,39.59,F
7992,22,Female,1.22,9.14,4.34,93.97,Casual,4.81,4.22,308.25,5.41,High,100,A
7993,21,Female,3.17,6.18,6.54,69.78,Casual,0.95,7.22,288.8,7.07,Medium,81.16,B-
7994,19,Female,5.25,9.36,7.95,88.32,FPS,2.66,10.53,252.66,14.87,Low,100,A
7995,22,Male,6.63,9.84,6.64,60.36,RPG,4.1,11.69,234.5,13.93,Low,74.98102143214105,C
7996,24,Male,6.33,5.09,4.83,63.74,FPS,4.11,9.96,231.33,11.14,Low,35.11,F
7997,22,Female,5.77,6.09,6.23,84.37,FPS,3.42,11.19,254.13,10.66,Low,60.8,D-
7998,20,Male,2.87,8.51,8.62,67.3,FPS,2.36,6.4,305,6.42,Medium,90.28,A-
7999,22,Female,0.98,2.99,7.29,61.13,FPS,2.02,4.57,325.36,2.14,Medium,56.33,F
8000,18,Female,1.73,8.75,7.65,78.68,RPG,4.03,6.33,302.25,4.05,Medium,100,A
